  0
SECTION
  2
HEADER
  9
$ACADVER
  1
AC1024
  9
$ACADMAINTVER
 70
6
  9
$DWGCODEPAGE
  3
ANSI_1252
  9
$LASTSAVEDBY
  1
ezdxf
  9
$INSBASE
 10
0.0
 20
0.0
 30
0.0
  9
$EXTMIN
 10
1e+20
 20
1e+20
 30
1e+20
  9
$EXTMAX
 10
-1e+20
 20
-1e+20
 30
-1e+20
  9
$LIMMIN
 10
0.0
 20
0.0
  9
$LIMMAX
 10
420.0
 20
297.0
  9
$ORTHOMODE
 70
0
  9
$REGENMODE
 70
1
  9
$FILLMODE
 70
1
  9
$QTEXTMODE
 70
0
  9
$MIRRTEXT
 70
1
  9
$LTSCALE
 40
1.0
  9
$ATTMODE
 70
1
  9
$TEXTSIZE
 40
2.5
  9
$TRACEWID
 40
1.0
  9
$TEXTSTYLE
  7
Standard
  9
$CLAYER
  8
0
  9
$CELTYPE
  6
ByLayer
  9
$CECOLOR
 62
256
  9
$CELTSCALE
 40
1.0
  9
$DISPSILH
 70
0
  9
$DIMSCALE
 40
1.0
  9
$DIMASZ
 40
2.5
  9
$DIMEXO
 40
0.625
  9
$DIMDLI
 40
3.75
  9
$DIMRND
 40
0.0
  9
$DIMDLE
 40
0.0
  9
$DIMEXE
 40
1.25
  9
$DIMTP
 40
0.0
  9
$DIMTM
 40
0.0
  9
$DIMTXT
 40
2.5
  9
$DIMCEN
 40
2.5
  9
$DIMTSZ
 40
0.0
  9
$DIMTOL
 70
0
  9
$DIMLIM
 70
0
  9
$DIMTIH
 70
0
  9
$DIMTOH
 70
0
  9
$DIMSE1
 70
0
  9
$DIMSE2
 70
0
  9
$DIMTAD
 70
1
  9
$DIMZIN
 70
8
  9
$DIMBLK
  1

  9
$DIMASO
 70
1
  9
$DIMSHO
 70
1
  9
$DIMPOST
  1

  9
$DIMAPOST
  1

  9
$DIMALT
 70
0
  9
$DIMALTD
 70
3
  9
$DIMALTF
 40
0.03937007874
  9
$DIMLFAC
 40
1.0
  9
$DIMTOFL
 70
1
  9
$DIMTVP
 40
0.0
  9
$DIMTIX
 70
0
  9
$DIMSOXD
 70
0
  9
$DIMSAH
 70
0
  9
$DIMBLK1
  1

  9
$DIMBLK2
  1

  9
$DIMSTYLE
  2
ISO-25
  9
$DIMCLRD
 70
0
  9
$DIMCLRE
 70
0
  9
$DIMCLRT
 70
0
  9
$DIMTFAC
 40
1.0
  9
$DIMGAP
 40
0.625
  9
$DIMJUST
 70
0
  9
$DIMSD1
 70
0
  9
$DIMSD2
 70
0
  9
$DIMTOLJ
 70
0
  9
$DIMTZIN
 70
8
  9
$DIMALTZ
 70
0
  9
$DIMALTTZ
 70
0
  9
$DIMUPT
 70
0
  9
$DIMDEC
 70
2
  9
$DIMTDEC
 70
2
  9
$DIMALTU
 70
2
  9
$DIMALTTD
 70
3
  9
$DIMTXSTY
  7
Standard
  9
$DIMAUNIT
 70
0
  9
$DIMADEC
 70
0
  9
$DIMALTRND
 40
0.0
  9
$DIMAZIN
 70
0
  9
$DIMDSEP
 70
44
  9
$DIMATFIT
 70
3
  9
$DIMFRAC
 70
0
  9
$DIMLDRBLK
  1

  9
$DIMLUNIT
 70
2
  9
$DIMLWD
 70
-2
  9
$DIMLWE
 70
-2
  9
$DIMTMOVE
 70
0
  9
$DIMFXL
 40
1.0
  9
$DIMFXLON
 70
0
  9
$DIMJOGANG
 40
0.785398163397
  9
$DIMTFILL
 70
0
  9
$DIMTFILLCLR
 70
0
  9
$DIMARCSYM
 70
0
  9
$DIMLTYPE
  6

  9
$DIMLTEX1
  6

  9
$DIMLTEX2
  6

  9
$DIMTXTDIRECTION
 70
0
  9
$LUNITS
 70
2
  9
$LUPREC
 70
4
  9
$SKETCHINC
 40
1.0
  9
$FILLETRAD
 40
10.0
  9
$AUNITS
 70
0
  9
$AUPREC
 70
2
  9
$MENU
  1
.
  9
$ELEVATION
 40
0.0
  9
$PELEVATION
 40
0.0
  9
$THICKNESS
 40
0.0
  9
$LIMCHECK
 70
0
  9
$CHAMFERA
 40
0.0
  9
$CHAMFERB
 40
0.0
  9
$CHAMFERC
 40
0.0
  9
$CHAMFERD
 40
0.0
  9
$SKPOLY
 70
0
  9
$TDCREATE
 40
2461288.9633680554
  9
$TDUCREATE
 40
2458532.153996898
  9
$TDUPDATE
 40
2461288.9633680554
  9
$TDUUPDATE
 40
2458532.1544311
  9
$TDINDWG
 40
0.0
  9
$TDUSRTIMER
 40
0.0
  9
$USRTIMER
 70
1
  9
$ANGBASE
 50
0.0
  9
$ANGDIR
 70
0
  9
$PDMODE
 70
0
  9
$PDSIZE
 40
0.0
  9
$PLINEWID
 40
0.0
  9
$SPLFRAME
 70
0
  9
$SPLINETYPE
 70
6
  9
$SPLINESEGS
 70
8
  9
$HANDSEED
  5
F8B
  9
$SURFTAB1
 70
6
  9
$SURFTAB2
 70
6
  9
$SURFTYPE
 70
6
  9
$SURFU
 70
6
  9
$SURFV
 70
6
  9
$UCSBASE
  2

  9
$UCSNAME
  2

  9
$UCSORG
 10
0.0
 20
0.0
 30
0.0
  9
$UCSXDIR
 10
1.0
 20
0.0
 30
0.0
  9
$UCSYDIR
 10
0.0
 20
1.0
 30
0.0
  9
$UCSORTHOREF
  2

  9
$UCSORTHOVIEW
 70
0
  9
$UCSORGTOP
 10
0.0
 20
0.0
 30
0.0
  9
$UCSORGBOTTOM
 10
0.0
 20
0.0
 30
0.0
  9
$UCSORGLEFT
 10
0.0
 20
0.0
 30
0.0
  9
$UCSORGRIGHT
 10
0.0
 20
0.0
 30
0.0
  9
$UCSORGFRONT
 10
0.0
 20
0.0
 30
0.0
  9
$UCSORGBACK
 10
0.0
 20
0.0
 30
0.0
  9
$PUCSBASE
  2

  9
$PUCSNAME
  2

  9
$PUCSORG
 10
0.0
 20
0.0
 30
0.0
  9
$PUCSXDIR
 10
1.0
 20
0.0
 30
0.0
  9
$PUCSYDIR
 10
0.0
 20
1.0
 30
0.0
  9
$PUCSORTHOREF
  2

  9
$PUCSORTHOVIEW
 70
0
  9
$PUCSORGTOP
 10
0.0
 20
0.0
 30
0.0
  9
$PUCSORGBOTTOM
 10
0.0
 20
0.0
 30
0.0
  9
$PUCSORGLEFT
 10
0.0
 20
0.0
 30
0.0
  9
$PUCSORGRIGHT
 10
0.0
 20
0.0
 30
0.0
  9
$PUCSORGFRONT
 10
0.0
 20
0.0
 30
0.0
  9
$PUCSORGBACK
 10
0.0
 20
0.0
 30
0.0
  9
$USERI1
 70
0
  9
$USERI2
 70
0
  9
$USERI3
 70
0
  9
$USERI4
 70
0
  9
$USERI5
 70
0
  9
$USERR1
 40
0.0
  9
$USERR2
 40
0.0
  9
$USERR3
 40
0.0
  9
$USERR4
 40
0.0
  9
$USERR5
 40
0.0
  9
$WORLDVIEW
 70
1
  9
$SHADEDGE
 70
3
  9
$SHADEDIF
 70
70
  9
$TILEMODE
 70
1
  9
$MAXACTVP
 70
64
  9
$PINSBASE
 10
0.0
 20
0.0
 30
0.0
  9
$PLIMCHECK
 70
0
  9
$PEXTMIN
 10
1e+20
 20
1e+20
 30
1e+20
  9
$PEXTMAX
 10
-1e+20
 20
-1e+20
 30
-1e+20
  9
$PLIMMIN
 10
0.0
 20
0.0
  9
$PLIMMAX
 10
420.0
 20
297.0
  9
$UNITMODE
 70
0
  9
$VISRETAIN
 70
1
  9
$PLINEGEN
 70
0
  9
$PSLTSCALE
 70
1
  9
$TREEDEPTH
 70
3020
  9
$CMLSTYLE
  2
Standard
  9
$CMLJUST
 70
0
  9
$CMLSCALE
 40
20.0
  9
$PROXYGRAPHICS
 70
1
  9
$MEASUREMENT
 70
1
  9
$CELWEIGHT
370
-1
  9
$ENDCAPS
280
0
  9
$JOINSTYLE
280
0
  9
$LWDISPLAY
290
0
  9
$INSUNITS
 70
4
  9
$HYPERLINKBASE
  1

  9
$STYLESHEET
  1

  9
$XEDIT
290
1
  9
$CEPSNTYPE
380
0
  9
$PSTYLEMODE
290
1
  9
$FINGERPRINTGUID
  2
{15F7C986-ABB3-4ED8-B86F-DEC1DB7C91A9}
  9
$VERSIONGUID
  2
{9FD84ABE-A5BA-4CBB-9C88-84676B4DD633}
  9
$EXTNAMES
290
1
  9
$PSVPSCALE
 40
0.0
  9
$OLESTARTUP
290
0
  9
$SORTENTS
280
127
  9
$INDEXCTL
280
0
  9
$HIDETEXT
280
1
  9
$XCLIPFRAME
280
1
  9
$HALOGAP
280
0
  9
$OBSCOLOR
 70
257
  9
$OBSLTYPE
280
0
  9
$INTERSECTIONDISPLAY
280
0
  9
$INTERSECTIONCOLOR
 70
257
  9
$DIMASSOC
280
2
  9
$PROJECTNAME
  1

  9
$CAMERADISPLAY
290
0
  9
$LENSLENGTH
 40
50.0
  9
$CAMERAHEIGHT
 40
0.0
  9
$STEPSPERSEC
 40
24.0
  9
$STEPSIZE
 40
100.0
  9
$3DDWFPREC
 40
2.0
  9
$PSOLWIDTH
 40
0.005
  9
$PSOLHEIGHT
 40
0.08
  9
$LOFTANG1
 40
1.570796326795
  9
$LOFTANG2
 40
1.570796326795
  9
$LOFTMAG1
 40
0.0
  9
$LOFTMAG2
 40
0.0
  9
$LOFTPARAM
 70
7
  9
$LOFTNORMALS
280
1
  9
$LATITUDE
 40
37.795
  9
$LONGITUDE
 40
-122.394
  9
$NORTHDIRECTION
 40
0.0
  9
$TIMEZONE
 70
-8000
  9
$LIGHTGLYPHDISPLAY
280
1
  9
$TILEMODELIGHTSYNCH
280
1
  9
$CMATERIAL
347
20
  9
$SOLIDHIST
280
0
  9
$SHOWHIST
280
1
  9
$DWFFRAME
280
2
  9
$DGNFRAME
280
2
  9
$REALWORLDSCALE
290
1
  9
$INTERFERECOLOR
 62
256
  9
$CSHADOW
280
0
  9
$SHADOWPLANELOCATION
 40
0.0
  0
ENDSEC
  0
SECTION
  2
CLASSES
  0
CLASS
  1
ACDBDICTIONARYWDFLT
  2
AcDbDictionaryWithDefault
  3
ObjectDBX Classes
 90
0
 91
0
280
0
281
0
  0
CLASS
  1
SUN
  2
AcDbSun
  3
SCENEOE
 90
1153
 91
0
280
0
281
0
  0
CLASS
  1
VISUALSTYLE
  2
AcDbVisualStyle
  3
ObjectDBX Classes
 90
4095
 91
0
280
0
281
0
  0
CLASS
  1
MATERIAL
  2
AcDbMaterial
  3
ObjectDBX Classes
 90
1153
 91
0
280
0
281
0
  0
CLASS
  1
SCALE
  2
AcDbScale
  3
ObjectDBX Classes
 90
1153
 91
0
280
0
281
0
  0
CLASS
  1
TABLESTYLE
  2
AcDbTableStyle
  3
ObjectDBX Classes
 90
4095
 91
0
280
0
281
0
  0
CLASS
  1
MLEADERSTYLE
  2
AcDbMLeaderStyle
  3
ACDB_MLEADERSTYLE_CLASS
 90
4095
 91
0
280
0
281
0
  0
CLASS
  1
DICTIONARYVAR
  2
AcDbDictionaryVar
  3
ObjectDBX Classes
 90
0
 91
0
280
0
281
0
  0
CLASS
  1
CELLSTYLEMAP
  2
AcDbCellStyleMap
  3
ObjectDBX Classes
 90
1152
 91
0
280
0
281
0
  0
CLASS
  1
MENTALRAYRENDERSETTINGS
  2
AcDbMentalRayRenderSettings
  3
SCENEOE
 90
1024
 91
0
280
0
281
0
  0
CLASS
  1
ACDBDETAILVIEWSTYLE
  2
AcDbDetailViewStyle
  3
ObjectDBX Classes
 90
1025
 91
0
280
0
281
0
  0
CLASS
  1
ACDBSECTIONVIEWSTYLE
  2
AcDbSectionViewStyle
  3
ObjectDBX Classes
 90
1025
 91
0
280
0
281
0
  0
CLASS
  1
RASTERVARIABLES
  2
AcDbRasterVariables
  3
ISM
 90
0
 91
0
280
0
281
0
  0
CLASS
  1
ACDBPLACEHOLDER
  2
AcDbPlaceHolder
  3
ObjectDBX Classes
 90
0
 91
0
280
0
281
0
  0
CLASS
  1
LAYOUT
  2
AcDbLayout
  3
ObjectDBX Classes
 90
0
 91
0
280
0
281
0
  0
ENDSEC
  0
SECTION
  2
TABLES
  0
TABLE
  2
VPORT
  5
8
330
0
100
AcDbSymbolTable
 70
1
  0
VPORT
  5
23
330
8
100
AcDbSymbolTableRecord
100
AcDbViewportTableRecord
  2
*Active
 70
0
 10
0.0
 20
0.0
 11
1.0
 21
1.0
 12
0.0
 22
0.0
 13
0.0
 23
0.0
 14
0.5
 24
0.5
 15
0.5
 25
0.5
 16
0.0
 26
0.0
 36
1.0
 17
0.0
 27
0.0
 37
0.0
 40
1000.0
 41
1.34
 42
50.0
 43
0.0
 44
0.0
 50
0.0
 51
0.0
 71
0
 72
1000
 73
1
 74
3
 75
0
 76
0
 77
0
 78
0
281
0
 65
0
146
0.0
  0
ENDTAB
  0
TABLE
  2
LTYPE
  5
2
330
0
100
AcDbSymbolTable
 70
3
  0
LTYPE
  5
24
330
2
100
AcDbSymbolTableRecord
100
AcDbLinetypeTableRecord
  2
ByBlock
 70
0
  3

 72
65
 73
0
 40
0.0
  0
LTYPE
  5
25
330
2
100
AcDbSymbolTableRecord
100
AcDbLinetypeTableRecord
  2
ByLayer
 70
0
  3

 72
65
 73
0
 40
0.0
  0
LTYPE
  5
26
330
2
100
AcDbSymbolTableRecord
100
AcDbLinetypeTableRecord
  2
Continuous
 70
0
  3

 72
65
 73
0
 40
0.0
  0
ENDTAB
  0
TABLE
  2
LAYER
  5
1
330
0
100
AcDbSymbolTable
 70
36
  0
LAYER
  5
27
330
1
100
AcDbSymbolTableRecord
100
AcDbLayerTableRecord
  2
0
 70
0
 62
7
  6
Continuous
370
-3
390
13
347
21
  0
LAYER
  5
28
330
1
100
AcDbSymbolTableRecord
100
AcDbLayerTableRecord
  2
Defpoints
 70
0
 62
7
  6
Continuous
290
0
370
-3
390
13
347
21
  0
LAYER
  5
F66
330
1
100
AcDbSymbolTableRecord
100
AcDbLayerTableRecord
  2
ANTET1
 70
0
 62
7
  6
Continuous
370
-3
390
13
347
21
  0
LAYER
  5
F67
330
1
100
AcDbSymbolTableRecord
100
AcDbLayerTableRecord
  2
KM Temel Kesik
 70
0
 62
7
  6
Continuous
370
-3
390
13
347
21
  0
LAYER
  5
F68
330
1
100
AcDbSymbolTableRecord
100
AcDbLayerTableRecord
  2
KM Grobeton
 70
0
 62
7
  6
Continuous
370
-3
390
13
347
21
  0
LAYER
  5
F69
330
1
100
AcDbSymbolTableRecord
100
AcDbLayerTableRecord
  2
KM Temel Alt Bilgi Yazısı
 70
0
 62
7
  6
Continuous
370
-3
390
13
347
21
  0
LAYER
  5
F6A
330
1
100
AcDbSymbolTableRecord
100
AcDbLayerTableRecord
  2
KM Perde Markası
 70
0
 62
7
  6
Continuous
370
-3
390
13
347
21
  0
LAYER
  5
F6B
330
1
100
AcDbSymbolTableRecord
100
AcDbLayerTableRecord
  2
KM Temel Kot Plan
 70
0
 62
7
  6
Continuous
370
-3
390
13
347
21
  0
LAYER
  5
F6C
330
1
100
AcDbSymbolTableRecord
100
AcDbLayerTableRecord
  2
KM Kolon Tarama
 70
0
 62
7
  6
Continuous
370
-3
390
13
347
21
  0
LAYER
  5
F6D
330
1
100
AcDbSymbolTableRecord
100
AcDbLayerTableRecord
  2
VM Kesit Yazı
 70
0
 62
7
  6
Continuous
370
-3
390
13
347
21
  0
LAYER
  5
F6E
330
1
100
AcDbSymbolTableRecord
100
AcDbLayerTableRecord
  2
KM Kolon Markası
 70
0
 62
7
  6
Continuous
370
-3
390
13
347
21
  0
LAYER
  5
F6F
330
1
100
AcDbSymbolTableRecord
100
AcDbLayerTableRecord
  2
xref_antet-100$0$REVIZYON TABLOSU
 70
0
 62
7
  6
Continuous
370
-3
390
13
347
21
  0
LAYER
  5
F70
330
1
100
AcDbSymbolTableRecord
100
AcDbLayerTableRecord
  2
KM Kolon
 70
0
 62
7
  6
Continuous
370
-3
390
13
347
21
  0
LAYER
  5
F71
330
1
100
AcDbSymbolTableRecord
100
AcDbLayerTableRecord
  2
VM Aks Markası
 70
0
 62
7
  6
Continuous
370
-3
390
13
347
21
  0
LAYER
  5
F72
330
1
100
AcDbSymbolTableRecord
100
AcDbLayerTableRecord
  2
xref_antet-100$0$ANTET2
 70
0
 62
7
  6
Continuous
370
-3
390
13
347
21
  0
LAYER
  5
F73
330
1
100
AcDbSymbolTableRecord
100
AcDbLayerTableRecord
  2
xref_antet-100$0$ANTET1
 70
0
 62
7
  6
Continuous
370
-3
390
13
347
21
  0
LAYER
  5
F74
330
1
100
AcDbSymbolTableRecord
100
AcDbLayerTableRecord
  2
VM Kot kesit
 70
0
 62
7
  6
Continuous
370
-3
390
13
347
21
  0
LAYER
  5
F75
330
1
100
AcDbSymbolTableRecord
100
AcDbLayerTableRecord
  2
VM Kesit görünüş
 70
0
 62
7
  6
Continuous
370
-3
390
13
347
21
  0
LAYER
  5
F76
330
1
100
AcDbSymbolTableRecord
100
AcDbLayerTableRecord
  2
xref_antet-100$0$CIZGI1
 70
0
 62
7
  6
Continuous
370
-3
390
13
347
21
  0
LAYER
  5
F77
330
1
100
AcDbSymbolTableRecord
100
AcDbLayerTableRecord
  2
KM İç Ölçü 100
 70
0
 62
7
  6
Continuous
370
-3
390
13
347
21
  0
LAYER
  5
F78
330
1
100
AcDbSymbolTableRecord
100
AcDbLayerTableRecord
  2
KM Perde
 70
0
 62
7
  6
Continuous
370
-3
390
13
347
21
  0
LAYER
  5
F79
330
1
100
AcDbSymbolTableRecord
100
AcDbLayerTableRecord
  2
VM Pafta
 70
0
 62
7
  6
Continuous
370
-3
390
13
347
21
  0
LAYER
  5
F7A
330
1
100
AcDbSymbolTableRecord
100
AcDbLayerTableRecord
  2
aksyazı
 70
0
 62
7
  6
Continuous
370
-3
390
13
347
21
  0
LAYER
  5
F7B
330
1
100
AcDbSymbolTableRecord
100
AcDbLayerTableRecord
  2
xref_antet-100$0$YAZI4
 70
0
 62
7
  6
Continuous
370
-3
390
13
347
21
  0
LAYER
  5
F7C
330
1
100
AcDbSymbolTableRecord
100
AcDbLayerTableRecord
  2
xref_antet-100$0$ANTETYAZI3
 70
0
 62
7
  6
Continuous
370
-3
390
13
347
21
  0
LAYER
  5
F7D
330
1
100
AcDbSymbolTableRecord
100
AcDbLayerTableRecord
  2
KM Aks
 70
0
 62
7
  6
Continuous
370
-3
390
13
347
21
  0
LAYER
  5
F7E
330
1
100
AcDbSymbolTableRecord
100
AcDbLayerTableRecord
  2
KM Dış Ölçü 100
 70
0
 62
7
  6
Continuous
370
-3
390
13
347
21
  0
LAYER
  5
F7F
330
1
100
AcDbSymbolTableRecord
100
AcDbLayerTableRecord
  2
VM Blok İsmi
 70
0
 62
7
  6
Continuous
370
-3
390
13
347
21
  0
LAYER
  5
F80
330
1
100
AcDbSymbolTableRecord
100
AcDbLayerTableRecord
  2
xref_antet-100$0$ANTETYAZI2
 70
0
 62
7
  6
Continuous
370
-3
390
13
347
21
  0
LAYER
  5
F81
330
1
100
AcDbSymbolTableRecord
100
AcDbLayerTableRecord
  2
KM Kesit
 70
0
 62
7
  6
Continuous
370
-3
390
13
347
21
  0
LAYER
  5
F82
330
1
100
AcDbSymbolTableRecord
100
AcDbLayerTableRecord
  2
KM Temel Marka
 70
0
 62
7
  6
Continuous
370
-3
390
13
347
21
  0
LAYER
  5
F83
330
1
100
AcDbSymbolTableRecord
100
AcDbLayerTableRecord
  2
KM Kesik
 70
0
 62
7
  6
Continuous
370
-3
390
13
347
21
  0
LAYER
  5
F84
330
1
100
AcDbSymbolTableRecord
100
AcDbLayerTableRecord
  2
xref_antet-100$0$ANTETYAZI1
 70
0
 62
7
  6
Continuous
370
-3
390
13
347
21
  0
LAYER
  5
F85
330
1
100
AcDbSymbolTableRecord
100
AcDbLayerTableRecord
  2
xref_antet-100$0$NOTYAZILARI
 70
0
 62
7
  6
Continuous
370
-3
390
13
347
21
  0
LAYER
  5
F86
330
1
100
AcDbSymbolTableRecord
100
AcDbLayerTableRecord
  2
VM Kesit Simge
 70
0
 62
7
  6
Continuous
370
-3
390
13
347
21
  0
LAYER
  5
F87
330
1
100
AcDbSymbolTableRecord
100
AcDbLayerTableRecord
  2
KM Temel
 70
0
 62
7
  6
Continuous
370
-3
390
13
347
21
  0
ENDTAB
  0
TABLE
  2
STYLE
  5
5
330
0
100
AcDbSymbolTable
 70
1
  0
STYLE
  5
29
330
5
100
AcDbSymbolTableRecord
100
AcDbTextStyleTableRecord
  2
Standard
 70
0
 40
0.0
 41
1.0
 50
0.0
 71
0
 42
2.5
  3
txt
  4

  0
ENDTAB
  0
TABLE
  2
VIEW
  5
7
330
0
100
AcDbSymbolTable
 70
0
  0
ENDTAB
  0
TABLE
  2
UCS
  5
6
330
0
100
AcDbSymbolTable
 70
0
  0
ENDTAB
  0
TABLE
  2
APPID
  5
3
330
0
100
AcDbSymbolTable
 70
3
  0
APPID
  5
2A
330
3
100
AcDbSymbolTableRecord
100
AcDbRegAppTableRecord
  2
ACAD
 70
0
  0
APPID
  5
F88
330
3
100
AcDbSymbolTableRecord
100
AcDbRegAppTableRecord
  2
HATCHBACKGROUNDCOLOR
 70
0
  0
APPID
  5
F89
330
3
100
AcDbSymbolTableRecord
100
AcDbRegAppTableRecord
  2
EZDXF
 70
0
  0
ENDTAB
  0
TABLE
  2
DIMSTYLE
  5
4
330
0
100
AcDbSymbolTable
 70
1
100
AcDbDimStyleTable
  0
DIMSTYLE
105
2B
330
4
100
AcDbSymbolTableRecord
100
AcDbDimStyleTableRecord
  2
Standard
 70
0
 40
1.0
 41
2.5
 42
0.625
 43
3.75
 44
1.25
 45
0.0
 46
0.0
 47
0.0
 48
0.0
 49
2.5
140
2.5
141
2.5
142
0.0
143
0.03937007874
144
1.0
145
0.0
146
1.0
147
0.625
148
0.0
 69
0
 70
0
 71
0
 72
0
 73
0
 74
0
 75
0
 76
0
 77
1
 78
8
 79
3
170
0
171
3
172
1
173
0
174
0
175
0
176
0
177
0
178
0
179
2
271
2
272
2
273
2
274
3
275
0
276
0
277
2
278
44
279
0
280
0
281
0
282
0
283
0
284
8
285
0
286
0
288
0
289
3
290
0
371
-2
372
-2
  0
ENDTAB
  0
TABLE
  2
BLOCK_RECORD
  5
9
330
0
100
AcDbSymbolTable
 70
2
  0
BLOCK_RECORD
  5
17
330
9
100
AcDbSymbolTableRecord
100
AcDbBlockTableRecord
  2
*Model_Space
340
1A
 70
0
280
1
281
0
  0
BLOCK_RECORD
  5
1B
330
9
100
AcDbSymbolTableRecord
100
AcDbBlockTableRecord
  2
*Paper_Space
340
1E
 70
0
280
1
281
0
  0
ENDTAB
  0
ENDSEC
  0
SECTION
  2
BLOCKS
  0
BLOCK
  5
18
330
17
100
AcDbEntity
  8
0
100
AcDbBlockBegin
  2
*Model_Space
 70
0
 10
0.0
 20
0.0
 30
0.0
  3
*Model_Space
  1

  0
ENDBLK
  5
19
330
17
100
AcDbEntity
  8
0
100
AcDbBlockEnd
  0
BLOCK
  5
1C
330
1B
100
AcDbEntity
  8
0
100
AcDbBlockBegin
  2
*Paper_Space
 70
0
 10
0.0
 20
0.0
 30
0.0
  3
*Paper_Space
  1

  0
ENDBLK
  5
1D
330
1B
100
AcDbEntity
  8
0
100
AcDbBlockEnd
  0
ENDSEC
  0
SECTION
  2
ENTITIES
  0
LINE
  5
2F
330
17
100
AcDbEntity
  8
KM Kesik
100
AcDbLine
 10
-828405.5182186397
 20
-74691.43858965566
 30
0.0
 11
-828405.5182186397
 21
-74915.52411493589
 31
0.0
  0
LINE
  5
30
330
17
100
AcDbEntity
  8
VM Kesit görünüş
100
AcDbLine
 10
-828255.5182186397
 20
-74691.43858965566
 30
0.0
 11
-828255.5182186397
 21
-74849.43858965568
 31
0.0
  0
LINE
  5
31
330
17
100
AcDbEntity
  8
VM Kesit görünüş
100
AcDbLine
 10
-828155.5159298214
 20
-74691.43858965566
 30
0.0
 11
-828155.5159298214
 21
-74849.43858965568
 31
0.0
  0
LINE
  5
32
330
17
100
AcDbEntity
  8
VM Kesit görünüş
100
AcDbLine
 10
-827630.5182186398
 20
-74691.43858965566
 30
0.0
 11
-827630.5182186398
 21
-74849.43858965568
 31
0.0
  0
LINE
  5
33
330
17
100
AcDbEntity
  8
VM Kesit görünüş
100
AcDbLine
 10
-827530.5159298214
 20
-74691.43858965566
 30
0.0
 11
-827530.5159298214
 21
-74849.43858965568
 31
0.0
  0
LINE
  5
34
330
17
100
AcDbEntity
  8
VM Kesit görünüş
100
AcDbLine
 10
-826980.5176464352
 20
-74691.43858965566
 30
0.0
 11
-826980.5176464352
 21
-74849.43858965568
 31
0.0
  0
LINE
  5
35
330
17
100
AcDbEntity
  8
VM Kesit görünüş
100
AcDbLine
 10
-826880.5153576169
 20
-74691.43858965566
 30
0.0
 11
-826880.5153576169
 21
-74849.43858965568
 31
0.0
  0
LINE
  5
36
330
17
100
AcDbEntity
  8
VM Kesit görünüş
100
AcDbLine
 10
-826110.5187145505
 20
-74691.43858965566
 30
0.0
 11
-826110.5187145505
 21
-74849.43858965568
 31
0.0
  0
LINE
  5
37
330
17
100
AcDbEntity
  8
VM Kesit görünüş
100
AcDbLine
 10
-826010.516425732
 20
-74691.43858965566
 30
0.0
 11
-826010.516425732
 21
-74849.43858965568
 31
0.0
  0
LINE
  5
38
330
17
100
AcDbEntity
  8
VM Kesit görünüş
100
AcDbLine
 10
-825255.5163112913
 20
-74691.43858965566
 30
0.0
 11
-825255.5163112913
 21
-74849.43858965568
 31
0.0
  0
LINE
  5
39
330
17
100
AcDbEntity
  8
VM Kesit görünüş
100
AcDbLine
 10
-825155.5187908444
 20
-74691.43858965566
 30
0.0
 11
-825155.5187908444
 21
-74849.43858965568
 31
0.0
  0
LINE
  5
3A
330
17
100
AcDbEntity
  8
KM Kesit
100
AcDbLine
 10
-824435.5188289913
 20
-74919.43858965568
 30
0.0
 11
-824435.5188289913
 21
-75069.43858965566
 31
0.0
  0
LINE
  5
3B
330
17
100
AcDbEntity
  8
KM Kesit
100
AcDbLine
 10
-824365.5188289913
 20
-74691.43858965566
 30
0.0
 11
-824365.5188289913
 21
-74999.43858965568
 31
0.0
  0
LINE
  5
3C
330
17
100
AcDbEntity
  8
KM Kesit
100
AcDbLine
 10
-824130.5191723141
 20
-74691.43858965566
 30
0.0
 11
-824130.5191723141
 21
-74999.43858965568
 31
0.0
  0
LINE
  5
3D
330
17
100
AcDbEntity
  8
KM Kesit
100
AcDbLine
 10
-823566.520949963
 20
-74691.43858965566
 30
0.0
 11
-823566.520949963
 21
-74999.43858965556
 31
0.0
  0
LINE
  5
3E
330
17
100
AcDbEntity
  8
KM Kesit
100
AcDbLine
 10
-823021.5199199948
 20
-74691.43858965566
 30
0.0
 11
-823021.5199199948
 21
-74999.43858965568
 31
0.0
  0
LINE
  5
3F
330
17
100
AcDbEntity
  8
KM Kesit
100
AcDbLine
 10
-822951.5199199948
 20
-74919.43858965568
 30
0.0
 11
-822951.5199199948
 21
-75069.43858965566
 31
0.0
  0
LINE
  5
40
330
17
100
AcDbEntity
  8
VM Kesit görünüş
100
AcDbLine
 10
-822767.5183025631
 20
-74691.43858965566
 30
0.0
 11
-822767.5183025631
 21
-74849.43858965568
 31
0.0
  0
LINE
  5
41
330
17
100
AcDbEntity
  8
VM Kesit görünüş
100
AcDbLine
 10
-822667.5160137448
 20
-74691.43858965566
 30
0.0
 11
-822667.5160137448
 21
-74849.43858965568
 31
0.0
  0
LINE
  5
42
330
17
100
AcDbEntity
  8
VM Kesit görünüş
100
AcDbLine
 10
-821980.5176464353
 20
-74691.43858965566
 30
0.0
 11
-821980.5176464353
 21
-74849.43858965568
 31
0.0
  0
LINE
  5
43
330
17
100
AcDbEntity
  8
VM Kesit görünüş
100
AcDbLine
 10
-821880.5201259884
 20
-74691.43858965566
 30
0.0
 11
-821880.5201259884
 21
-74849.43858965568
 31
0.0
  0
LINE
  5
44
330
17
100
AcDbEntity
  8
VM Kesit görünüş
100
AcDbLine
 10
-821130.5172649655
 20
-74691.43858965566
 30
0.0
 11
-821130.5172649655
 21
-74849.43858965568
 31
0.0
  0
LINE
  5
45
330
17
100
AcDbEntity
  8
VM Kesit görünüş
100
AcDbLine
 10
-821030.5197445187
 20
-74691.43858965566
 30
0.0
 11
-821030.5197445187
 21
-74849.43858965568
 31
0.0
  0
LINE
  5
46
330
17
100
AcDbEntity
  8
VM Kesit görünüş
100
AcDbLine
 10
-819970.5202785763
 20
-74691.43858965566
 30
0.0
 11
-819970.5202785763
 21
-74849.43858965568
 31
0.0
  0
LINE
  5
47
330
17
100
AcDbEntity
  8
VM Kesit görünüş
100
AcDbLine
 10
-819870.5179897579
 20
-74691.43858965566
 30
0.0
 11
-819870.5179897579
 21
-74849.43858965568
 31
0.0
  0
LINE
  5
48
330
17
100
AcDbEntity
  8
VM Kesit görünüş
100
AcDbLine
 10
-819105.5186001095
 20
-74691.43858965566
 30
0.0
 11
-819105.5186001095
 21
-74849.43858965568
 31
0.0
  0
LINE
  5
49
330
17
100
AcDbEntity
  8
VM Kesit görünüş
100
AcDbLine
 10
-819005.5163112913
 20
-74691.43858965566
 30
0.0
 11
-819005.5163112913
 21
-74849.43858965568
 31
0.0
  0
LINE
  5
4A
330
17
100
AcDbEntity
  8
VM Kesit görünüş
100
AcDbLine
 10
-818292.5160137449
 20
-74691.43858965566
 30
0.0
 11
-818292.5160137449
 21
-74849.43858965568
 31
0.0
  0
LINE
  5
4B
330
17
100
AcDbEntity
  8
VM Kesit görünüş
100
AcDbLine
 10
-818192.518493298
 20
-74691.43858965566
 30
0.0
 11
-818192.518493298
 21
-74849.43858965568
 31
0.0
  0
LINE
  5
4C
330
17
100
AcDbEntity
  8
KM Kesit
100
AcDbLine
 10
-817522.5196758542
 20
-74919.43858965568
 30
0.0
 11
-817522.5196758542
 21
-75069.43858965566
 31
0.0
  0
LINE
  5
4D
330
17
100
AcDbEntity
  8
KM Kesit
100
AcDbLine
 10
-817452.5172916685
 20
-74691.43858965566
 30
0.0
 11
-817452.5172916685
 21
-74999.43858965568
 31
0.0
  0
LINE
  5
4E
330
17
100
AcDbEntity
  8
KM Kesit
100
AcDbLine
 10
-817217.520019177
 20
-74691.43858965566
 30
0.0
 11
-817217.520019177
 21
-74999.43858965568
 31
0.0
  0
LINE
  5
4F
330
17
100
AcDbEntity
  8
KM Kesit
100
AcDbLine
 10
-816653.5170284543
 20
-74691.43858965566
 30
0.0
 11
-816653.5170284543
 21
-74999.43858965568
 31
0.0
  0
LINE
  5
50
330
17
100
AcDbEntity
  8
KM Kesit
100
AcDbLine
 10
-816108.5207668575
 20
-74691.43858965566
 30
0.0
 11
-816108.5207668575
 21
-74999.43858965568
 31
0.0
  0
LINE
  5
51
330
17
100
AcDbEntity
  8
KM Kesit
100
AcDbLine
 10
-816038.5207668575
 20
-74919.43858965568
 30
0.0
 11
-816038.5207668575
 21
-75069.43858965566
 31
0.0
  0
LINE
  5
52
330
17
100
AcDbEntity
  8
VM Kesit görünüş
100
AcDbLine
 10
-815653.5179821285
 20
-74691.43858965566
 30
0.0
 11
-815653.5179821285
 21
-74849.43858965568
 31
0.0
  0
LINE
  5
53
330
17
100
AcDbEntity
  8
VM Kesit görünüş
100
AcDbLine
 10
-815553.5156933103
 20
-74691.43858965566
 30
0.0
 11
-815553.5156933103
 21
-74849.43858965568
 31
0.0
  0
LINE
  5
54
330
17
100
AcDbEntity
  8
VM Kesit görünüş
100
AcDbLine
 10
-814825.5188671383
 20
-74691.43858965566
 30
0.0
 11
-814825.5188671383
 21
-74849.43858965568
 31
0.0
  0
LINE
  5
55
330
17
100
AcDbEntity
  8
VM Kesit görünüş
100
AcDbLine
 10
-814725.51657832
 20
-74691.43858965566
 30
0.0
 11
-814725.51657832
 21
-74849.43858965568
 31
0.0
  0
LINE
  5
56
330
17
100
AcDbEntity
  8
VM Kesit görünüş
100
AcDbLine
 10
-814127.5198665891
 20
-74691.43858965566
 30
0.0
 11
-814127.5198665891
 21
-74849.43858965568
 31
0.0
  0
LINE
  5
57
330
17
100
AcDbEntity
  8
VM Kesit görünüş
100
AcDbLine
 10
-814027.5175777707
 20
-74691.43858965566
 30
0.0
 11
-814027.5175777707
 21
-74849.43858965568
 31
0.0
  0
LINE
  5
58
330
17
100
AcDbEntity
  8
VM Kesit görünüş
100
AcDbLine
 10
-813445.5187526974
 20
-74691.43858965566
 30
0.0
 11
-813445.5187526974
 21
-74849.43858965568
 31
0.0
  0
LINE
  5
59
330
17
100
AcDbEntity
  8
VM Kesit görünüş
100
AcDbLine
 10
-813345.5164638791
 20
-74691.43858965566
 30
0.0
 11
-813345.5164638791
 21
-74849.43858965568
 31
0.0
  0
LINE
  5
5A
330
17
100
AcDbEntity
  8
VM Kesit görünüş
100
AcDbLine
 10
-812845.5145565304
 20
-74691.43858965566
 30
0.0
 11
-812845.5145565304
 21
-74849.43858965568
 31
0.0
  0
LINE
  5
5B
330
17
100
AcDbEntity
  8
VM Kesit görünüş
100
AcDbLine
 10
-812745.5170360837
 20
-74691.43858965566
 30
0.0
 11
-812745.5170360837
 21
-74849.43858965568
 31
0.0
  0
LINE
  5
5C
330
17
100
AcDbEntity
  8
VM Kesit görünüş
100
AcDbLine
 10
-811995.5141750606
 20
-74691.43858965566
 30
0.0
 11
-811995.5141750606
 21
-74849.43858965568
 31
0.0
  0
LINE
  5
5D
330
17
100
AcDbEntity
  8
VM Kesit görünüş
100
AcDbLine
 10
-811895.516654614
 20
-74691.43858965566
 30
0.0
 11
-811895.516654614
 21
-74849.43858965568
 31
0.0
  0
LINE
  5
5E
330
17
100
AcDbEntity
  8
KM Kesik
100
AcDbLine
 10
-811745.5190387998
 20
-74691.43858965566
 30
0.0
 11
-811745.5190387998
 21
-74911.96335993812
 31
0.0
  0
LINE
  5
5F
330
17
100
AcDbEntity
  8
KM Kesit
100
AcDbLine
 10
-811745.5190387998
 20
-74849.43858965568
 30
0.0
 11
-816068.5188976559
 21
-74849.43858965568
 31
0.0
  0
LINE
  5
60
330
17
100
AcDbEntity
  8
KM Kesit
100
AcDbLine
 10
-817492.5167766842
 20
-74849.43858965568
 30
0.0
 11
-822981.5180507932
 21
-74849.43858965568
 31
0.0
  0
LINE
  5
61
330
17
100
AcDbEntity
  8
KM Kesit
100
AcDbLine
 10
-823606.5180507932
 20
-74849.43858965568
 30
0.0
 11
-824090.5173031125
 21
-74849.43858965568
 31
0.0
  0
LINE
  5
62
330
17
100
AcDbEntity
  8
KM Kesit
100
AcDbLine
 10
-824405.5206981931
 20
-74849.43858965568
 30
0.0
 11
-828405.5182186397
 21
-74849.43858965568
 31
0.0
  0
LINE
  5
63
330
17
100
AcDbEntity
  8
KM Kesit
100
AcDbLine
 10
-813877.5199619564
 20
-74919.43858965568
 30
0.0
 11
-816038.5207668575
 21
-74919.43858965568
 31
0.0
  0
LINE
  5
64
330
17
100
AcDbEntity
  8
KM Kesit
100
AcDbLine
 10
-817522.5196758542
 20
-74919.43858965568
 30
0.0
 11
-822951.5199199948
 21
-74919.43858965568
 31
0.0
  0
LINE
  5
65
330
17
100
AcDbEntity
  8
KM Kesit
100
AcDbLine
 10
-824435.5188289913
 20
-74919.43858965568
 30
0.0
 11
-827130.5188385282
 21
-74919.43858965568
 31
0.0
  0
LINE
  5
66
330
17
100
AcDbEntity
  8
KM Kesit
100
AcDbLine
 10
-811745.5190387998
 20
-74889.43858965566
 30
0.0
 11
-813847.5199619565
 21
-74889.43858965566
 31
0.0
  0
LINE
  5
67
330
17
100
AcDbEntity
  8
KM Kesit
100
AcDbLine
 10
-827160.5188385281
 20
-74889.43858965566
 30
0.0
 11
-828405.5182186397
 21
-74889.43858965566
 31
0.0
  0
LINE
  5
68
330
17
100
AcDbEntity
  8
KM Kesit
100
AcDbLine
 10
-827130.5188385282
 20
-74919.43858965568
 30
0.0
 11
-827160.5188385281
 21
-74889.43858965566
 31
0.0
  0
LINE
  5
69
330
17
100
AcDbEntity
  8
KM Kesit
100
AcDbLine
 10
-813877.5199619564
 20
-74919.43858965568
 30
0.0
 11
-813847.5199619565
 21
-74889.43858965566
 31
0.0
  0
LINE
  5
6A
330
17
100
AcDbEntity
  8
KM Kesit
100
AcDbLine
 10
-816108.5207668575
 20
-74999.43858965556
 30
0.0
 11
-816378.5202709469
 21
-74999.43858965556
 31
0.0
  0
LINE
  5
6B
330
17
100
AcDbEntity
  8
KM Kesit
100
AcDbLine
 10
-816418.517371777
 20
-74999.43858965556
 30
0.0
 11
-816653.5170284543
 21
-74999.43858965568
 31
0.0
  0
LINE
  5
6C
330
17
100
AcDbEntity
  8
KM Kesit
100
AcDbLine
 10
-816693.5188976559
 20
-74999.43858965568
 30
0.0
 11
-817177.5181499752
 21
-74999.43858965568
 31
0.0
  0
LINE
  5
6D
330
17
100
AcDbEntity
  8
KM Kesit
100
AcDbLine
 10
-817217.520019177
 20
-74999.43858965568
 30
0.0
 11
-817452.5172916685
 21
-74999.43858965568
 31
0.0
  0
LINE
  5
6E
330
17
100
AcDbEntity
  8
KM Kesit
100
AcDbLine
 10
-816038.5207668575
 20
-75069.43858965556
 30
0.0
 11
-817522.5196758542
 21
-75069.43858965566
 31
0.0
  0
LINE
  5
6F
330
17
100
AcDbEntity
  8
KM Kesik
100
AcDbLine
 10
-811745.5190387998
 20
-74691.43858965566
 30
0.0
 11
-828405.5182186397
 21
-74691.43858965566
 31
0.0
  0
LINE
  5
70
330
17
100
AcDbEntity
  8
KM Kesit
100
AcDbLine
 10
-823021.5199199948
 20
-74999.4385896558
 30
0.0
 11
-823291.5194240842
 21
-74999.4385896558
 31
0.0
  0
LINE
  5
71
330
17
100
AcDbEntity
  8
KM Kesit
100
AcDbLine
 10
-823331.5165249143
 20
-74999.4385896558
 30
0.0
 11
-823566.520949963
 21
-74999.43858965568
 31
0.0
  0
LINE
  5
72
330
17
100
AcDbEntity
  8
KM Kesit
100
AcDbLine
 10
-823606.5180507932
 20
-74999.4385896558
 30
0.0
 11
-824090.5173031125
 21
-74999.43858965568
 31
0.0
  0
LINE
  5
73
330
17
100
AcDbEntity
  8
KM Kesit
100
AcDbLine
 10
-824130.5191723141
 20
-74999.43858965568
 30
0.0
 11
-824365.5188289913
 21
-74999.43858965568
 31
0.0
  0
LINE
  5
74
330
17
100
AcDbEntity
  8
KM Kesit
100
AcDbLine
 10
-822951.5199199948
 20
-75069.43858965566
 30
0.0
 11
-824435.5188289913
 21
-75069.43858965566
 31
0.0
  0
LINE
  5
75
330
17
100
AcDbEntity
  8
KM Kesit
100
AcDbLine
 10
-824405.5206981931
 20
-74691.43858965566
 30
0.0
 11
-824405.5206981931
 21
-74849.43858965568
 31
0.0
  0
LINE
  5
76
330
17
100
AcDbEntity
  8
KM Kesit
100
AcDbLine
 10
-824090.5173031125
 20
-74691.43858965566
 30
0.0
 11
-824090.5173031125
 21
-74849.43858965568
 31
0.0
  0
LINE
  5
77
330
17
100
AcDbEntity
  8
KM Kesit
100
AcDbLine
 10
-824090.5173031125
 20
-74869.43858965568
 30
0.0
 11
-824090.5173031125
 21
-74999.43858965568
 31
0.0
  0
LINE
  5
78
330
17
100
AcDbEntity
  8
KM Kesit
100
AcDbLine
 10
-823606.5180507932
 20
-74691.43858965566
 30
0.0
 11
-823606.5180507932
 21
-74849.43858965568
 31
0.0
  0
LINE
  5
79
330
17
100
AcDbEntity
  8
KM Kesit
100
AcDbLine
 10
-823606.5180507932
 20
-74869.43858965568
 30
0.0
 11
-823606.5180507932
 21
-74999.43858965568
 31
0.0
  0
LINE
  5
7A
330
17
100
AcDbEntity
  8
KM Kesit
100
AcDbLine
 10
-823331.5165249143
 20
-74691.43858965566
 30
0.0
 11
-823331.5165249143
 21
-74999.43858965568
 31
0.0
  0
LINE
  5
7B
330
17
100
AcDbEntity
  8
KM Kesit
100
AcDbLine
 10
-823291.5194240842
 20
-74691.43858965566
 30
0.0
 11
-823291.5194240842
 21
-74999.43858965568
 31
0.0
  0
LINE
  5
7C
330
17
100
AcDbEntity
  8
KM Kesit
100
AcDbLine
 10
-822981.5180507932
 20
-74691.43858965566
 30
0.0
 11
-822981.5180507932
 21
-74849.43858965568
 31
0.0
  0
LINE
  5
7D
330
17
100
AcDbEntity
  8
KM Kesit
100
AcDbLine
 10
-817492.5167766842
 20
-74691.43858965566
 30
0.0
 11
-817492.5167766842
 21
-74849.43858965568
 31
0.0
  0
LINE
  5
7E
330
17
100
AcDbEntity
  8
KM Kesit
100
AcDbLine
 10
-817177.5181499752
 20
-74691.43858965566
 30
0.0
 11
-817177.5181499752
 21
-74849.43858965568
 31
0.0
  0
LINE
  5
7F
330
17
100
AcDbEntity
  8
KM Kesit
100
AcDbLine
 10
-817177.5181499752
 20
-74869.43858965568
 30
0.0
 11
-817177.5181499752
 21
-74999.43858965568
 31
0.0
  0
LINE
  5
80
330
17
100
AcDbEntity
  8
KM Kesit
100
AcDbLine
 10
-816693.5188976559
 20
-74691.43858965566
 30
0.0
 11
-816693.5188976559
 21
-74849.43858965568
 31
0.0
  0
LINE
  5
81
330
17
100
AcDbEntity
  8
KM Kesit
100
AcDbLine
 10
-816693.5188976559
 20
-74869.43858965568
 30
0.0
 11
-816693.5188976559
 21
-74999.43858965568
 31
0.0
  0
LINE
  5
82
330
17
100
AcDbEntity
  8
KM Kesit
100
AcDbLine
 10
-816418.517371777
 20
-74691.43858965566
 30
0.0
 11
-816418.517371777
 21
-74999.43858965568
 31
0.0
  0
LINE
  5
83
330
17
100
AcDbEntity
  8
KM Kesit
100
AcDbLine
 10
-816378.5202709469
 20
-74691.43858965566
 30
0.0
 11
-816378.5202709469
 21
-74999.43858965568
 31
0.0
  0
LINE
  5
84
330
17
100
AcDbEntity
  8
KM Kesit
100
AcDbLine
 10
-816068.5188976559
 20
-74691.43858965566
 30
0.0
 11
-816068.5188976559
 21
-74849.43858965568
 31
0.0
  0
LINE
  5
85
330
17
100
AcDbEntity
  8
KM Kesit
100
AcDbLine
 10
-823606.5180507932
 20
-74869.43858965568
 30
0.0
 11
-824090.5173031125
 21
-74869.43858965568
 31
0.0
  0
LINE
  5
86
330
17
100
AcDbEntity
  8
KM Kesit
100
AcDbLine
 10
-816693.5188976559
 20
-74849.43858965568
 30
0.0
 11
-817177.5181499752
 21
-74849.43858965568
 31
0.0
  0
LINE
  5
87
330
17
100
AcDbEntity
  8
KM Kesit
100
AcDbLine
 10
-816693.5188976559
 20
-74869.43858965568
 30
0.0
 11
-817177.5181499752
 21
-74869.43858965568
 31
0.0
  0
LINE
  5
88
330
17
100
AcDbEntity
  8
KM Grobeton
100
AcDbLine
 10
-828405.5182186397
 20
-74894.43858965568
 30
0.0
 11
-828405.5182186397
 21
-74904.43858965566
 31
0.0
  0
LINE
  5
89
330
17
100
AcDbEntity
  8
KM Grobeton
100
AcDbLine
 10
-811745.5190387998
 20
-74894.43858965568
 30
0.0
 11
-811745.5190387998
 21
-74904.43858965566
 31
0.0
  0
LINE
  5
8A
330
17
100
AcDbEntity
  8
KM Temel Alt Bilgi Yazısı
100
AcDbLine
 10
-815471.0210533302
 20
-74966.61115790578
 30
0.0
 11
-815454.5568760957
 21
-74966.61115790578
 31
0.0
  0
LINE
  5
8B
330
17
100
AcDbEntity
  8
KM Temel Alt Bilgi Yazısı
100
AcDbLine
 10
-815471.0210533302
 20
-74991.07953554764
 30
0.0
 11
-815454.5568760957
 21
-74991.07953554764
 31
0.0
  0
LINE
  5
8C
330
17
100
AcDbEntity
  8
KM Temel Alt Bilgi Yazısı
100
AcDbLine
 10
-815471.0210533302
 20
-75015.54791318951
 30
0.0
 11
-815454.5568760957
 21
-75015.54791318951
 31
0.0
  0
LINE
  5
8D
330
17
100
AcDbEntity
  8
KM Temel Alt Bilgi Yazısı
100
AcDbLine
 10
-815471.0210533302
 20
-75040.01629083138
 30
0.0
 11
-815454.5568760957
 21
-75040.01629083138
 31
0.0
  0
LINE
  5
8E
330
17
100
AcDbEntity
  8
KM Temel Alt Bilgi Yazısı
100
AcDbLine
 10
-822354.3663645904
 20
-74966.61115790578
 30
0.0
 11
-822337.9021873556
 21
-74966.61115790578
 31
0.0
  0
LINE
  5
8F
330
17
100
AcDbEntity
  8
KM Temel Alt Bilgi Yazısı
100
AcDbLine
 10
-822354.3663645904
 20
-74991.07953554764
 30
0.0
 11
-822337.9021873556
 21
-74991.07953554764
 31
0.0
  0
LINE
  5
90
330
17
100
AcDbEntity
  8
KM Temel Alt Bilgi Yazısı
100
AcDbLine
 10
-822354.3663645904
 20
-75015.54791318951
 30
0.0
 11
-822337.9021873556
 21
-75015.54791318951
 31
0.0
  0
LINE
  5
91
330
17
100
AcDbEntity
  8
KM Temel Alt Bilgi Yazısı
100
AcDbLine
 10
-822354.3663645904
 20
-75040.01629083138
 30
0.0
 11
-822337.9021873556
 21
-75040.01629083138
 31
0.0
  0
LINE
  5
92
330
17
100
AcDbEntity
  8
KM Temel Alt Bilgi Yazısı
100
AcDbLine
 10
-818116.7810605669
 20
-74966.61115790578
 30
0.0
 11
-818100.3168833324
 21
-74966.61115790578
 31
0.0
  0
LINE
  5
93
330
17
100
AcDbEntity
  8
KM Temel Alt Bilgi Yazısı
100
AcDbLine
 10
-818116.7810605669
 20
-74991.07953554764
 30
0.0
 11
-818100.3168833324
 21
-74991.07953554764
 31
0.0
  0
LINE
  5
94
330
17
100
AcDbEntity
  8
KM Temel Alt Bilgi Yazısı
100
AcDbLine
 10
-818116.7810605669
 20
-75015.54791318951
 30
0.0
 11
-818100.3168833324
 21
-75015.54791318951
 31
0.0
  0
LINE
  5
95
330
17
100
AcDbEntity
  8
KM Temel Alt Bilgi Yazısı
100
AcDbLine
 10
-818116.7810605669
 20
-75040.01629083138
 30
0.0
 11
-818100.3168833324
 21
-75040.01629083138
 31
0.0
  0
LINE
  5
96
330
17
100
AcDbEntity
  8
KM Temel Alt Bilgi Yazısı
100
AcDbLine
 10
-820454.931802742
 20
-74966.61115790578
 30
0.0
 11
-820438.4676255074
 21
-74966.61115790578
 31
0.0
  0
LINE
  5
97
330
17
100
AcDbEntity
  8
KM Temel Alt Bilgi Yazısı
100
AcDbLine
 10
-820454.931802742
 20
-74991.07953554764
 30
0.0
 11
-820438.4676255074
 21
-74991.07953554764
 31
0.0
  0
LINE
  5
98
330
17
100
AcDbEntity
  8
KM Temel Alt Bilgi Yazısı
100
AcDbLine
 10
-820454.931802742
 20
-75015.54791318951
 30
0.0
 11
-820438.4676255074
 21
-75015.54791318951
 31
0.0
  0
LINE
  5
99
330
17
100
AcDbEntity
  8
KM Temel Alt Bilgi Yazısı
100
AcDbLine
 10
-820454.931802742
 20
-75040.01629083138
 30
0.0
 11
-820438.4676255074
 21
-75040.01629083138
 31
0.0
  0
LINE
  5
9A
330
17
100
AcDbEntity
  8
KM Temel Alt Bilgi Yazısı
100
AcDbLine
 10
-825024.443550736
 20
-74966.61115790578
 30
0.0
 11
-825007.9793735014
 21
-74966.61115790578
 31
0.0
  0
LINE
  5
9B
330
17
100
AcDbEntity
  8
KM Temel Alt Bilgi Yazısı
100
AcDbLine
 10
-825024.443550736
 20
-74991.07953554764
 30
0.0
 11
-825007.9793735014
 21
-74991.07953554764
 31
0.0
  0
LINE
  5
9C
330
17
100
AcDbEntity
  8
KM Temel Alt Bilgi Yazısı
100
AcDbLine
 10
-825024.443550736
 20
-75015.54791318951
 30
0.0
 11
-825007.9793735014
 21
-75015.54791318951
 31
0.0
  0
LINE
  5
9D
330
17
100
AcDbEntity
  8
KM Temel Alt Bilgi Yazısı
100
AcDbLine
 10
-825024.443550736
 20
-75040.01629083138
 30
0.0
 11
-825007.9793735014
 21
-75040.01629083138
 31
0.0
  0
LINE
  5
9E
330
17
100
AcDbEntity
  8
KM Temel Alt Bilgi Yazısı
100
AcDbLine
 10
-826784.2880387375
 20
-74966.61115790578
 30
0.0
 11
-826767.8238615028
 21
-74966.61115790578
 31
0.0
  0
LINE
  5
9F
330
17
100
AcDbEntity
  8
KM Temel Alt Bilgi Yazısı
100
AcDbLine
 10
-826784.2880387375
 20
-74991.07953554764
 30
0.0
 11
-826767.8238615028
 21
-74991.07953554764
 31
0.0
  0
LINE
  5
A0
330
17
100
AcDbEntity
  8
KM Temel Alt Bilgi Yazısı
100
AcDbLine
 10
-826784.2880387375
 20
-75015.54791318951
 30
0.0
 11
-826767.8238615028
 21
-75015.54791318951
 31
0.0
  0
LINE
  5
A1
330
17
100
AcDbEntity
  8
KM Temel Alt Bilgi Yazısı
100
AcDbLine
 10
-826784.2880387375
 20
-75040.01629083138
 30
0.0
 11
-826767.8238615028
 21
-75040.01629083138
 31
0.0
  0
LINE
  5
A2
330
17
100
AcDbEntity
  8
KM Temel Alt Bilgi Yazısı
100
AcDbLine
 10
-812564.7113561493
 20
-74966.61115790578
 30
0.0
 11
-812548.2471789148
 21
-74966.61115790578
 31
0.0
  0
LINE
  5
A3
330
17
100
AcDbEntity
  8
KM Temel Alt Bilgi Yazısı
100
AcDbLine
 10
-812564.7113561493
 20
-74991.07953554764
 30
0.0
 11
-812548.2471789148
 21
-74991.07953554764
 31
0.0
  0
LINE
  5
A4
330
17
100
AcDbEntity
  8
KM Temel Alt Bilgi Yazısı
100
AcDbLine
 10
-812564.7113561493
 20
-75015.54791318951
 30
0.0
 11
-812548.2471789148
 21
-75015.54791318951
 31
0.0
  0
LINE
  5
A5
330
17
100
AcDbEntity
  8
KM Temel Alt Bilgi Yazısı
100
AcDbLine
 10
-812564.7113561493
 20
-75040.01629083138
 30
0.0
 11
-812548.2471789148
 21
-75040.01629083138
 31
0.0
  0
LINE
  5
A6
330
17
100
AcDbEntity
  8
KM Temel Alt Bilgi Yazısı
100
AcDbLine
 10
-827970.662087936
 20
-74966.61115790578
 30
0.0
 11
-827954.1979107012
 21
-74966.61115790578
 31
0.0
  0
LINE
  5
A7
330
17
100
AcDbEntity
  8
KM Temel Alt Bilgi Yazısı
100
AcDbLine
 10
-827970.662087936
 20
-74991.07953554764
 30
0.0
 11
-827954.1979107012
 21
-74991.07953554764
 31
0.0
  0
LINE
  5
A8
330
17
100
AcDbEntity
  8
KM Temel Alt Bilgi Yazısı
100
AcDbLine
 10
-827970.662087936
 20
-75015.54791318951
 30
0.0
 11
-827954.1979107012
 21
-75015.54791318951
 31
0.0
  0
LINE
  5
A9
330
17
100
AcDbEntity
  8
KM Temel Alt Bilgi Yazısı
100
AcDbLine
 10
-827970.662087936
 20
-75040.01629083138
 30
0.0
 11
-827954.1979107012
 21
-75040.01629083138
 31
0.0
  0
LINE
  5
AA
330
17
100
AcDbEntity
  8
KM Kesit
100
AcDbLine
 10
-810839.3634186956
 20
-67521.60363756656
 30
0.0
 11
-810839.3634186956
 21
-73677.57018930731
 31
0.0
  0
LINE
  5
AB
330
17
100
AcDbEntity
  8
KM Kesit
100
AcDbLine
 10
-810769.3634186956
 20
-67521.60363756656
 30
0.0
 11
-810769.3634186956
 21
-69223.20197858324
 31
0.0
  0
LINE
  5
AC
330
17
100
AcDbEntity
  8
KM Kesit
100
AcDbLine
 10
-810799.3634186955
 20
-69253.20197858324
 30
0.0
 11
-810799.3634186955
 21
-69918.20428647508
 31
0.0
  0
LINE
  5
AD
330
17
100
AcDbEntity
  8
KM Kesit
100
AcDbLine
 10
-810769.3634186956
 20
-69948.20428647508
 30
0.0
 11
-810769.3634186956
 21
-72348.20347585191
 31
0.0
  0
LINE
  5
AE
330
17
100
AcDbEntity
  8
KM Kesit
100
AcDbLine
 10
-810799.3634186955
 20
-72378.20347585191
 30
0.0
 11
-810799.3634186955
 21
-73677.57018930731
 31
0.0
  0
LINE
  5
AF
330
17
100
AcDbEntity
  8
KM Kesit
100
AcDbLine
 10
-810799.3634186955
 20
-69918.20428647508
 30
0.0
 11
-810769.3634186956
 21
-69948.20428647508
 31
0.0
  0
LINE
  5
B0
330
17
100
AcDbEntity
  8
KM Kesit
100
AcDbLine
 10
-810769.3634186956
 20
-69223.20197858324
 30
0.0
 11
-810799.3634186955
 21
-69253.20197858324
 31
0.0
  0
LINE
  5
B1
330
17
100
AcDbEntity
  8
KM Kesit
100
AcDbLine
 10
-810769.3634186956
 20
-72348.20347585191
 30
0.0
 11
-810799.3634186955
 21
-72378.20347585191
 31
0.0
  0
LINE
  5
B2
330
17
100
AcDbEntity
  8
KM Kesit
100
AcDbLine
 10
-810839.3634186956
 20
-73677.57018930731
 30
0.0
 11
-810799.3634186955
 21
-73677.57018930731
 31
0.0
  0
LINE
  5
B3
330
17
100
AcDbEntity
  8
KM Kesik
100
AcDbLine
 10
-810996.7195077185
 20
-73702.57018930733
 30
0.0
 11
-810996.7195077185
 21
-67521.60363756656
 31
0.0
  0
LINE
  5
B4
330
17
100
AcDbEntity
  8
VM Kesit görünüş
100
AcDbLine
 10
-810996.7195077185
 20
-67968.20185937406
 30
0.0
 11
-810839.3634186956
 21
-67968.20185937395
 31
0.0
  0
LINE
  5
B5
330
17
100
AcDbEntity
  8
VM Kesit görünüş
100
AcDbLine
 10
-810996.7195077185
 20
-68323.20205010881
 30
0.0
 11
-810839.3634186956
 21
-68323.20205010881
 31
0.0
  0
LINE
  5
B6
330
17
100
AcDbEntity
  8
VM Kesit görünüş
100
AcDbLine
 10
-810996.7195077185
 20
-68443.20205010893
 30
0.0
 11
-810839.3634186956
 21
-68443.20205010881
 31
0.0
  0
LINE
  5
B7
330
17
100
AcDbEntity
  8
VM Kesit görünüş
100
AcDbLine
 10
-810996.7195077185
 20
-68673.20197381487
 30
0.0
 11
-810839.3634186956
 21
-68673.20197381487
 31
0.0
  0
LINE
  5
B8
330
17
100
AcDbEntity
  8
VM Kesit görünüş
100
AcDbLine
 10
-810996.7195077185
 20
-68773.20197292685
 30
0.0
 11
-810839.3634186956
 21
-68773.20197292685
 31
0.0
  0
LINE
  5
B9
330
17
100
AcDbEntity
  8
VM Kesit görünüş
100
AcDbLine
 10
-810996.7195077185
 20
-69023.2017353964
 30
0.0
 11
-810839.3634186956
 21
-69023.2017353964
 31
0.0
  0
LINE
  5
BA
330
17
100
AcDbEntity
  8
VM Kesit görünüş
100
AcDbLine
 10
-810996.7195077185
 20
-69123.20173539629
 30
0.0
 11
-810839.3634186956
 21
-69123.20173539629
 31
0.0
  0
LINE
  5
BB
330
17
100
AcDbEntity
  8
VM Kesit görünüş
100
AcDbLine
 10
-810996.7195077185
 20
-70098.2019022893
 30
0.0
 11
-810839.3634186956
 21
-70098.2019022893
 31
0.0
  0
LINE
  5
BC
330
17
100
AcDbEntity
  8
VM Kesit görünüş
100
AcDbLine
 10
-810996.7195077185
 20
-70218.2019022894
 30
0.0
 11
-810839.3634186956
 21
-70218.2019022893
 31
0.0
  0
LINE
  5
BD
330
17
100
AcDbEntity
  8
VM Kesit görünüş
100
AcDbLine
 10
-810996.7195077185
 20
-70538.20277013304
 30
0.0
 11
-810839.3634186956
 21
-70538.20277013304
 31
0.0
  0
LINE
  5
BE
330
17
100
AcDbEntity
  8
VM Kesit görünüş
100
AcDbLine
 10
-810996.7195077185
 20
-70588.20277013292
 30
0.0
 11
-810839.3634186956
 21
-70588.20277013292
 31
0.0
  0
LINE
  5
BF
330
17
100
AcDbEntity
  8
VM Kesit görünüş
100
AcDbLine
 10
-810996.7195077185
 20
-71323.2013300847
 30
0.0
 11
-810839.3634186956
 21
-71323.2013300847
 31
0.0
  0
LINE
  5
C0
330
17
100
AcDbEntity
  8
VM Kesit görünüş
100
AcDbLine
 10
-810996.7195077185
 20
-71423.2013300847
 30
0.0
 11
-810839.3634186956
 21
-71423.2013300847
 31
0.0
  0
LINE
  5
C1
330
17
100
AcDbEntity
  8
VM Kesit görünüş
100
AcDbLine
 10
-810996.7195077185
 20
-72078.20144452574
 30
0.0
 11
-810839.3634186956
 21
-72078.20144452574
 31
0.0
  0
LINE
  5
C2
330
17
100
AcDbEntity
  8
VM Kesit görünüş
100
AcDbLine
 10
-810996.7195077185
 20
-72198.20144452572
 30
0.0
 11
-810839.3634186956
 21
-72198.20144452572
 31
0.0
  0
LINE
  5
C3
330
17
100
AcDbEntity
  8
VM Kesit görünüş
100
AcDbLine
 10
-810996.7195077185
 20
-73527.25836497569
 30
0.0
 11
-810839.3634186956
 21
-73527.25836497569
 31
0.0
  0
LINE
  5
C4
330
17
100
AcDbEntity
  8
VM Kesit görünüş
100
AcDbLine
 10
-810839.3634186956
 20
-73677.57018930731
 30
0.0
 11
-810996.7195077185
 21
-73677.57018930731
 31
0.0
  0
LINE
  5
C5
330
17
100
AcDbEntity
  8
KM Temel Alt Bilgi Yazısı
100
AcDbLine
 10
-810722.1908504454
 20
-71225.39857607707
 30
0.0
 11
-810722.1908504454
 21
-71208.9343988424
 31
0.0
  0
LINE
  5
C6
330
17
100
AcDbEntity
  8
KM Temel Alt Bilgi Yazısı
100
AcDbLine
 10
-810697.7224728037
 20
-71225.39857607707
 30
0.0
 11
-810697.7224728037
 21
-71208.9343988424
 31
0.0
  0
LINE
  5
C7
330
17
100
AcDbEntity
  8
KM Temel Alt Bilgi Yazısı
100
AcDbLine
 10
-810673.2540951618
 20
-71225.39857607707
 30
0.0
 11
-810673.2540951618
 21
-71208.9343988424
 31
0.0
  0
LINE
  5
C8
330
17
100
AcDbEntity
  8
KM Temel Alt Bilgi Yazısı
100
AcDbLine
 10
-810648.7857175199
 20
-71225.39857607707
 30
0.0
 11
-810648.7857175199
 21
-71208.9343988424
 31
0.0
  0
LINE
  5
C9
330
17
100
AcDbEntity
  8
KM Temel Alt Bilgi Yazısı
100
AcDbLine
 10
-810748.4474052878
 20
-72725.35230061912
 30
0.0
 11
-810748.4474052878
 21
-72708.88812338444
 31
0.0
  0
LINE
  5
CA
330
17
100
AcDbEntity
  8
KM Temel Alt Bilgi Yazısı
100
AcDbLine
 10
-810723.9790276459
 20
-72725.35230061912
 30
0.0
 11
-810723.9790276459
 21
-72708.88812338444
 31
0.0
  0
LINE
  5
CB
330
17
100
AcDbEntity
  8
KM Temel Alt Bilgi Yazısı
100
AcDbLine
 10
-810699.5106500041
 20
-72725.35230061912
 30
0.0
 11
-810699.5106500041
 21
-72708.88812338444
 31
0.0
  0
LINE
  5
CC
330
17
100
AcDbEntity
  8
KM Temel Alt Bilgi Yazısı
100
AcDbLine
 10
-810675.042272362
 20
-72725.35230061912
 30
0.0
 11
-810675.042272362
 21
-72708.88812338444
 31
0.0
  0
LINE
  5
CD
330
17
100
AcDbEntity
  8
KM Temel Alt Bilgi Yazısı
100
AcDbLine
 10
-810748.4474052878
 20
-69569.5756701919
 30
0.0
 11
-810748.4474052878
 21
-69553.11149295722
 31
0.0
  0
LINE
  5
CE
330
17
100
AcDbEntity
  8
KM Temel Alt Bilgi Yazısı
100
AcDbLine
 10
-810723.9790276459
 20
-69569.5756701919
 30
0.0
 11
-810723.9790276459
 21
-69553.11149295722
 31
0.0
  0
LINE
  5
CF
330
17
100
AcDbEntity
  8
KM Temel Alt Bilgi Yazısı
100
AcDbLine
 10
-810699.5106500041
 20
-69569.5756701919
 30
0.0
 11
-810699.5106500041
 21
-69553.11149295722
 31
0.0
  0
LINE
  5
D0
330
17
100
AcDbEntity
  8
KM Temel Alt Bilgi Yazısı
100
AcDbLine
 10
-810675.042272362
 20
-69569.5756701919
 30
0.0
 11
-810675.042272362
 21
-69553.11149295722
 31
0.0
  0
LINE
  5
D1
330
17
100
AcDbEntity
  8
KM Perde
100
AcDbLine
 10
-828255.6681478652
 20
-73474.34574168362
 30
0.0
 11
-828255.6681478652
 21
-67521.60363756656
 31
0.0
  0
LINE
  5
D2
330
17
100
AcDbEntity
  8
KM İç Ölçü 100
100
AcDbLine
 10
-825459.8996522957
 20
-68848.20157804003
 30
0.0
 11
-825469.6905841406
 21
-68848.20157804003
 31
0.0
  0
LINE
  5
D3
330
17
100
AcDbEntity
  8
KM İç Ölçü 100
100
AcDbLine
 10
-825461.6905841407
 20
-68853.20157804003
 30
0.0
 11
-825461.6905841407
 21
-67521.60363756656
 31
0.0
  0
LINE
  5
D4
330
17
100
AcDbEntity
  8
KM İç Ölçü 100
100
AcDbLine
 10
-823720.5190887975
 20
-68848.20157804003
 30
0.0
 11
-823723.1966067827
 21
-68848.20157804003
 31
0.0
  0
LINE
  5
D5
330
17
100
AcDbEntity
  8
KM İç Ölçü 100
100
AcDbLine
 10
-823715.1966067827
 20
-68853.20157804003
 30
0.0
 11
-823715.1966067827
 21
-67521.60363756656
 31
0.0
  0
LINE
  5
D6
330
17
100
AcDbEntity
  8
KM İç Ölçü 100
100
AcDbLine
 10
-821212.0516901988
 20
-69223.2018164586
 30
0.0
 11
-821222.19512686
 21
-69223.2018164586
 31
0.0
  0
LINE
  5
D7
330
17
100
AcDbEntity
  8
KM İç Ölçü 100
100
AcDbLine
 10
-821214.1951268602
 20
-69228.2018164586
 30
0.0
 11
-821214.1951268602
 21
-67521.60363756656
 31
0.0
  0
LINE
  5
D8
330
17
100
AcDbEntity
  8
KM İç Ölçü 100
100
AcDbLine
 10
-816771.7196139687
 20
-68593.20180692186
 30
0.0
 11
-816771.7196139705
 21
-68593.20180692186
 31
0.0
  0
LINE
  5
D9
330
17
100
AcDbEntity
  8
KM İç Ölçü 100
100
AcDbLine
 10
-816763.7196139706
 20
-68598.20180692186
 30
0.0
 11
-816763.7196139706
 21
-67521.60363756656
 31
0.0
  0
LINE
  5
DA
330
17
100
AcDbEntity
  8
KM İç Ölçü 100
100
AcDbLine
 10
-814570.0104404629
 20
-69223.2018164586
 30
0.0
 11
-814570.0104404644
 21
-69223.2018164586
 31
0.0
  0
LINE
  5
DB
330
17
100
AcDbEntity
  8
KM İç Ölçü 100
100
AcDbLine
 10
-814562.0104404644
 20
-69228.2018164586
 30
0.0
 11
-814562.0104404644
 21
-67521.60363756656
 31
0.0
  0
LINE
  5
DC
330
17
100
AcDbEntity
  8
KM Aks
100
AcDbLine
 10
-826980.5200783046
 20
-67119.74051631638
 30
0.0
 11
-826980.5200783046
 21
-74428.18668611383
 31
0.0
  0
LINE
  5
DD
330
17
100
AcDbEntity
  8
KM Aks
100
AcDbLine
 10
-826030.5199543271
 20
-67119.74051631638
 30
0.0
 11
-826030.5199543271
 21
-74428.18668611383
 31
0.0
  0
LINE
  5
DE
330
17
100
AcDbEntity
  8
KM Aks
100
AcDbLine
 10
-825230.5195728572
 20
-67119.74051631638
 30
0.0
 11
-825230.5195728572
 21
-74428.18668611383
 31
0.0
  0
LINE
  5
DF
330
17
100
AcDbEntity
  8
KM Aks
100
AcDbLine
 10
-825078.5049719736
 20
-67119.74051631638
 30
0.0
 11
-825078.5049719736
 21
-74428.18668611383
 31
0.0
  0
LINE
  5
E0
330
17
100
AcDbEntity
  8
KM Aks
100
AcDbLine
 10
-824780.5195347103
 20
-67119.74051631638
 30
0.0
 11
-824780.5195347103
 21
-74428.18668611383
 31
0.0
  0
LINE
  5
E1
330
17
100
AcDbEntity
  8
KM Aks
100
AcDbLine
 10
-823230.5202404294
 20
-67119.74051631638
 30
0.0
 11
-823230.5202404294
 21
-74428.18668611383
 31
0.0
  0
LINE
  5
E2
330
17
100
AcDbEntity
  8
KM Aks
100
AcDbLine
 10
-823555.520364407
 20
-67119.74051631638
 30
0.0
 11
-823555.520364407
 21
-74428.18668611383
 31
0.0
  0
LINE
  5
E3
330
17
100
AcDbEntity
  8
KM Aks
100
AcDbLine
 10
-824379.5197445187
 20
-67119.74051631638
 30
0.0
 11
-824379.5197445187
 21
-74428.18668611383
 31
0.0
  0
LINE
  5
E4
330
17
100
AcDbEntity
  8
KM Aks
100
AcDbLine
 10
-821980.5198208126
 20
-67119.74051631638
 30
0.0
 11
-821980.5198208126
 21
-74428.18668611383
 31
0.0
  0
LINE
  5
E5
330
17
100
AcDbEntity
  8
KM Aks
100
AcDbLine
 10
-821030.519954327
 20
-67119.74051631638
 30
0.0
 11
-821030.519954327
 21
-74428.18668611383
 31
0.0
  0
LINE
  5
E6
330
17
100
AcDbEntity
  8
KM Aks
100
AcDbLine
 10
-822610.5198780331
 20
-67119.74051631638
 30
0.0
 11
-822610.5198780331
 21
-74428.18668611383
 31
0.0
  0
LINE
  5
E7
330
17
100
AcDbEntity
  8
KM Aks
100
AcDbLine
 10
-819970.5200664736
 20
-67119.74051631638
 30
0.0
 11
-819970.5200664736
 21
-74428.18668611383
 31
0.0
  0
LINE
  5
E8
330
17
100
AcDbEntity
  8
KM Aks
100
AcDbLine
 10
-819605.5200664735
 20
-67119.74051631638
 30
0.0
 11
-819605.5200664735
 21
-74428.18668611383
 31
0.0
  0
LINE
  5
E9
330
17
100
AcDbEntity
  8
KM Aks
100
AcDbLine
 10
-819285.5203739438
 20
-67119.74051631638
 30
0.0
 11
-819285.5203739438
 21
-74428.18668611383
 31
0.0
  0
LINE
  5
EA
330
17
100
AcDbEntity
  8
KM Aks
100
AcDbLine
 10
-819025.5197445493
 20
-67119.74051631638
 30
0.0
 11
-819025.5197445493
 21
-74428.18668611383
 31
0.0
  0
LINE
  5
EB
330
17
100
AcDbEntity
  8
KM Aks
100
AcDbLine
 10
-818265.5212799344
 20
-67119.74051631638
 30
0.0
 11
-818265.5212799344
 21
-74428.18668611383
 31
0.0
  0
LINE
  5
EC
330
17
100
AcDbEntity
  8
KM Aks
100
AcDbLine
 10
-817461.0412817535
 20
-67119.74051631638
 30
0.0
 11
-817461.0412817535
 21
-74428.18668611383
 31
0.0
  0
LINE
  5
ED
330
17
100
AcDbEntity
  8
KM Aks
100
AcDbLine
 10
-816595.5205169948
 20
-67119.74051631638
 30
0.0
 11
-816595.5205169948
 21
-74428.18668611383
 31
0.0
  0
LINE
  5
EE
330
17
100
AcDbEntity
  8
KM Aks
100
AcDbLine
 10
-816465.5194202694
 20
-67119.74051631638
 30
0.0
 11
-816465.5194202694
 21
-74428.18668611383
 31
0.0
  0
LINE
  5
EF
330
17
100
AcDbEntity
  8
KM Aks
100
AcDbLine
 10
-815775.521327618
 20
-67119.74051631638
 30
0.0
 11
-815775.521327618
 21
-74428.18668611383
 31
0.0
  0
LINE
  5
F0
330
17
100
AcDbEntity
  8
KM Aks
100
AcDbLine
 10
-814945.5197540554
 20
-67119.74051631638
 30
0.0
 11
-814945.5197540554
 21
-74428.18668611383
 31
0.0
  0
LINE
  5
F1
330
17
100
AcDbEntity
  8
KM Aks
100
AcDbLine
 10
-822981.519172314
 20
-67119.74051631638
 30
0.0
 11
-822981.519172314
 21
-74428.18668611383
 31
0.0
  0
LINE
  5
F2
330
17
100
AcDbEntity
  8
KM Aks
100
AcDbLine
 10
-822727.5209919246
 20
-67119.74051631638
 30
0.0
 11
-822727.5209919246
 21
-74428.18668611383
 31
0.0
  0
LINE
  5
F3
330
17
100
AcDbEntity
  8
KM Aks
100
AcDbLine
 10
-816378.5207382472
 20
-67119.74051631638
 30
0.0
 11
-816378.5207382472
 21
-74428.18668611383
 31
0.0
  0
LINE
  5
F4
330
17
100
AcDbEntity
  8
KM Aks
100
AcDbLine
 10
-815613.5206714901
 20
-67119.74051631638
 30
0.0
 11
-815613.5206714901
 21
-74428.18668611383
 31
0.0
  0
LINE
  5
F5
330
17
100
AcDbEntity
  8
KM Aks
100
AcDbLine
 10
-814825.51865733
 20
-67119.74051631638
 30
0.0
 11
-814825.51865733
 21
-74428.18668611383
 31
0.0
  0
LINE
  5
F6
330
17
100
AcDbEntity
  8
KM Aks
100
AcDbLine
 10
-814027.5199459626
 20
-67119.74051631638
 30
0.0
 11
-814027.5199459628
 21
-74428.18668611383
 31
0.0
  0
LINE
  5
F7
330
17
100
AcDbEntity
  8
KM Aks
100
AcDbLine
 10
-816068.5200191769
 20
-67119.74051631638
 30
0.0
 11
-816068.5200191769
 21
-74428.18668611383
 31
0.0
  0
LINE
  5
F8
330
17
100
AcDbEntity
  8
KM Aks
100
AcDbLine
 10
-824007.0199209485
 20
-67119.74051631638
 30
0.0
 11
-824007.0199209485
 21
-74428.18668611383
 31
0.0
  0
LINE
  5
F9
330
17
100
AcDbEntity
  8
KM Aks
100
AcDbLine
 10
-827580.5206505093
 20
-67119.74051631638
 30
0.0
 11
-827580.5206505093
 21
-74428.18668611383
 31
0.0
  0
LINE
  5
FA
330
17
100
AcDbEntity
  8
KM Aks
100
AcDbLine
 10
-828255.52136958
 20
-67119.74051631638
 30
0.0
 11
-828255.52136958
 21
-74428.18668611383
 31
0.0
  0
LINE
  5
FB
330
17
100
AcDbEntity
  8
KM Aks
100
AcDbLine
 10
-826505.5206066403
 20
-67119.74051631638
 30
0.0
 11
-826505.5206066403
 21
-74428.18668611383
 31
0.0
  0
LINE
  5
FC
330
17
100
AcDbEntity
  8
KM Aks
100
AcDbLine
 10
-825633.0207715523
 20
-67119.74051631638
 30
0.0
 11
-825633.0207715523
 21
-74428.18668611383
 31
0.0
  0
LINE
  5
FD
330
17
100
AcDbEntity
  8
KM Aks
100
AcDbLine
 10
-823157.0196086805
 20
-67119.74051631638
 30
0.0
 11
-823157.0196086805
 21
-74428.18668611383
 31
0.0
  0
LINE
  5
FE
330
17
100
AcDbEntity
  8
KM Aks
100
AcDbLine
 10
-822300.5198208126
 20
-67119.74051631638
 30
0.0
 11
-822300.5198208126
 21
-74428.18668611383
 31
0.0
  0
LINE
  5
FF
330
17
100
AcDbEntity
  8
KM Aks
100
AcDbLine
 10
-821505.5211202699
 20
-67521.60363756656
 30
0.0
 11
-821505.5211202699
 21
-74428.18668611383
 31
0.0
  0
LINE
  5
100
330
17
100
AcDbEntity
  8
KM Aks
100
AcDbLine
 10
-820500.5212563174
 20
-67119.74051631638
 30
0.0
 11
-820500.5212563177
 21
-74428.18668611383
 31
0.0
  0
LINE
  5
101
330
17
100
AcDbEntity
  8
KM Aks
100
AcDbLine
 10
-819488.0208832058
 20
-67119.74051631638
 30
0.0
 11
-819488.0208832058
 21
-74428.18668611383
 31
0.0
  0
LINE
  5
102
330
17
100
AcDbEntity
  8
KM Aks
100
AcDbLine
 10
-824243.021338035
 20
-67119.74051631638
 30
0.0
 11
-824243.021338035
 21
-74428.18668611383
 31
0.0
  0
LINE
  5
103
330
17
100
AcDbEntity
  8
KM Aks
100
AcDbLine
 10
-823390.5198818478
 20
-67119.74051631638
 30
0.0
 11
-823390.5198818478
 21
-74428.18668611383
 31
0.0
  0
LINE
  5
104
330
17
100
AcDbEntity
  8
KM Aks
100
AcDbLine
 10
-820230.5200344357
 20
-67119.74051631638
 30
0.0
 11
-820230.5200344357
 21
-74428.18668611383
 31
0.0
  0
LINE
  5
105
330
17
100
AcDbEntity
  8
KM Aks
100
AcDbLine
 10
-819380.520845059
 20
-67119.74051631638
 30
0.0
 11
-819380.520845059
 21
-74428.18668611383
 31
0.0
  0
LINE
  5
106
330
17
100
AcDbEntity
  8
KM Aks
100
AcDbLine
 10
-818413.0206352504
 20
-67119.74051631638
 30
0.0
 11
-818413.0206352504
 21
-74428.18668611383
 31
0.0
  0
LINE
  5
107
330
17
100
AcDbEntity
  8
KM Aks
100
AcDbLine
 10
-814675.1811748776
 20
-67119.74051631638
 30
0.0
 11
-814675.1811748776
 21
-74428.18668611383
 31
0.0
  0
LINE
  5
108
330
17
100
AcDbEntity
  8
KM Aks
100
AcDbLine
 10
-818648.0220408709
 20
-67119.74051631638
 30
0.0
 11
-818648.0220408709
 21
-74428.18668611383
 31
0.0
  0
LINE
  5
109
330
17
100
AcDbEntity
  8
KM Aks
100
AcDbLine
 10
-817840.5233539059
 20
-67119.74051631638
 30
0.0
 11
-817840.5233539059
 21
-74428.18668611383
 31
0.0
  0
LINE
  5
10A
330
17
100
AcDbEntity
  8
KM Aks
100
AcDbLine
 10
-816923.5210546224
 20
-67119.74051631638
 30
0.0
 11
-816923.5210546224
 21
-74428.18668611383
 31
0.0
  0
LINE
  5
10B
330
17
100
AcDbEntity
  8
KM Aks
100
AcDbLine
 10
-815187.0205646785
 20
-67119.74051631638
 30
0.0
 11
-815187.0205646785
 21
-74428.18668611383
 31
0.0
  0
LINE
  5
10C
330
17
100
AcDbEntity
  8
KM Aks
100
AcDbLine
 10
-811895.5197101865
 20
-67119.74051631638
 30
0.0
 11
-811895.5197101865
 21
-74428.18668611383
 31
0.0
  0
LINE
  5
10D
330
17
100
AcDbEntity
  8
KM Aks
100
AcDbLine
 10
-812795.5200916561
 20
-67119.74051631638
 30
0.0
 11
-812795.5200916561
 21
-74428.18668611383
 31
0.0
  0
LINE
  5
10E
330
17
100
AcDbEntity
  8
KM Aks
100
AcDbLine
 10
-813395.5207115446
 20
-67119.74051631638
 30
0.0
 11
-813395.5207115446
 21
-74428.18668611383
 31
0.0
  0
LINE
  5
10F
330
17
100
AcDbEntity
  8
KM Aks
100
AcDbLine
 10
-812515.5202251707
 20
-67119.74051631638
 30
0.0
 11
-812515.5202251707
 21
-74428.18668611383
 31
0.0
  0
LINE
  5
110
330
17
100
AcDbEntity
  8
KM Aks
100
AcDbLine
 10
-812745.5194870224
 20
-67119.74051631638
 30
0.0
 11
-812745.5194870224
 21
-74428.18668611383
 31
0.0
  0
LINE
  5
111
330
17
100
AcDbEntity
  8
KM Aks
100
AcDbLine
 10
-813175.4193512191
 20
-67119.74051631638
 30
0.0
 11
-813175.4193512191
 21
-74428.28682191705
 31
0.0
  0
LINE
  5
112
330
17
100
AcDbEntity
  8
KM Aks
100
AcDbLine
 10
-813682.6826728091
 20
-67119.74051631638
 30
0.0
 11
-814068.1760420749
 21
-74428.18668611383
 31
0.0
  0
LINE
  5
113
330
17
100
AcDbEntity
  8
KM Aks
100
AcDbLine
 10
-814734.132075393
 20
-67119.74051631638
 30
0.0
 11
-815119.5906699362
 21
-74428.18668611383
 31
0.0
  0
LINE
  5
114
330
17
100
AcDbEntity
  8
KM Aks
100
AcDbLine
 10
-828907.238322903
 20
-68143.2027558278
 30
0.0
 11
-811244.3757643218
 21
-68143.2027558278
 31
0.0
  0
LINE
  5
115
330
17
100
AcDbEntity
  8
KM Aks
100
AcDbLine
 10
-828907.238322903
 20
-68258.20268422517
 30
0.0
 11
-811244.3757643218
 21
-68258.20268422517
 31
0.0
  0
LINE
  5
116
330
17
100
AcDbEntity
  8
KM Aks
100
AcDbLine
 10
-828907.238322903
 20
-68773.20197292685
 30
0.0
 11
-811244.3757643218
 21
-68773.20197292685
 31
0.0
  0
LINE
  5
117
330
17
100
AcDbEntity
  8
KM Aks
100
AcDbLine
 10
-828907.238322903
 20
-68698.20264138689
 30
0.0
 11
-811244.3757643218
 21
-68698.20264138689
 31
0.0
  0
LINE
  5
118
330
17
100
AcDbEntity
  8
KM Aks
100
AcDbLine
 10
-828907.238322903
 20
-67907.20308961382
 30
0.0
 11
-811244.3757643218
 21
-67907.20308961382
 31
0.0
  0
LINE
  5
119
330
17
100
AcDbEntity
  8
KM Aks
100
AcDbLine
 10
-828907.238322903
 20
-68443.20205010881
 30
0.0
 11
-811244.3757643218
 21
-68443.20205010881
 31
0.0
  0
LINE
  5
11A
330
17
100
AcDbEntity
  8
KM Aks
100
AcDbLine
 10
-828907.238322903
 20
-68018.20185937395
 30
0.0
 11
-811244.3757643218
 21
-68018.20185937395
 31
0.0
  0
LINE
  5
11B
330
17
100
AcDbEntity
  8
KM Aks
100
AcDbLine
 10
-828907.238322903
 20
-67578.20308961382
 30
0.0
 11
-811244.3757643218
 21
-67578.20308961382
 31
0.0
  0
LINE
  5
11C
330
17
100
AcDbEntity
  8
KM Aks
100
AcDbLine
 10
-828907.238322903
 20
-70098.2019022893
 30
0.0
 11
-811244.3757643218
 21
-70098.2019022893
 31
0.0
  0
LINE
  5
11D
330
17
100
AcDbEntity
  8
KM Aks
100
AcDbLine
 10
-828907.238322903
 20
-70538.20261754503
 30
0.0
 11
-811244.3757643218
 21
-70538.20261754503
 31
0.0
  0
LINE
  5
11E
330
17
100
AcDbEntity
  8
KM Aks
100
AcDbLine
 10
-828907.238322903
 20
-69778.20167340746
 30
0.0
 11
-811244.3757643218
 21
-69778.20167340746
 31
0.0
  0
LINE
  5
11F
330
17
100
AcDbEntity
  8
KM Aks
100
AcDbLine
 10
-828907.238322903
 20
-70673.20236958971
 30
0.0
 11
-811244.3757643218
 21
-70673.20236958971
 31
0.0
  0
LINE
  5
120
330
17
100
AcDbEntity
  8
KM Aks
100
AcDbLine
 10
-828907.238322903
 20
-71343.20268430223
 30
0.0
 11
-811244.3757643218
 21
-71343.20268430223
 31
0.0
  0
LINE
  5
121
330
17
100
AcDbEntity
  8
KM Aks
100
AcDbLine
 10
-828907.238322903
 20
-72198.20144452562
 30
0.0
 11
-811244.3757643218
 21
-72198.20144452562
 31
0.0
  0
LINE
  5
122
330
17
100
AcDbEntity
  8
KM Aks
100
AcDbLine
 10
-828907.238322903
 20
-71488.2013300847
 30
0.0
 11
-811244.3757643218
 21
-71488.2013300847
 31
0.0
  0
LINE
  5
123
330
17
100
AcDbEntity
  8
KM Aks
100
AcDbLine
 10
-828907.238322903
 20
-72508.20246495714
 30
0.0
 11
-811244.3757643218
 21
-72508.20246495714
 31
0.0
  0
LINE
  5
124
330
17
100
AcDbEntity
  8
KM Aks
100
AcDbLine
 10
-828907.238322903
 20
-67783.20165433397
 30
0.0
 11
-811244.3757643218
 21
-67783.20165433397
 31
0.0
  0
LINE
  5
125
330
17
100
AcDbEntity
  8
KM Aks
100
AcDbLine
 10
-828907.238322903
 20
-68648.20154466142
 30
0.0
 11
-811244.3757643218
 21
-68648.20154466142
 31
0.0
  0
LINE
  5
126
330
17
100
AcDbEntity
  8
KM Aks
100
AcDbLine
 10
-828907.238322903
 20
-69328.20113458147
 30
0.0
 11
-811244.3757643218
 21
-69328.20113458147
 31
0.0
  0
LINE
  5
127
330
17
100
AcDbEntity
  8
KM Aks
100
AcDbLine
 10
-828907.238322903
 20
-70198.20125855913
 30
0.0
 11
-811244.3757643218
 21
-70198.20125855913
 31
0.0
  0
LINE
  5
128
330
17
100
AcDbEntity
  8
KM Aks
100
AcDbLine
 10
-828907.238322903
 20
-71148.20154466142
 30
0.0
 11
-811244.3757643218
 21
-71148.20154466142
 31
0.0
  0
LINE
  5
129
330
17
100
AcDbEntity
  8
KM Aks
100
AcDbLine
 10
-828907.238322903
 20
-72018.20166863909
 30
0.0
 11
-811244.3757643218
 21
-72018.20166863909
 31
0.0
  0
LINE
  5
12A
330
17
100
AcDbEntity
  8
KM Aks
100
AcDbLine
 10
-828907.238322903
 20
-72898.20285596361
 30
0.0
 11
-811244.3757643218
 21
-72898.20285596361
 31
0.0
  0
LINE
  5
12B
330
17
100
AcDbEntity
  8
KM Aks
100
AcDbLine
 10
-828907.238322903
 20
-73608.2014635991
 30
0.0
 11
-811244.3757643218
 21
-73608.2014635991
 31
0.0
  0
LINE
  5
12C
330
17
100
AcDbEntity
  8
KM Dış Ölçü 100
100
AcDbLine
 10
-814503.7022922222
 20
-67671.79672072455
 30
0.0
 11
-814503.7022922222
 21
-67391.80738790077
 31
0.0
  0
LINE
  5
12D
330
17
100
AcDbEntity
  8
KM Dış Ölçü 100
100
AcDbLine
 10
-813441.0235345212
 20
-67671.79672072455
 30
0.0
 11
-813441.0235345212
 21
-67419.74051631638
 31
0.0
  0
LINE
  5
12E
330
17
100
AcDbEntity
  8
KM Dış Ölçü 100
100
AcDbLine
 10
-814850.186984483
 20
-73596.78270882205
 30
0.0
 11
-814850.186984483
 21
-74228.18668611383
 31
0.0
  0
LINE
  5
12F
330
17
100
AcDbEntity
  8
KM Dış Ölçü 100
100
AcDbLine
 10
-828625.5182186399
 20
-67578.20308961382
 30
0.0
 11
-828715.5182186429
 21
-67578.20308961382
 31
0.0
  0
LINE
  5
130
330
17
100
AcDbEntity
  8
KM Dış Ölçü 100
100
AcDbLine
 10
-828705.5182186431
 20
-67583.20308961382
 30
0.0
 11
-828705.5182186431
 21
-67521.60363756656
 31
0.0
  0
LINE
  5
131
330
17
100
AcDbEntity
  8
KM Dış Ölçü 100
100
AcDbLine
 10
-828725.5182186401
 20
-74028.0382924485
 30
0.0
 11
-828815.518218643
 21
-74028.0382924485
 31
0.0
  0
LINE
  5
132
330
17
100
AcDbEntity
  8
KM Dış Ölçü 100
100
AcDbLine
 10
-828805.5182186431
 20
-74033.0382924485
 30
0.0
 11
-828805.5182186431
 21
-67521.60363756656
 31
0.0
  0
LINE
  5
133
330
17
100
AcDbEntity
  8
KM Dış Ölçü 100
100
AcDbLine
 10
-811625.5220943725
 20
-74028.0382924485
 30
0.0
 11
-811535.5220943755
 21
-74028.0382924485
 31
0.0
  0
LINE
  5
134
330
17
100
AcDbEntity
  8
KM Dış Ölçü 100
100
AcDbLine
 10
-811545.5220943756
 20
-74033.0382924485
 30
0.0
 11
-811545.5220943756
 21
-67521.60363756656
 31
0.0
  0
LINE
  5
135
330
17
100
AcDbEntity
  8
KM Dış Ölçü 100
100
AcDbLine
 10
-811525.5220943724
 20
-67578.20308961382
 30
0.0
 11
-811435.5220943755
 21
-67578.20308961382
 31
0.0
  0
LINE
  5
136
330
17
100
AcDbEntity
  8
KM Dış Ölçü 100
100
AcDbLine
 10
-811445.5220943755
 20
-67583.20308961382
 30
0.0
 11
-811445.5220943755
 21
-67521.60363756656
 31
0.0
  0
LINE
  5
137
330
17
100
AcDbEntity
  8
KM Dış Ölçü 100
100
AcDbLine
 10
-811425.5220943723
 20
-74028.18668611383
 30
0.0
 11
-811335.5220943756
 21
-74028.18668611383
 31
0.0
  0
LINE
  5
138
330
17
100
AcDbEntity
  8
KM Dış Ölçü 100
100
AcDbLine
 10
-811345.5220943755
 20
-74033.18668611383
 30
0.0
 11
-811345.5220943755
 21
-67521.60363756656
 31
0.0
  0
LINE
  5
139
330
17
100
AcDbEntity
  8
KM Dış Ölçü 100
100
AcDbLine
 10
-828555.1038294784
 20
-73474.19734957242
 30
0.0
 11
-828615.5182186431
 21
-73474.19734957242
 31
0.0
  0
LINE
  5
13A
330
17
100
AcDbEntity
  8
KM Dış Ölçü 100
100
AcDbLine
 10
-828605.518218643
 20
-67521.60363756656
 30
0.0
 11
-828605.518218643
 21
-73479.19734957244
 31
0.0
  0
LINE
  5
13B
330
17
100
AcDbEntity
  8
KM Aks
100
AcDbLine
 10
-828907.238322903
 20
-69123.20173539629
 30
0.0
 11
-811244.3757643218
 21
-69123.20173539629
 31
0.0
  0
LINE
  5
13C
330
17
100
AcDbEntity
  8
VM Kesit Simge
100
AcDbLine
 10
-828804.1575753948
 20
-71666.41594888526
 30
0.0
 11
-811360.1108881272
 21
-71666.41579987365
 31
0.0
  0
LINE
  5
13D
330
17
100
AcDbEntity
  8
VM Kesit Simge
100
AcDbLine
 10
-826694.7180663625
 20
-74339.30174100131
 30
0.0
 11
-826694.7181469708
 21
-67119.74051631638
 31
0.0
  0
LINE
  5
13E
330
17
100
AcDbEntity
  8
VM Kesit Simge
100
AcDbLine
 10
-814216.7272733885
 20
-74339.30174100131
 30
0.0
 11
-814216.7273539968
 21
-67119.74051631638
 31
0.0
  0
LINE
  5
13F
330
17
100
AcDbEntity
  8
KM Temel Kot Plan
100
AcDbLine
 10
-816353.3702687926
 20
-71719.82276017114
 30
0.0
 11
-816159.6365732064
 21
-71719.82276017114
 31
0.0
  0
LINE
  5
140
330
17
100
AcDbEntity
  8
KM Temel Kot Plan
100
AcDbLine
 10
-816331.9203089114
 20
-71690.37280028977
 30
0.0
 11
-816331.9203089114
 21
-71741.2727200524
 31
0.0
  0
LINE
  5
141
330
17
100
AcDbEntity
  8
KM Temel Kot Plan
100
AcDbLine
 10
-816646.3212479895
 20
-71719.08555310313
 30
0.0
 11
-816452.5875524033
 21
-71719.08555310313
 31
0.0
  0
LINE
  5
142
330
17
100
AcDbEntity
  8
KM Temel Kot Plan
100
AcDbLine
 10
-816624.8712881083
 20
-71689.63559322187
 30
0.0
 11
-816624.8712881083
 21
-71740.53551298438
 31
0.0
  0
LINE
  5
143
330
17
100
AcDbEntity
  8
KM Temel Kot Plan
100
AcDbLine
 10
-817442.1089311207
 20
-71717.3182436782
 30
0.0
 11
-817248.3752355345
 21
-71717.3182436782
 31
0.0
  0
LINE
  5
144
330
17
100
AcDbEntity
  8
KM Temel Kot Plan
100
AcDbLine
 10
-817420.6589712396
 20
-71687.86828379694
 30
0.0
 11
-817420.6589712396
 21
-71738.76820355956
 31
0.0
  0
LINE
  5
145
330
17
100
AcDbEntity
  8
KM Temel Kot Plan
100
AcDbLine
 10
-823263.5812410086
 20
-71712.51086388608
 30
0.0
 11
-823069.8475454223
 21
-71712.51086388608
 31
0.0
  0
LINE
  5
146
330
17
100
AcDbEntity
  8
KM Temel Kot Plan
100
AcDbLine
 10
-823242.1312811275
 20
-71683.06090400473
 30
0.0
 11
-823242.1312811275
 21
-71733.96082376735
 31
0.0
  0
LINE
  5
147
330
17
100
AcDbEntity
  8
KM Temel Kot Plan
100
AcDbLine
 10
-823558.2803400665
 20
-71716.55028258113
 30
0.0
 11
-823364.5466444803
 21
-71716.55028258113
 31
0.0
  0
LINE
  5
148
330
17
100
AcDbEntity
  8
KM Temel Kot Plan
100
AcDbLine
 10
-823536.8303801854
 20
-71687.10032269987
 30
0.0
 11
-823536.8303801854
 21
-71738.0002424625
 31
0.0
  0
LINE
  5
149
330
17
100
AcDbEntity
  8
KM Temel Kot Plan
100
AcDbLine
 10
-824361.2116114551
 20
-71713.21888311917
 30
0.0
 11
-824167.4779158691
 21
-71713.21888311917
 31
0.0
  0
LINE
  5
14A
330
17
100
AcDbEntity
  8
KM Temel Kot Plan
100
AcDbLine
 10
-824339.761651574
 20
-71683.7689232378
 30
0.0
 11
-824339.761651574
 21
-71734.66884300043
 31
0.0
  0
LINE
  5
14B
330
17
100
AcDbEntity
  8
KM Temel Marka
100
AcDbLine
 10
-826552.269612625
 20
-70308.20978229749
 30
0.0
 11
-826418.9105292826
 21
-70308.20978229724
 31
0.0
  0
LINE
  5
14C
330
17
100
AcDbEntity
  8
KM Temel Kot Plan
100
AcDbLine
 10
-826627.535789019
 20
-70421.73633032164
 30
0.0
 11
-826328.6725003839
 21
-70421.73633032164
 31
0.0
  0
LINE
  5
14D
330
17
100
AcDbEntity
  8
KM Temel Kot Plan
100
AcDbLine
 10
-826606.0858291377
 20
-70392.28637044026
 30
0.0
 11
-826606.0858291377
 21
-70443.1862902029
 31
0.0
  0
LINE
  5
14E
330
17
100
AcDbEntity
  8
KM Temel Marka
100
AcDbLine
 10
-826552.269612625
 20
-71756.33052655729
 30
0.0
 11
-826418.9105292826
 21
-71756.33052655705
 31
0.0
  0
LINE
  5
14F
330
17
100
AcDbEntity
  8
KM Temel Kot Plan
100
AcDbLine
 10
-826627.535789019
 20
-71869.85707458144
 30
0.0
 11
-826328.6725003839
 21
-71869.85707458144
 31
0.0
  0
LINE
  5
150
330
17
100
AcDbEntity
  8
KM Temel Kot Plan
100
AcDbLine
 10
-826606.0858291377
 20
-71840.40711470006
 30
0.0
 11
-826606.0858291377
 21
-71891.30703446269
 31
0.0
  0
LINE
  5
151
330
17
100
AcDbEntity
  8
KM Temel Marka
100
AcDbLine
 10
-822357.2258796723
 20
-70308.20978229749
 30
0.0
 11
-822223.8667963296
 21
-70308.20978229724
 31
0.0
  0
LINE
  5
152
330
17
100
AcDbEntity
  8
KM Temel Kot Plan
100
AcDbLine
 10
-822432.4920560659
 20
-70421.73633032164
 30
0.0
 11
-822133.6287674305
 21
-70421.73633032164
 31
0.0
  0
LINE
  5
153
330
17
100
AcDbEntity
  8
KM Temel Kot Plan
100
AcDbLine
 10
-822411.0420961848
 20
-70392.28637044026
 30
0.0
 11
-822411.0420961848
 21
-70443.1862902029
 31
0.0
  0
LINE
  5
154
330
17
100
AcDbEntity
  8
KM Temel Marka
100
AcDbLine
 10
-822443.2101626548
 20
-71756.33052655729
 30
0.0
 11
-822309.8510793125
 21
-71756.33052655705
 31
0.0
  0
LINE
  5
155
330
17
100
AcDbEntity
  8
KM Temel Kot Plan
100
AcDbLine
 10
-822518.4763390487
 20
-71869.85707458144
 30
0.0
 11
-822219.6130504136
 21
-71869.85707458144
 31
0.0
  0
LINE
  5
156
330
17
100
AcDbEntity
  8
KM Temel Kot Plan
100
AcDbLine
 10
-822497.0263791673
 20
-71840.40711470006
 30
0.0
 11
-822497.0263791673
 21
-71891.30703446269
 31
0.0
  0
LINE
  5
157
330
17
100
AcDbEntity
  8
KM Temel Marka
100
AcDbLine
 10
-819615.533700573
 20
-70308.20978229749
 30
0.0
 11
-819482.1746172305
 21
-70308.20978229724
 31
0.0
  0
LINE
  5
158
330
17
100
AcDbEntity
  8
KM Temel Kot Plan
100
AcDbLine
 10
-819690.7998769667
 20
-70421.73633032164
 30
0.0
 11
-819391.9365883314
 21
-70421.73633032164
 31
0.0
  0
LINE
  5
159
330
17
100
AcDbEntity
  8
KM Temel Kot Plan
100
AcDbLine
 10
-819669.3499170857
 20
-70392.28637044026
 30
0.0
 11
-819669.3499170857
 21
-70443.1862902029
 31
0.0
  0
LINE
  5
15A
330
17
100
AcDbEntity
  8
KM Temel Marka
100
AcDbLine
 10
-819615.533700573
 20
-71756.33052655729
 30
0.0
 11
-819482.1746172305
 21
-71756.33052655705
 31
0.0
  0
LINE
  5
15B
330
17
100
AcDbEntity
  8
KM Temel Kot Plan
100
AcDbLine
 10
-819690.7998769667
 20
-71869.85707458144
 30
0.0
 11
-819391.9365883314
 21
-71869.85707458144
 31
0.0
  0
LINE
  5
15C
330
17
100
AcDbEntity
  8
KM Temel Kot Plan
100
AcDbLine
 10
-819669.3499170857
 20
-71840.40711470006
 30
0.0
 11
-819669.3499170857
 21
-71891.30703446269
 31
0.0
  0
LINE
  5
15D
330
17
100
AcDbEntity
  8
KM Temel Marka
100
AcDbLine
 10
-817923.0900700501
 20
-70308.20978229749
 30
0.0
 11
-817789.7309867075
 21
-70308.20978229724
 31
0.0
  0
LINE
  5
15E
330
17
100
AcDbEntity
  8
KM Temel Kot Plan
100
AcDbLine
 10
-817998.3562464437
 20
-70421.73633032164
 30
0.0
 11
-817699.4929578084
 21
-70421.73633032164
 31
0.0
  0
LINE
  5
15F
330
17
100
AcDbEntity
  8
KM Temel Kot Plan
100
AcDbLine
 10
-817976.9062865624
 20
-70392.28637044026
 30
0.0
 11
-817976.9062865624
 21
-70443.1862902029
 31
0.0
  0
LINE
  5
160
330
17
100
AcDbEntity
  8
KM Temel Marka
100
AcDbLine
 10
-817923.0900700501
 20
-71756.33052655729
 30
0.0
 11
-817789.7309867075
 21
-71756.33052655705
 31
0.0
  0
LINE
  5
161
330
17
100
AcDbEntity
  8
KM Temel Kot Plan
100
AcDbLine
 10
-817998.3562464437
 20
-71869.85707458144
 30
0.0
 11
-817699.4929578084
 21
-71869.85707458144
 31
0.0
  0
LINE
  5
162
330
17
100
AcDbEntity
  8
KM Temel Kot Plan
100
AcDbLine
 10
-817976.9062865624
 20
-71840.40711470006
 30
0.0
 11
-817976.9062865624
 21
-71891.30703446269
 31
0.0
  0
LINE
  5
163
330
17
100
AcDbEntity
  8
KM Temel Marka
100
AcDbLine
 10
-814448.812999192
 20
-70308.20978229749
 30
0.0
 11
-814315.4539158496
 21
-70308.20978229724
 31
0.0
  0
LINE
  5
164
330
17
100
AcDbEntity
  8
KM Temel Kot Plan
100
AcDbLine
 10
-814524.0791755858
 20
-70421.73633032164
 30
0.0
 11
-814225.2158869505
 21
-70421.73633032164
 31
0.0
  0
LINE
  5
165
330
17
100
AcDbEntity
  8
KM Temel Kot Plan
100
AcDbLine
 10
-814502.6292157046
 20
-70392.28637044026
 30
0.0
 11
-814502.6292157046
 21
-70443.1862902029
 31
0.0
  0
LINE
  5
166
330
17
100
AcDbEntity
  8
KM Temel Marka
100
AcDbLine
 10
-814408.8949726148
 20
-71756.33052655729
 30
0.0
 11
-814275.5358892723
 21
-71756.33052655705
 31
0.0
  0
LINE
  5
167
330
17
100
AcDbEntity
  8
KM Temel Kot Plan
100
AcDbLine
 10
-814484.1611490085
 20
-71869.85707458144
 30
0.0
 11
-814185.2978603735
 21
-71869.85707458144
 31
0.0
  0
LINE
  5
168
330
17
100
AcDbEntity
  8
KM Temel Kot Plan
100
AcDbLine
 10
-814462.7111891272
 20
-71840.40711470006
 30
0.0
 11
-814462.7111891272
 21
-71891.30703446269
 31
0.0
  0
LINE
  5
169
330
17
100
AcDbEntity
  8
KM Temel Marka
100
AcDbLine
 10
-815832.3552712372
 20
-70308.20978229749
 30
0.0
 11
-815698.9961878947
 21
-70308.20978229724
 31
0.0
  0
LINE
  5
16A
330
17
100
AcDbEntity
  8
KM Temel Kot Plan
100
AcDbLine
 10
-815907.6214476309
 20
-70421.73633032164
 30
0.0
 11
-815608.7581589957
 21
-70421.73633032164
 31
0.0
  0
LINE
  5
16B
330
17
100
AcDbEntity
  8
KM Temel Kot Plan
100
AcDbLine
 10
-815886.1714877499
 20
-70392.28637044026
 30
0.0
 11
-815886.1714877499
 21
-70443.1862902029
 31
0.0
  0
LINE
  5
16C
330
17
100
AcDbEntity
  8
KM Temel Marka
100
AcDbLine
 10
-815477.1932749925
 20
-71780.626964745
 30
0.0
 11
-815343.8341916499
 21
-71780.62696474488
 31
0.0
  0
LINE
  5
16D
330
17
100
AcDbEntity
  8
KM Temel Kot Plan
100
AcDbLine
 10
-815552.4594513865
 20
-71894.15351276915
 30
0.0
 11
-815253.5961627512
 21
-71894.15351276915
 31
0.0
  0
LINE
  5
16E
330
17
100
AcDbEntity
  8
KM Temel Kot Plan
100
AcDbLine
 10
-815531.0094915051
 20
-71864.70355288789
 30
0.0
 11
-815531.0094915051
 21
-71915.60347265052
 31
0.0
  0
LINE
  5
16F
330
17
100
AcDbEntity
  8
KM Temel Marka
100
AcDbLine
 10
-824836.3998814074
 20
-70308.20978229749
 30
0.0
 11
-824703.040798065
 21
-70308.20978229724
 31
0.0
  0
LINE
  5
170
330
17
100
AcDbEntity
  8
KM Temel Kot Plan
100
AcDbLine
 10
-824911.6660578015
 20
-70421.73633032164
 30
0.0
 11
-824612.8027691662
 21
-70421.73633032164
 31
0.0
  0
LINE
  5
171
330
17
100
AcDbEntity
  8
KM Temel Kot Plan
100
AcDbLine
 10
-824890.21609792
 20
-70392.28637044026
 30
0.0
 11
-824890.21609792
 21
-70443.1862902029
 31
0.0
  0
LINE
  5
172
330
17
100
AcDbEntity
  8
KM Temel Marka
100
AcDbLine
 10
-824853.0917033198
 20
-71756.33052655729
 30
0.0
 11
-824719.7326199772
 21
-71756.33052655705
 31
0.0
  0
LINE
  5
173
330
17
100
AcDbEntity
  8
KM Temel Kot Plan
100
AcDbLine
 10
-824928.3578797134
 20
-71869.85707458144
 30
0.0
 11
-824629.4945910783
 21
-71869.85707458144
 31
0.0
  0
LINE
  5
174
330
17
100
AcDbEntity
  8
KM Temel Kot Plan
100
AcDbLine
 10
-824906.9079198322
 20
-71840.40711470006
 30
0.0
 11
-824906.9079198322
 21
-71891.30703446269
 31
0.0
  0
LINE
  5
175
330
17
100
AcDbEntity
  8
KM Temel Marka
100
AcDbLine
 10
-826366.8368657727
 20
-69568.37111973995
 30
0.0
 11
-826233.4777824305
 21
-69568.37111973984
 31
0.0
  0
LINE
  5
176
330
17
100
AcDbEntity
  8
KM Temel Kot Plan
100
AcDbLine
 10
-826442.1030421667
 20
-69681.8976677641
 30
0.0
 11
-826143.2397535314
 21
-69681.8976677641
 31
0.0
  0
LINE
  5
177
330
17
100
AcDbEntity
  8
KM Temel Kot Plan
100
AcDbLine
 10
-826420.6530822853
 20
-69652.44770788273
 30
0.0
 11
-826420.6530822853
 21
-69703.34762764536
 31
0.0
  0
LINE
  5
178
330
17
100
AcDbEntity
  8
KM Temel Marka
100
AcDbLine
 10
-824653.2927057861
 20
-69565.24255852518
 30
0.0
 11
-824519.9336224436
 21
-69565.24255852494
 31
0.0
  0
LINE
  5
179
330
17
100
AcDbEntity
  8
KM Temel Kot Plan
100
AcDbLine
 10
-824728.5588821799
 20
-69678.76910654921
 30
0.0
 11
-824429.6955935447
 21
-69678.76910654921
 31
0.0
  0
LINE
  5
17A
330
17
100
AcDbEntity
  8
KM Temel Kot Plan
100
AcDbLine
 10
-824707.1089222988
 20
-69649.31914666796
 30
0.0
 11
-824707.1089222988
 21
-69700.21906643058
 31
0.0
  0
LINE
  5
17B
330
17
100
AcDbEntity
  8
KM Temel Marka
100
AcDbLine
 10
-821831.8886177257
 20
-69577.36813150917
 30
0.0
 11
-821698.5295343832
 21
-69577.36813150893
 31
0.0
  0
LINE
  5
17C
330
17
100
AcDbEntity
  8
KM Temel Kot Plan
100
AcDbLine
 10
-821907.1547941195
 20
-69690.8946795332
 30
0.0
 11
-821608.2915054844
 21
-69690.8946795332
 31
0.0
  0
LINE
  5
17D
330
17
100
AcDbEntity
  8
KM Temel Kot Plan
100
AcDbLine
 10
-821885.7048342384
 20
-69661.44471965195
 30
0.0
 11
-821885.7048342384
 21
-69712.34463941457
 31
0.0
  0
LINE
  5
17E
330
17
100
AcDbEntity
  8
KM Temel Marka
100
AcDbLine
 10
-819859.2723353826
 20
-69559.97322423977
 30
0.0
 11
-819725.91325204
 21
-69559.97322423966
 31
0.0
  0
LINE
  5
17F
330
17
100
AcDbEntity
  8
KM Temel Kot Plan
100
AcDbLine
 10
-819934.5385117764
 20
-69673.49977226392
 30
0.0
 11
-819635.6752231412
 21
-69673.49977226392
 31
0.0
  0
LINE
  5
180
330
17
100
AcDbEntity
  8
KM Temel Kot Plan
100
AcDbLine
 10
-819913.0885518952
 20
-69644.04981238255
 30
0.0
 11
-819913.0885518952
 21
-69694.94973214516
 31
0.0
  0
LINE
  5
181
330
17
100
AcDbEntity
  8
KM Temel Marka
100
AcDbLine
 10
-818136.3930058067
 20
-69556.84161977889
 30
0.0
 11
-818003.0339224644
 21
-69556.84161977866
 31
0.0
  0
LINE
  5
182
330
17
100
AcDbEntity
  8
KM Temel Kot Plan
100
AcDbLine
 10
-818211.6591822007
 20
-69670.36816780292
 30
0.0
 11
-817912.7958935653
 21
-69670.36816780292
 31
0.0
  0
LINE
  5
183
330
17
100
AcDbEntity
  8
KM Temel Kot Plan
100
AcDbLine
 10
-818190.2092223193
 20
-69640.91820792167
 30
0.0
 11
-818190.2092223193
 21
-69691.8181276843
 31
0.0
  0
LINE
  5
184
330
17
100
AcDbEntity
  8
KM Temel Marka
100
AcDbLine
 10
-815467.9605048127
 20
-69570.58056312776
 30
0.0
 11
-815334.60142147
 21
-69570.58056312753
 31
0.0
  0
LINE
  5
185
330
17
100
AcDbEntity
  8
KM Temel Kot Plan
100
AcDbLine
 10
-815543.2266812065
 20
-69684.1071111518
 30
0.0
 11
-815244.3633925711
 21
-69684.1071111518
 31
0.0
  0
LINE
  5
186
330
17
100
AcDbEntity
  8
KM Temel Kot Plan
100
AcDbLine
 10
-815521.7767213254
 20
-69654.65715127054
 30
0.0
 11
-815521.7767213254
 21
-69705.55707103317
 31
0.0
  0
LINE
  5
187
330
17
100
AcDbEntity
  8
KM Temel Marka
100
AcDbLine
 10
-814433.9008157704
 20
-69560.02455938805
 30
0.0
 11
-814300.541732428
 21
-69560.02455938782
 31
0.0
  0
LINE
  5
188
330
17
100
AcDbEntity
  8
KM Temel Kot Plan
100
AcDbLine
 10
-814509.1669921642
 20
-69673.55110741209
 30
0.0
 11
-814210.303703529
 21
-69673.55110741209
 31
0.0
  0
LINE
  5
189
330
17
100
AcDbEntity
  8
KM Temel Kot Plan
100
AcDbLine
 10
-814487.7170322828
 20
-69644.10114753072
 30
0.0
 11
-814487.7170322828
 21
-69695.00106729346
 31
0.0
  0
LINE
  5
18A
330
17
100
AcDbEntity
  8
KM Temel Marka
100
AcDbLine
 10
-826356.7917826447
 20
-73066.56014864426
 30
0.0
 11
-826223.432699302
 21
-73066.56014864403
 31
0.0
  0
LINE
  5
18B
330
17
100
AcDbEntity
  8
KM Temel Kot Plan
100
AcDbLine
 10
-826432.0579590384
 20
-73180.0866966683
 30
0.0
 11
-826133.194670403
 21
-73180.0866966683
 31
0.0
  0
LINE
  5
18C
330
17
100
AcDbEntity
  8
KM Temel Kot Plan
100
AcDbLine
 10
-826410.6079991572
 20
-73150.63673678704
 30
0.0
 11
-826410.6079991572
 21
-73201.53665654967
 31
0.0
  0
LINE
  5
18D
330
17
100
AcDbEntity
  8
KM Temel Marka
100
AcDbLine
 10
-824658.1382014833
 20
-73066.56014864426
 30
0.0
 11
-824524.779118141
 21
-73066.56014864403
 31
0.0
  0
LINE
  5
18E
330
17
100
AcDbEntity
  8
KM Temel Kot Plan
100
AcDbLine
 10
-824733.4043778772
 20
-73180.0866966683
 30
0.0
 11
-824434.5410892419
 21
-73180.0866966683
 31
0.0
  0
LINE
  5
18F
330
17
100
AcDbEntity
  8
KM Temel Kot Plan
100
AcDbLine
 10
-824711.9544179959
 20
-73150.63673678704
 30
0.0
 11
-824711.9544179959
 21
-73201.53665654967
 31
0.0
  0
LINE
  5
190
330
17
100
AcDbEntity
  8
KM Temel Marka
100
AcDbLine
 10
-822529.8679730512
 20
-73066.56014864426
 30
0.0
 11
-822396.5088897084
 21
-73066.56014864403
 31
0.0
  0
LINE
  5
191
330
17
100
AcDbEntity
  8
KM Temel Kot Plan
100
AcDbLine
 10
-822605.1341494448
 20
-73180.0866966683
 30
0.0
 11
-822306.2708608095
 21
-73180.0866966683
 31
0.0
  0
LINE
  5
192
330
17
100
AcDbEntity
  8
KM Temel Kot Plan
100
AcDbLine
 10
-822583.6841895636
 20
-73150.63673678704
 30
0.0
 11
-822583.6841895636
 21
-73201.53665654967
 31
0.0
  0
LINE
  5
193
330
17
100
AcDbEntity
  8
KM Temel Marka
100
AcDbLine
 10
-819882.6701149044
 20
-73066.56014864426
 30
0.0
 11
-819749.311031562
 21
-73066.56014864403
 31
0.0
  0
LINE
  5
194
330
17
100
AcDbEntity
  8
KM Temel Kot Plan
100
AcDbLine
 10
-819957.9362912982
 20
-73180.0866966683
 30
0.0
 11
-819659.0730026629
 21
-73180.0866966683
 31
0.0
  0
LINE
  5
195
330
17
100
AcDbEntity
  8
KM Temel Kot Plan
100
AcDbLine
 10
-819936.4863314171
 20
-73150.63673678704
 30
0.0
 11
-819936.4863314171
 21
-73201.53665654967
 31
0.0
  0
LINE
  5
196
330
17
100
AcDbEntity
  8
KM Temel Marka
100
AcDbLine
 10
-818127.8316572633
 20
-73066.56014864426
 30
0.0
 11
-817994.4725739206
 21
-73066.56014864403
 31
0.0
  0
LINE
  5
197
330
17
100
AcDbEntity
  8
KM Temel Kot Plan
100
AcDbLine
 10
-818203.097833657
 20
-73180.0866966683
 30
0.0
 11
-817904.2345450218
 21
-73180.0866966683
 31
0.0
  0
LINE
  5
198
330
17
100
AcDbEntity
  8
KM Temel Kot Plan
100
AcDbLine
 10
-818181.6478737758
 20
-73150.63673678704
 30
0.0
 11
-818181.6478737758
 21
-73201.53665654967
 31
0.0
  0
LINE
  5
199
330
17
100
AcDbEntity
  8
KM Temel Marka
100
AcDbLine
 10
-815489.3397862876
 20
-73066.56014864426
 30
0.0
 11
-815355.980702945
 21
-73066.56014864403
 31
0.0
  0
LINE
  5
19A
330
17
100
AcDbEntity
  8
KM Temel Kot Plan
100
AcDbLine
 10
-815564.6059626814
 20
-73180.0866966683
 30
0.0
 11
-815265.7426740458
 21
-73180.0866966683
 31
0.0
  0
LINE
  5
19B
330
17
100
AcDbEntity
  8
KM Temel Kot Plan
100
AcDbLine
 10
-815543.1560028002
 20
-73150.63673678704
 30
0.0
 11
-815543.1560028002
 21
-73201.53665654967
 31
0.0
  0
LINE
  5
19C
330
17
100
AcDbEntity
  8
KM Temel Marka
100
AcDbLine
 10
-814488.7200609487
 20
-73066.56014864426
 30
0.0
 11
-814355.3609776061
 21
-73066.56014864403
 31
0.0
  0
LINE
  5
19D
330
17
100
AcDbEntity
  8
KM Temel Kot Plan
100
AcDbLine
 10
-814563.9862373425
 20
-73180.0866966683
 30
0.0
 11
-814265.1229487071
 21
-73180.0866966683
 31
0.0
  0
LINE
  5
19E
330
17
100
AcDbEntity
  8
KM Temel Kot Plan
100
AcDbLine
 10
-814542.5362774611
 20
-73150.63673678704
 30
0.0
 11
-814542.5362774611
 21
-73201.53665654967
 31
0.0
  0
LINE
  5
19F
330
17
100
AcDbEntity
  8
KM Temel Marka
100
AcDbLine
 10
-827920.1795733287
 20
-73066.56014864426
 30
0.0
 11
-827786.8204899862
 21
-73066.56014864403
 31
0.0
  0
LINE
  5
1A0
330
17
100
AcDbEntity
  8
KM Temel Kot Plan
100
AcDbLine
 10
-827995.4457497227
 20
-73180.0866966683
 30
0.0
 11
-827696.5824610874
 21
-73180.0866966683
 31
0.0
  0
LINE
  5
1A1
330
17
100
AcDbEntity
  8
KM Temel Kot Plan
100
AcDbLine
 10
-827973.9957898412
 20
-73150.63673678704
 30
0.0
 11
-827973.9957898412
 21
-73201.53665654967
 31
0.0
  0
LINE
  5
1A2
330
17
100
AcDbEntity
  8
KM Temel Marka
100
AcDbLine
 10
-827963.6680389697
 20
-71784.31732638553
 30
0.0
 11
-827830.3089556271
 21
-71784.31732638541
 31
0.0
  0
LINE
  5
1A3
330
17
100
AcDbEntity
  8
KM Temel Kot Plan
100
AcDbLine
 10
-828038.9342153636
 20
-71897.84387440968
 30
0.0
 11
-827740.0709267284
 21
-71897.84387440968
 31
0.0
  0
LINE
  5
1A4
330
17
100
AcDbEntity
  8
KM Temel Kot Plan
100
AcDbLine
 10
-828017.4842554826
 20
-71868.39391452842
 30
0.0
 11
-828017.4842554826
 21
-71919.29383429105
 31
0.0
  0
LINE
  5
1A5
330
17
100
AcDbEntity
  8
KM Temel Marka
100
AcDbLine
 10
-827972.6083499019
 20
-70308.20978229749
 30
0.0
 11
-827839.2492665593
 21
-70308.20978229724
 31
0.0
  0
LINE
  5
1A6
330
17
100
AcDbEntity
  8
KM Temel Kot Plan
100
AcDbLine
 10
-828047.8745262957
 20
-70421.73633032164
 30
0.0
 11
-827749.0112376604
 21
-70421.73633032164
 31
0.0
  0
LINE
  5
1A7
330
17
100
AcDbEntity
  8
KM Temel Kot Plan
100
AcDbLine
 10
-828026.4245664146
 20
-70392.28637044026
 30
0.0
 11
-828026.4245664146
 21
-70443.1862902029
 31
0.0
  0
LINE
  5
1A8
330
17
100
AcDbEntity
  8
KM Temel Marka
100
AcDbLine
 10
-827997.6141930573
 20
-68873.97605728416
 30
0.0
 11
-827864.2551097147
 21
-68873.97605728405
 31
0.0
  0
LINE
  5
1A9
330
17
100
AcDbEntity
  8
KM Temel Kot Plan
100
AcDbLine
 10
-828072.8803694511
 20
-68987.50260530831
 30
0.0
 11
-827774.0170808159
 21
-68987.50260530831
 31
0.0
  0
LINE
  5
1AA
330
17
100
AcDbEntity
  8
KM Temel Kot Plan
100
AcDbLine
 10
-828051.4304095701
 20
-68958.05264542706
 30
0.0
 11
-828051.4304095701
 21
-69008.95256518968
 31
0.0
  0
LINE
  5
1AB
330
17
100
AcDbEntity
  8
KM Temel Marka
100
AcDbLine
 10
-812402.6228483774
 20
-73067.6727546642
 30
0.0
 11
-812269.263765035
 21
-73067.67275466397
 31
0.0
  0
LINE
  5
1AC
330
17
100
AcDbEntity
  8
KM Temel Kot Plan
100
AcDbLine
 10
-812477.8890247712
 20
-73181.19930268824
 30
0.0
 11
-812179.0257361359
 21
-73181.19930268824
 31
0.0
  0
LINE
  5
1AD
330
17
100
AcDbEntity
  8
KM Temel Kot Plan
100
AcDbLine
 10
-812456.4390648899
 20
-73151.74934280699
 30
0.0
 11
-812456.4390648899
 21
-73202.64926256961
 31
0.0
  0
LINE
  5
1AE
330
17
100
AcDbEntity
  8
KM Temel Marka
100
AcDbLine
 10
-812349.768931746
 20
-71782.35408165085
 30
0.0
 11
-812216.4098484037
 21
-71782.35408165061
 31
0.0
  0
LINE
  5
1AF
330
17
100
AcDbEntity
  8
KM Temel Kot Plan
100
AcDbLine
 10
-812425.03510814
 20
-71895.880629675
 30
0.0
 11
-812126.1718195047
 21
-71895.880629675
 31
0.0
  0
LINE
  5
1B0
330
17
100
AcDbEntity
  8
KM Temel Kot Plan
100
AcDbLine
 10
-812403.5851482586
 20
-71866.43066979363
 30
0.0
 11
-812403.5851482586
 21
-71917.33058955625
 31
0.0
  0
LINE
  5
1B1
330
17
100
AcDbEntity
  8
KM Temel Marka
100
AcDbLine
 10
-812349.768931746
 20
-70308.20978229749
 30
0.0
 11
-812216.4098484037
 21
-70308.20978229724
 31
0.0
  0
LINE
  5
1B2
330
17
100
AcDbEntity
  8
KM Temel Kot Plan
100
AcDbLine
 10
-812425.03510814
 20
-70421.73633032164
 30
0.0
 11
-812126.1718195047
 21
-70421.73633032164
 31
0.0
  0
LINE
  5
1B3
330
17
100
AcDbEntity
  8
KM Temel Kot Plan
100
AcDbLine
 10
-812403.5851482586
 20
-70392.28637044026
 30
0.0
 11
-812403.5851482586
 21
-70443.1862902029
 31
0.0
  0
LINE
  5
1B4
330
17
100
AcDbEntity
  8
KM Temel Marka
100
AcDbLine
 10
-812374.7747749016
 20
-68864.74560843641
 30
0.0
 11
-812241.415691559
 21
-68864.74560843618
 31
0.0
  0
LINE
  5
1B5
330
17
100
AcDbEntity
  8
KM Temel Kot Plan
100
AcDbLine
 10
-812450.0409512956
 20
-68978.27215646044
 30
0.0
 11
-812151.1776626603
 21
-68978.27215646044
 31
0.0
  0
LINE
  5
1B6
330
17
100
AcDbEntity
  8
KM Temel Kot Plan
100
AcDbLine
 10
-812428.590991414
 20
-68948.82219657919
 30
0.0
 11
-812428.590991414
 21
-68999.72211634181
 31
0.0
  0
LINE
  5
1B7
330
17
100
AcDbEntity
  8
KM Temel Marka
100
AcDbLine
 10
-814451.1563621907
 20
-68871.08247866668
 30
0.0
 11
-814317.7972788484
 21
-68871.08247866656
 31
0.0
  0
LINE
  5
1B8
330
17
100
AcDbEntity
  8
KM Temel Kot Plan
100
AcDbLine
 10
-814526.4225385846
 20
-68984.60902669083
 30
0.0
 11
-814227.5592499494
 21
-68984.60902669083
 31
0.0
  0
LINE
  5
1B9
330
17
100
AcDbEntity
  8
KM Temel Kot Plan
100
AcDbLine
 10
-814504.9725787032
 20
-68955.15906680957
 30
0.0
 11
-814504.9725787032
 21
-69006.0589865722
 31
0.0
  0
LINE
  5
1BA
330
17
100
AcDbEntity
  8
KM Temel Marka
100
AcDbLine
 10
-824778.297346197
 20
-68626.27483216871
 30
0.0
 11
-824644.9382628544
 21
-68626.27483216846
 31
0.0
  0
LINE
  5
1BB
330
17
100
AcDbEntity
  8
KM Temel Kot Plan
100
AcDbLine
 10
-824853.5635225906
 20
-68739.80138019286
 30
0.0
 11
-824554.7002339554
 21
-68739.80138019286
 31
0.0
  0
LINE
  5
1BC
330
17
100
AcDbEntity
  8
KM Temel Kot Plan
100
AcDbLine
 10
-824832.1135627094
 20
-68710.35142031149
 30
0.0
 11
-824832.1135627094
 21
-68761.25134007412
 31
0.0
  0
LINE
  5
1BD
330
17
100
AcDbEntity
  8
KM Temel Marka
100
AcDbLine
 10
-823135.6608739204
 20
-68626.27483216871
 30
0.0
 11
-823002.3017905779
 21
-68626.27483216846
 31
0.0
  0
LINE
  5
1BE
330
17
100
AcDbEntity
  8
KM Temel Kot Plan
100
AcDbLine
 10
-823210.9270503141
 20
-68739.80138019286
 30
0.0
 11
-822912.0637616791
 21
-68739.80138019286
 31
0.0
  0
LINE
  5
1BF
330
17
100
AcDbEntity
  8
KM Temel Kot Plan
100
AcDbLine
 10
-823189.4770904331
 20
-68710.35142031149
 30
0.0
 11
-823189.4770904331
 21
-68761.25134007412
 31
0.0
  0
LINE
  5
1C0
330
17
100
AcDbEntity
  8
KM Temel Marka
100
AcDbLine
 10
-826403.6426066933
 20
-68915.04198784263
 30
0.0
 11
-826270.2835233508
 21
-68915.04198784253
 31
0.0
  0
LINE
  5
1C1
330
17
100
AcDbEntity
  8
KM Temel Kot Plan
100
AcDbLine
 10
-826478.9087830873
 20
-69028.5685358668
 30
0.0
 11
-826180.0454944518
 21
-69028.5685358668
 31
0.0
  0
LINE
  5
1C2
330
17
100
AcDbEntity
  8
KM Temel Kot Plan
100
AcDbLine
 10
-826457.458823206
 20
-68999.11857598554
 30
0.0
 11
-826457.458823206
 21
-69050.01849574817
 31
0.0
  0
LINE
  5
1C3
330
17
100
AcDbEntity
  8
KM Temel Marka
100
AcDbLine
 10
-818731.335815089
 20
-68387.63355554384
 30
0.0
 11
-818597.9767317466
 21
-68387.63355554373
 31
0.0
  0
LINE
  5
1C4
330
17
100
AcDbEntity
  8
KM Temel Kot Plan
100
AcDbLine
 10
-818806.6019914828
 20
-68501.16010356799
 30
0.0
 11
-818507.7387028476
 21
-68501.16010356799
 31
0.0
  0
LINE
  5
1C5
330
17
100
AcDbEntity
  8
KM Temel Kot Plan
100
AcDbLine
 10
-818785.1520316016
 20
-68471.71014368672
 30
0.0
 11
-818785.1520316016
 21
-68522.61006344936
 31
0.0
  0
LINE
  5
1C6
330
17
100
AcDbEntity
  8
KM Temel Marka
100
AcDbLine
 10
-817044.5363419892
 20
-68387.63355554384
 30
0.0
 11
-816911.1772586466
 21
-68387.63355554373
 31
0.0
  0
LINE
  5
1C7
330
17
100
AcDbEntity
  8
KM Temel Kot Plan
100
AcDbLine
 10
-817119.802518383
 20
-68501.16010356799
 30
0.0
 11
-816820.9392297477
 21
-68501.16010356799
 31
0.0
  0
LINE
  5
1C8
330
17
100
AcDbEntity
  8
KM Temel Kot Plan
100
AcDbLine
 10
-817098.3525585018
 20
-68471.71014368672
 30
0.0
 11
-817098.3525585018
 21
-68522.61006344936
 31
0.0
  0
LINE
  5
1C9
330
17
100
AcDbEntity
  8
KM Temel Marka
100
AcDbLine
 10
-815411.3737651183
 20
-68387.63355554384
 30
0.0
 11
-815278.0146817756
 21
-68387.63355554373
 31
0.0
  0
LINE
  5
1CA
330
17
100
AcDbEntity
  8
KM Temel Kot Plan
100
AcDbLine
 10
-815486.6399415119
 20
-68501.16010356799
 30
0.0
 11
-815187.7766528768
 21
-68501.16010356799
 31
0.0
  0
LINE
  5
1CB
330
17
100
AcDbEntity
  8
KM Temel Kot Plan
100
AcDbLine
 10
-815465.1899816308
 20
-68471.71014368672
 30
0.0
 11
-815465.1899816308
 21
-68522.61006344936
 31
0.0
  0
LINE
  5
1CC
330
17
100
AcDbEntity
  8
KM Temel Marka
100
AcDbLine
 10
-819656.39063519
 20
-68878.85154989967
 30
0.0
 11
-819523.0315518472
 21
-68878.85154989955
 31
0.0
  0
LINE
  5
1CD
330
17
100
AcDbEntity
  8
KM Temel Kot Plan
100
AcDbLine
 10
-819731.6568115836
 20
-68992.37809792382
 30
0.0
 11
-819432.7935229484
 21
-68992.37809792382
 31
0.0
  0
LINE
  5
1CE
330
17
100
AcDbEntity
  8
KM Temel Kot Plan
100
AcDbLine
 10
-819710.2068517024
 20
-68962.92813804255
 30
0.0
 11
-819710.2068517024
 21
-69013.82805780519
 31
0.0
  0
LINE
  5
1CF
330
17
100
AcDbEntity
  8
KM Temel Kot Plan
100
AcDbLine
 10
-820348.8462305779
 20
-72173.76828300708
 30
0.0
 11
-820348.8462305779
 21
-71980.03458742099
 31
0.0
  0
LINE
  5
1D0
330
17
100
AcDbEntity
  8
KM Temel Kot Plan
100
AcDbLine
 10
-820378.2961904593
 20
-72152.31832312571
 30
0.0
 11
-820327.3962706969
 21
-72152.31832312571
 31
0.0
  0
LINE
  5
1D1
330
17
100
AcDbEntity
  8
KM Temel Kot Plan
100
AcDbLine
 10
-820677.058894464
 20
-72176.0525311576
 30
0.0
 11
-820677.058894464
 21
-71982.31883557152
 31
0.0
  0
LINE
  5
1D2
330
17
100
AcDbEntity
  8
KM Temel Kot Plan
100
AcDbLine
 10
-820706.5088543451
 20
-72154.60257127625
 30
0.0
 11
-820655.6089345824
 21
-72154.60257127625
 31
0.0
  0
LINE
  5
1D3
330
17
100
AcDbEntity
  8
KM Temel Kot Plan
100
AcDbLine
 10
-820307.1375715138
 20
-67836.06580075854
 30
0.0
 11
-820307.1375715138
 21
-67642.33210517245
 31
0.0
  0
LINE
  5
1D4
330
17
100
AcDbEntity
  8
KM Temel Kot Plan
100
AcDbLine
 10
-820336.587531395
 20
-67814.61584087717
 30
0.0
 11
-820285.6876116323
 21
-67814.61584087717
 31
0.0
  0
LINE
  5
1D5
330
17
100
AcDbEntity
  8
KM Temel Kot Plan
100
AcDbLine
 10
-820634.5637271311
 20
-67836.06580075854
 30
0.0
 11
-820634.5637271311
 21
-67642.33210517245
 31
0.0
  0
LINE
  5
1D6
330
17
100
AcDbEntity
  8
KM Temel Kot Plan
100
AcDbLine
 10
-820664.0136870124
 20
-67814.61584087717
 30
0.0
 11
-820613.1137672497
 21
-67814.61584087717
 31
0.0
  0
LINE
  5
1D7
330
17
100
AcDbEntity
  8
KM Kolon Tarama
100
AcDbLine
 10
-824405.6171695027
 20
-71410.68321684352
 30
0.0
 11
-824403.1073329689
 21
-71408.17338030972
 31
0.0
  0
LINE
  5
1D8
330
17
100
AcDbEntity
  8
KM Kolon Tarama
100
AcDbLine
 10
-824405.6171695027
 20
-71428.36088637321
 30
0.0
 11
-824385.429663439
 21
-71408.17338030972
 31
0.0
  0
LINE
  5
1D9
330
17
100
AcDbEntity
  8
KM Kolon Tarama
100
AcDbLine
 10
-824405.6171695027
 20
-71446.0385559029
 30
0.0
 11
-824367.7519939096
 21
-71408.17338030972
 31
0.0
  0
LINE
  5
1DA
330
17
100
AcDbEntity
  8
KM Kolon Tarama
100
AcDbLine
 10
-824405.6171695027
 20
-71463.71622543258
 30
0.0
 11
-824365.6170992142
 21
-71423.71615514392
 31
0.0
  0
LINE
  5
1DB
330
17
100
AcDbEntity
  8
KM Kolon Tarama
100
AcDbLine
 10
-824405.6171695027
 20
-71481.39389496225
 30
0.0
 11
-824365.6174504329
 21
-71441.39417589246
 31
0.0
  0
LINE
  5
1DC
330
17
100
AcDbEntity
  8
KM Kolon Tarama
100
AcDbLine
 10
-824404.7219989313
 20
-71498.17639392056
 30
0.0
 11
-824365.617801652
 21
-71459.07219664112
 31
0.0
  0
LINE
  5
1DD
330
17
100
AcDbEntity
  8
KM Kolon Tarama
100
AcDbLine
 10
-824387.0443294015
 20
-71498.17639392056
 30
0.0
 11
-824365.6181528711
 21
-71476.75021738978
 31
0.0
  0
LINE
  5
1DE
330
17
100
AcDbEntity
  8
KM Kolon Tarama
100
AcDbLine
 10
-824369.3666598721
 20
-71498.17639392056
 30
0.0
 11
-824365.6185040897
 21
-71494.42823813844
 31
0.0
  0
LINE
  5
1DF
330
17
100
AcDbEntity
  8
KM Kolon Tarama
100
AcDbLine
 10
-824405.6201065643
 20
-71640.49585779058
 30
0.0
 11
-824403.3024165283
 21
-71638.17816775478
 31
0.0
  0
LINE
  5
1E0
330
17
100
AcDbEntity
  8
KM Kolon Tarama
100
AcDbLine
 10
-824315.6189242634
 20
-71550.49467548994
 30
0.0
 11
-824313.2994029176
 21
-71548.17515414394
 31
0.0
  0
LINE
  5
1E1
330
17
100
AcDbEntity
  8
KM Kolon Tarama
100
AcDbLine
 10
-824405.6197772938
 20
-71658.17319804989
 30
0.0
 11
-824385.6247469987
 21
-71638.17816775478
 31
0.0
  0
LINE
  5
1E2
330
17
100
AcDbEntity
  8
KM Kolon Tarama
100
AcDbLine
 10
-824315.6189242634
 20
-71568.17234501953
 30
0.0
 11
-824295.6217333878
 21
-71548.17515414394
 31
0.0
  0
LINE
  5
1E3
330
17
100
AcDbEntity
  8
KM Kolon Tarama
100
AcDbLine
 10
-824405.6194480233
 20
-71675.8505383092
 30
0.0
 11
-824367.9470774689
 21
-71638.17816775478
 31
0.0
  0
LINE
  5
1E4
330
17
100
AcDbEntity
  8
KM Kolon Tarama
100
AcDbLine
 10
-824315.6189242634
 20
-71585.85001454933
 30
0.0
 11
-824277.9440638582
 21
-71548.17515414394
 31
0.0
  0
LINE
  5
1E5
330
17
100
AcDbEntity
  8
KM Kolon Tarama
100
AcDbLine
 10
-824405.6191187532
 20
-71693.5278785685
 30
0.0
 11
-824365.6168475915
 21
-71653.5256074071
 31
0.0
  0
LINE
  5
1E6
330
17
100
AcDbEntity
  8
KM Kolon Tarama
100
AcDbLine
 10
-824300.2658793445
 20
-71588.17463915981
 30
0.0
 11
-824260.2663943284
 21
-71548.17515414394
 31
0.0
  0
LINE
  5
1E7
330
17
100
AcDbEntity
  8
KM Kolon Tarama
100
AcDbLine
 10
-824405.6187894827
 20
-71711.20521882782
 30
0.0
 11
-824365.6169134469
 21
-71671.20334279235
 31
0.0
  0
LINE
  5
1E8
330
17
100
AcDbEntity
  8
KM Kolon Tarama
100
AcDbLine
 10
-824282.5882098147
 20
-71588.17463915981
 30
0.0
 11
-824242.5887247988
 21
-71548.17515414394
 31
0.0
  0
LINE
  5
1E9
330
17
100
AcDbEntity
  8
KM Kolon Tarama
100
AcDbLine
 10
-824405.618460212
 20
-71728.88255908701
 30
0.0
 11
-824365.6169793025
 21
-71688.88107817748
 31
0.0
  0
LINE
  5
1EA
330
17
100
AcDbEntity
  8
KM Kolon Tarama
100
AcDbLine
 10
-824000.6131449972
 20
-71323.87724387192
 30
0.0
 11
-823999.9094817063
 21
-71323.17358058132
 31
0.0
  0
LINE
  5
1EB
330
17
100
AcDbEntity
  8
KM Kolon Tarama
100
AcDbLine
 10
-824264.9105402849
 20
-71588.17463915981
 30
0.0
 11
-824224.9110552691
 21
-71548.17515414394
 31
0.0
  0
LINE
  5
1EC
330
17
100
AcDbEntity
  8
KM Kolon Tarama
100
AcDbLine
 10
-824130.6150475773
 20
-71453.87914645218
 30
0.0
 11
-824119.909128847
 21
-71443.17322772183
 31
0.0
  0
LINE
  5
1ED
330
17
100
AcDbEntity
  8
KM Kolon Tarama
100
AcDbLine
 10
-824405.6181309419
 20
-71746.55989934632
 30
0.0
 11
-824365.6170451584
 21
-71706.55881356273
 31
0.0
  0
LINE
  5
1EE
330
17
100
AcDbEntity
  8
KM Kolon Tarama
100
AcDbLine
 10
-824000.6131449972
 20
-71341.55491340147
 30
0.0
 11
-823982.2318121766
 21
-71323.17358058132
 31
0.0
  0
LINE
  5
1EF
330
17
100
AcDbEntity
  8
KM Kolon Tarama
100
AcDbLine
 10
-824247.2328707553
 20
-71588.17463915981
 30
0.0
 11
-824207.2333857393
 21
-71548.17515414394
 31
0.0
  0
LINE
  5
1F0
330
17
100
AcDbEntity
  8
KM Kolon Tarama
100
AcDbLine
 10
-824130.6150475773
 20
-71471.55681598186
 30
0.0
 11
-824102.2314593171
 21
-71443.17322772183
 31
0.0
  0
LINE
  5
1F1
330
17
100
AcDbEntity
  8
KM Kolon Tarama
100
AcDbLine
 10
-824405.6178016718
 20
-71764.23723960575
 30
0.0
 11
-824365.6171110137
 21
-71724.23654894799
 31
0.0
  0
LINE
  5
1F2
330
17
100
AcDbEntity
  8
KM Kolon Tarama
100
AcDbLine
 10
-824000.6131449972
 20
-71359.23258293117
 30
0.0
 11
-823964.5541426472
 21
-71323.17358058132
 31
0.0
  0
LINE
  5
1F3
330
17
100
AcDbEntity
  8
KM Kolon Tarama
100
AcDbLine
 10
-824229.5552012256
 20
-71588.17463915981
 30
0.0
 11
-824189.5557162099
 21
-71548.17515414394
 31
0.0
  0
LINE
  5
1F4
330
17
100
AcDbEntity
  8
KM Kolon Tarama
100
AcDbLine
 10
-824130.6150475773
 20
-71489.23448551144
 30
0.0
 11
-824090.6149336741
 21
-71449.23437160812
 31
0.0
  0
LINE
  5
1F5
330
17
100
AcDbEntity
  8
KM Kolon Tarama
100
AcDbLine
 10
-824405.6174724011
 20
-71781.91457986506
 30
0.0
 11
-824365.6171768693
 21
-71741.91428433312
 31
0.0
  0
LINE
  5
1F6
330
17
100
AcDbEntity
  8
KM Kolon Tarama
100
AcDbLine
 10
-823986.8759581333
 20
-71363.17306559719
 30
0.0
 11
-823946.8764731174
 21
-71323.17358058132
 31
0.0
  0
LINE
  5
1F7
330
17
100
AcDbEntity
  8
KM Kolon Tarama
100
AcDbLine
 10
-824211.8775316958
 20
-71588.17463915981
 30
0.0
 11
-824180.6158939633
 21
-71556.9130014272
 31
0.0
  0
LINE
  5
1F8
330
17
100
AcDbEntity
  8
KM Kolon Tarama
100
AcDbLine
 10
-824121.8792864566
 20
-71498.17639392056
 30
0.0
 11
-824090.6148378917
 21
-71466.91194535559
 31
0.0
  0
LINE
  5
1F9
330
17
100
AcDbEntity
  8
KM Kolon Tarama
100
AcDbLine
 10
-824404.2013308249
 20
-71798.17610781826
 30
0.0
 11
-824365.6172427249
 21
-71759.59201971837
 31
0.0
  0
LINE
  5
1FA
330
17
100
AcDbEntity
  8
KM Kolon Tarama
100
AcDbLine
 10
-823969.1982886037
 20
-71363.17306559719
 30
0.0
 11
-823929.1988035878
 21
-71323.17358058132
 31
0.0
  0
LINE
  5
1FB
330
17
100
AcDbEntity
  8
KM Kolon Tarama
100
AcDbLine
 10
-824194.1998621664
 20
-71588.17463915981
 30
0.0
 11
-824180.6158939633
 21
-71574.59067095688
 31
0.0
  0
LINE
  5
1FC
330
17
100
AcDbEntity
  8
KM Kolon Tarama
100
AcDbLine
 10
-824104.2016169272
 20
-71498.17639392056
 30
0.0
 11
-824090.6147421092
 21
-71484.58951910304
 31
0.0
  0
LINE
  5
1FD
330
17
100
AcDbEntity
  8
KM Kolon Tarama
100
AcDbLine
 10
-824386.5236612952
 20
-71798.17610781826
 30
0.0
 11
-824365.6173085803
 21
-71777.26975510351
 31
0.0
  0
LINE
  5
1FE
330
17
100
AcDbEntity
  8
KM Kolon Tarama
100
AcDbLine
 10
-823951.5206190741
 20
-71363.17306559719
 30
0.0
 11
-823911.5211340582
 21
-71323.17358058132
 31
0.0
  0
LINE
  5
1FF
330
17
100
AcDbEntity
  8
KM Kolon Tarama
100
AcDbLine
 10
-824368.8459917654
 20
-71798.17610781826
 30
0.0
 11
-824365.6173744358
 21
-71794.94749048864
 31
0.0
  0
LINE
  5
200
330
17
100
AcDbEntity
  8
KM Kolon Tarama
100
AcDbLine
 10
-823933.8429495443
 20
-71363.17306559719
 30
0.0
 11
-823893.8434645284
 21
-71323.17358058132
 31
0.0
  0
LINE
  5
201
330
17
100
AcDbEntity
  8
KM Kolon Tarama
100
AcDbLine
 10
-823916.1652800147
 20
-71363.17306559719
 30
0.0
 11
-823876.1657949989
 21
-71323.17358058132
 31
0.0
  0
LINE
  5
202
330
17
100
AcDbEntity
  8
KM Kolon Tarama
100
AcDbLine
 10
-823898.4876104852
 20
-71363.17306559719
 30
0.0
 11
-823858.4881254693
 21
-71323.17358058132
 31
0.0
  0
LINE
  5
203
330
17
100
AcDbEntity
  8
KM Kolon Tarama
100
AcDbLine
 10
-823880.8099409554
 20
-71363.17306559719
 30
0.0
 11
-823840.8104559395
 21
-71323.17358058132
 31
0.0
  0
LINE
  5
204
330
17
100
AcDbEntity
  8
KM Kolon Tarama
100
AcDbLine
 10
-823863.1322714256
 20
-71363.17306559719
 30
0.0
 11
-823823.1327864097
 21
-71323.17358058132
 31
0.0
  0
LINE
  5
205
330
17
100
AcDbEntity
  8
KM Kolon Tarama
100
AcDbLine
 10
-824130.6150475773
 20
-71648.3335112785
 30
0.0
 11
-824120.4597040535
 21
-71638.17816775478
 31
0.0
  0
LINE
  5
206
330
17
100
AcDbEntity
  8
KM Kolon Tarama
100
AcDbLine
 10
-823845.454601896
 20
-71363.17306559719
 30
0.0
 11
-823805.4551168801
 21
-71323.17358058132
 31
0.0
  0
LINE
  5
207
330
17
100
AcDbEntity
  8
KM Kolon Tarama
100
AcDbLine
 10
-824130.6150475773
 20
-71666.01118080819
 30
0.0
 11
-824102.7820345241
 21
-71638.17816775478
 31
0.0
  0
LINE
  5
208
330
17
100
AcDbEntity
  8
KM Kolon Tarama
100
AcDbLine
 10
-823827.7769323664
 20
-71363.17306559719
 30
0.0
 11
-823787.7774473506
 21
-71323.17358058132
 31
0.0
  0
LINE
  5
209
330
17
100
AcDbEntity
  8
KM Kolon Tarama
100
AcDbLine
 10
-824130.6150475773
 20
-71683.68885033787
 30
0.0
 11
-824090.614966515
 21
-71643.68876927556
 31
0.0
  0
LINE
  5
20A
330
17
100
AcDbEntity
  8
KM Kolon Tarama
100
AcDbLine
 10
-823810.0992628366
 20
-71363.17306559719
 30
0.0
 11
-823770.0997778208
 21
-71323.17358058132
 31
0.0
  0
LINE
  5
20B
330
17
100
AcDbEntity
  8
KM Kolon Tarama
100
AcDbLine
 10
-824130.6150475773
 20
-71701.36651986744
 30
0.0
 11
-824090.614966515
 21
-71661.36643880524
 31
0.0
  0
LINE
  5
20C
330
17
100
AcDbEntity
  8
KM Kolon Tarama
100
AcDbLine
 10
-823792.421593307
 20
-71363.17306559719
 30
0.0
 11
-823752.4221082912
 21
-71323.17358058132
 31
0.0
  0
LINE
  5
20D
330
17
100
AcDbEntity
  8
KM Kolon Tarama
100
AcDbLine
 10
-824130.6150475773
 20
-71719.04418939713
 30
0.0
 11
-824090.614966515
 21
-71679.04410833481
 31
0.0
  0
LINE
  5
20E
330
17
100
AcDbEntity
  8
KM Kolon Tarama
100
AcDbLine
 10
-823774.7439237775
 20
-71363.17306559719
 30
0.0
 11
-823734.7444387616
 21
-71323.17358058132
 31
0.0
  0
LINE
  5
20F
330
17
100
AcDbEntity
  8
KM Kolon Tarama
100
AcDbLine
 10
-824130.6150475773
 20
-71736.72185892682
 30
0.0
 11
-824090.614966515
 21
-71696.72177786448
 31
0.0
  0
LINE
  5
210
330
17
100
AcDbEntity
  8
KM Kolon Tarama
100
AcDbLine
 10
-823757.0662542477
 20
-71363.17306559719
 30
0.0
 11
-823717.0667692318
 21
-71323.17358058132
 31
0.0
  0
LINE
  5
211
330
17
100
AcDbEntity
  8
KM Kolon Tarama
100
AcDbLine
 10
-824130.6150475773
 20
-71754.3995284565
 30
0.0
 11
-824090.614966515
 21
-71714.39944739419
 31
0.0
  0
LINE
  5
212
330
17
100
AcDbEntity
  8
KM Kolon Tarama
100
AcDbLine
 10
-823739.3885847181
 20
-71363.17306559719
 30
0.0
 11
-823699.3890997024
 21
-71323.17358058132
 31
0.0
  0
LINE
  5
213
330
17
100
AcDbEntity
  8
KM Kolon Tarama
100
AcDbLine
 10
-824130.6150475773
 20
-71772.07719798619
 30
0.0
 11
-824090.614966515
 21
-71732.07711692376
 31
0.0
  0
LINE
  5
214
330
17
100
AcDbEntity
  8
KM Kolon Tarama
100
AcDbLine
 10
-823721.7109151885
 20
-71363.17306559719
 30
0.0
 11
-823696.6106811794
 21
-71338.07283158822
 31
0.0
  0
LINE
  5
215
330
17
100
AcDbEntity
  8
KM Kolon Tarama
100
AcDbLine
 10
-824130.6150475773
 20
-71789.75486751588
 30
0.0
 11
-824090.614966515
 21
-71749.75478645344
 31
0.0
  0
LINE
  5
216
330
17
100
AcDbEntity
  8
KM Kolon Tarama
100
AcDbLine
 10
-823704.0332456587
 20
-71363.17306559719
 30
0.0
 11
-823696.6106811794
 21
-71355.7505011179
 31
0.0
  0
LINE
  5
217
330
17
100
AcDbEntity
  8
KM Kolon Tarama
100
AcDbLine
 10
-824121.35861835
 20
-71798.17610781826
 30
0.0
 11
-824090.614966515
 21
-71767.43245598313
 31
0.0
  0
LINE
  5
218
330
17
100
AcDbEntity
  8
KM Kolon Tarama
100
AcDbLine
 10
-824103.6809488205
 20
-71798.17610781826
 30
0.0
 11
-824090.614966515
 21
-71785.11012551282
 31
0.0
  0
LINE
  5
219
330
17
100
AcDbEntity
  8
KM Kolon Tarama
100
AcDbLine
 10
-823606.609455708
 20
-71460.20364047273
 30
0.0
 11
-823589.5790429569
 21
-71443.17322772183
 31
0.0
  0
LINE
  5
21A
330
17
100
AcDbEntity
  8
KM Kolon Tarama
100
AcDbLine
 10
-823606.609455708
 20
-71477.88131000243
 30
0.0
 11
-823571.9013734272
 21
-71443.17322772183
 31
0.0
  0
LINE
  5
21B
330
17
100
AcDbEntity
  8
KM Kolon Tarama
100
AcDbLine
 10
-823606.609455708
 20
-71495.55897953198
 30
0.0
 11
-823566.6093746457
 21
-71455.55889846967
 31
0.0
  0
LINE
  5
21C
330
17
100
AcDbEntity
  8
KM Kolon Tarama
100
AcDbLine
 10
-823591.546816381
 20
-71498.17400973476
 30
0.0
 11
-823566.6093746457
 21
-71473.23656799945
 31
0.0
  0
LINE
  5
21D
330
17
100
AcDbEntity
  8
KM Kolon Tarama
100
AcDbLine
 10
-823573.8691468512
 20
-71498.17400973476
 30
0.0
 11
-823566.6093746457
 21
-71490.91423752916
 31
0.0
  0
LINE
  5
21E
330
17
100
AcDbEntity
  8
KM Kolon Tarama
100
AcDbLine
 10
-823606.609455708
 20
-71654.65800529905
 30
0.0
 11
-823590.1272339779
 21
-71638.175783569
 31
0.0
  0
LINE
  5
21F
330
17
100
AcDbEntity
  8
KM Kolon Tarama
100
AcDbLine
 10
-823516.6088262829
 20
-71564.65737587398
 30
0.0
 11
-823500.1266045528
 21
-71548.17515414394
 31
0.0
  0
LINE
  5
220
330
17
100
AcDbEntity
  8
KM Kolon Tarama
100
AcDbLine
 10
-823606.609455708
 20
-71672.33567482862
 30
0.0
 11
-823572.4495644483
 21
-71638.175783569
 31
0.0
  0
LINE
  5
221
330
17
100
AcDbEntity
  8
KM Kolon Tarama
100
AcDbLine
 10
-823516.6088262829
 20
-71582.33504540357
 30
0.0
 11
-823482.4489350232
 21
-71548.17515414394
 31
0.0
  0
LINE
  5
222
330
17
100
AcDbEntity
  8
KM Kolon Tarama
100
AcDbLine
 10
-823606.609455708
 20
-71690.01334435842
 30
0.0
 11
-823566.6093746457
 21
-71650.0132632961
 31
0.0
  0
LINE
  5
223
330
17
100
AcDbEntity
  8
KM Kolon Tarama
100
AcDbLine
 10
-823504.7707505093
 20
-71588.17463915981
 30
0.0
 11
-823464.7712654934
 21
-71548.17515414394
 31
0.0
  0
LINE
  5
224
330
17
100
AcDbEntity
  8
KM Kolon Tarama
100
AcDbLine
 10
-823606.609455708
 20
-71707.69101388799
 30
0.0
 11
-823566.6093746457
 21
-71667.69093282579
 31
0.0
  0
LINE
  5
225
330
17
100
AcDbEntity
  8
KM Kolon Tarama
100
AcDbLine
 10
-823487.0930809798
 20
-71588.17463915981
 30
0.0
 11
-823447.093595964
 21
-71548.17515414394
 31
0.0
  0
LINE
  5
226
330
17
100
AcDbEntity
  8
KM Kolon Tarama
100
AcDbLine
 10
-823606.609455708
 20
-71725.36868341768
 30
0.0
 11
-823566.6093746457
 21
-71685.36860235536
 31
0.0
  0
LINE
  5
227
330
17
100
AcDbEntity
  8
KM Kolon Tarama
100
AcDbLine
 10
-823469.4154114503
 20
-71588.17463915981
 30
0.0
 11
-823429.4159264344
 21
-71548.17515414394
 31
0.0
  0
LINE
  5
228
330
17
100
AcDbEntity
  8
KM Kolon Tarama
100
AcDbLine
 10
-823606.609455708
 20
-71743.04635294736
 30
0.0
 11
-823566.6093746457
 21
-71703.04627188505
 31
0.0
  0
LINE
  5
229
330
17
100
AcDbEntity
  8
KM Kolon Tarama
100
AcDbLine
 10
-823451.7377419205
 20
-71588.17463915981
 30
0.0
 11
-823411.7382569046
 21
-71548.17515414394
 31
0.0
  0
LINE
  5
22A
330
17
100
AcDbEntity
  8
KM Kolon Tarama
100
AcDbLine
 10
-823606.609455708
 20
-71760.72402247693
 30
0.0
 11
-823566.6093746457
 21
-71720.72394141473
 31
0.0
  0
LINE
  5
22B
330
17
100
AcDbEntity
  8
KM Kolon Tarama
100
AcDbLine
 10
-823434.0600723907
 20
-71588.17463915981
 30
0.0
 11
-823394.0605873748
 21
-71548.17515414394
 31
0.0
  0
LINE
  5
22C
330
17
100
AcDbEntity
  8
KM Kolon Tarama
100
AcDbLine
 10
-823606.609455708
 20
-71778.40169200662
 30
0.0
 11
-823566.6093746457
 21
-71738.40161094442
 31
0.0
  0
LINE
  5
22D
330
17
100
AcDbEntity
  8
KM Kolon Tarama
100
AcDbLine
 10
-823416.3824028611
 20
-71588.17463915981
 30
0.0
 11
-823381.6060940061
 21
-71553.39833030466
 31
0.0
  0
LINE
  5
22E
330
17
100
AcDbEntity
  8
KM Kolon Tarama
100
AcDbLine
 10
-823606.609455708
 20
-71796.0793615363
 30
0.0
 11
-823566.6093746457
 21
-71756.0792804741
 31
0.0
  0
LINE
  5
22F
330
17
100
AcDbEntity
  8
KM Kolon Tarama
100
AcDbLine
 10
-823398.7047333315
 20
-71588.17463915981
 30
0.0
 11
-823381.6060940061
 21
-71571.07599983434
 31
0.0
  0
LINE
  5
230
330
17
100
AcDbEntity
  8
KM Kolon Tarama
100
AcDbLine
 10
-823590.9283966568
 20
-71798.07597201504
 30
0.0
 11
-823566.6093746457
 21
-71773.75695000368
 31
0.0
  0
LINE
  5
231
330
17
100
AcDbEntity
  8
KM Kolon Tarama
100
AcDbLine
 10
-823251.602999333
 20
-71458.75057469087
 30
0.0
 11
-823241.0276741532
 21
-71448.17524951149
 31
0.0
  0
LINE
  5
232
330
17
100
AcDbEntity
  8
KM Kolon Tarama
100
AcDbLine
 10
-823573.2507271274
 20
-71798.07597201504
 30
0.0
 11
-823566.6093746457
 21
-71791.43461953336
 31
0.0
  0
LINE
  5
233
330
17
100
AcDbEntity
  8
KM Kolon Tarama
100
AcDbLine
 10
-823251.602999333
 20
-71476.42824422056
 30
0.0
 11
-823223.3500046238
 21
-71448.17524951138
 31
0.0
  0
LINE
  5
234
330
17
100
AcDbEntity
  8
KM Kolon Tarama
100
AcDbLine
 10
-823245.673012203
 20
-71488.17592662014
 30
0.0
 11
-823205.6723350941
 21
-71448.17524951138
 31
0.0
  0
LINE
  5
235
330
17
100
AcDbEntity
  8
KM Kolon Tarama
100
AcDbLine
 10
-823227.9953426732
 20
-71488.17592662014
 30
0.0
 11
-823187.9946655643
 21
-71448.17524951138
 31
0.0
  0
LINE
  5
236
330
17
100
AcDbEntity
  8
KM Kolon Tarama
100
AcDbLine
 10
-823210.3176731435
 20
-71488.17592662014
 30
0.0
 11
-823170.3169960347
 21
-71448.17524951138
 31
0.0
  0
LINE
  5
237
330
17
100
AcDbEntity
  8
KM Kolon Tarama
100
AcDbLine
 10
-823192.640003614
 20
-71488.17592662014
 30
0.0
 11
-823152.6393265052
 21
-71448.17524951138
 31
0.0
  0
LINE
  5
238
330
17
100
AcDbEntity
  8
KM Kolon Tarama
100
AcDbLine
 10
-823331.6049495968
 20
-71644.81854213285
 30
0.0
 11
-823324.9645752189
 21
-71638.17816775478
 31
0.0
  0
LINE
  5
239
330
17
100
AcDbEntity
  8
KM Kolon Tarama
100
AcDbLine
 10
-823174.9623340842
 20
-71488.17592662014
 30
0.0
 11
-823134.9616569754
 21
-71448.17524951138
 31
0.0
  0
LINE
  5
23A
330
17
100
AcDbEntity
  8
KM Kolon Tarama
100
AcDbLine
 10
-823331.6049495968
 20
-71662.49621166254
 30
0.0
 11
-823307.286905689
 21
-71638.17816775478
 31
0.0
  0
LINE
  5
23B
330
17
100
AcDbEntity
  8
KM Kolon Tarama
100
AcDbLine
 10
-823157.2846645544
 20
-71488.17592662014
 30
0.0
 11
-823117.2839874458
 21
-71448.17524951138
 31
0.0
  0
LINE
  5
23C
330
17
100
AcDbEntity
  8
KM Kolon Tarama
100
AcDbLine
 10
-823331.6049495968
 20
-71680.17388119211
 30
0.0
 11
-823291.6048685344
 21
-71640.17380012991
 31
0.0
  0
LINE
  5
23D
330
17
100
AcDbEntity
  8
KM Kolon Tarama
100
AcDbLine
 10
-823139.606995025
 20
-71488.17592662014
 30
0.0
 11
-823099.606317916
 21
-71448.17524951138
 31
0.0
  0
LINE
  5
23E
330
17
100
AcDbEntity
  8
KM Kolon Tarama
100
AcDbLine
 10
-823331.6049495968
 20
-71697.8515507218
 30
0.0
 11
-823291.6048685344
 21
-71657.85146965948
 31
0.0
  0
LINE
  5
23F
330
17
100
AcDbEntity
  8
KM Kolon Tarama
100
AcDbLine
 10
-823121.9293254951
 20
-71488.17592662014
 30
0.0
 11
-823081.9286483864
 21
-71448.17524951138
 31
0.0
  0
LINE
  5
240
330
17
100
AcDbEntity
  8
KM Kolon Tarama
100
AcDbLine
 10
-823331.6049495968
 20
-71715.52922025148
 30
0.0
 11
-823291.6048685344
 21
-71675.52913918917
 31
0.0
  0
LINE
  5
241
330
17
100
AcDbEntity
  8
KM Kolon Tarama
100
AcDbLine
 10
-823104.2516559653
 20
-71488.17592662014
 30
0.0
 11
-823064.2509788566
 21
-71448.17524951138
 31
0.0
  0
LINE
  5
242
330
17
100
AcDbEntity
  8
KM Kolon Tarama
100
AcDbLine
 10
-823331.6049495968
 20
-71733.20688978105
 30
0.0
 11
-823291.6048685344
 21
-71693.20680871885
 31
0.0
  0
LINE
  5
243
330
17
100
AcDbEntity
  8
KM Kolon Tarama
100
AcDbLine
 10
-823086.5739864357
 20
-71488.17592662014
 30
0.0
 11
-823061.6012731823
 21
-71463.20321336668
 31
0.0
  0
LINE
  5
244
330
17
100
AcDbEntity
  8
KM Kolon Tarama
100
AcDbLine
 10
-823331.6049495968
 20
-71750.88455931073
 30
0.0
 11
-823291.6048685344
 21
-71710.88447824854
 31
0.0
  0
LINE
  5
245
330
17
100
AcDbEntity
  8
KM Kolon Tarama
100
AcDbLine
 10
-823068.8963169063
 20
-71488.17592662014
 30
0.0
 11
-823061.6012731823
 21
-71480.88088289637
 31
0.0
  0
LINE
  5
246
330
17
100
AcDbEntity
  8
KM Kolon Tarama
100
AcDbLine
 10
-823331.6049495968
 20
-71768.56222884043
 30
0.0
 11
-823291.6048685344
 21
-71728.56214777823
 31
0.0
  0
LINE
  5
247
330
17
100
AcDbEntity
  8
KM Kolon Tarama
100
AcDbLine
 10
-823331.6049495968
 20
-71786.23989837011
 30
0.0
 11
-823291.6048685344
 21
-71746.2398173078
 31
0.0
  0
LINE
  5
248
330
17
100
AcDbEntity
  8
KM Kolon Tarama
100
AcDbLine
 10
-823325.8634895154
 20
-71798.17610781838
 30
0.0
 11
-823291.6048685344
 21
-71763.91748683748
 31
0.0
  0
LINE
  5
249
330
17
100
AcDbEntity
  8
KM Kolon Tarama
100
AcDbLine
 10
-823308.1858199856
 20
-71798.17610781826
 30
0.0
 11
-823291.6048685344
 21
-71781.59515636717
 31
0.0
  0
LINE
  5
24A
330
17
100
AcDbEntity
  8
KM Kolon Tarama
100
AcDbLine
 10
-823021.5935320506
 20
-71564.61682847235
 30
0.0
 11
-823005.1518577226
 21
-71548.17515414394
 31
0.0
  0
LINE
  5
24B
330
17
100
AcDbEntity
  8
KM Kolon Tarama
100
AcDbLine
 10
-823021.5865805817
 20
-71582.28754653328
 30
0.0
 11
-822987.4741881927
 21
-71548.17515414394
 31
0.0
  0
LINE
  5
24C
330
17
100
AcDbEntity
  8
KM Kolon Tarama
100
AcDbLine
 10
-823021.579629113
 20
-71599.95826459397
 30
0.0
 11
-822981.5970086503
 21
-71559.97564413131
 31
0.0
  0
LINE
  5
24D
330
17
100
AcDbEntity
  8
KM Kolon Tarama
100
AcDbLine
 10
-823021.5726776442
 20
-71617.62898265477
 30
0.0
 11
-822981.589972955
 21
-71577.64627796551
 31
0.0
  0
LINE
  5
24E
330
17
100
AcDbEntity
  8
KM Kolon Tarama
100
AcDbLine
 10
-823021.5657261751
 20
-71635.2997007157
 30
0.0
 11
-822981.5829372593
 21
-71595.3169117996
 31
0.0
  0
LINE
  5
24F
330
17
100
AcDbEntity
  8
KM Kolon Tarama
100
AcDbLine
 10
-823021.5587747066
 20
-71652.9704187765
 30
0.0
 11
-822981.5759015641
 21
-71612.9875456338
 31
0.0
  0
LINE
  5
250
330
17
100
AcDbEntity
  8
KM Kolon Tarama
100
AcDbLine
 10
-823021.5518232377
 20
-71670.6411368373
 30
0.0
 11
-822981.5688658681
 21
-71630.6581794679
 31
0.0
  0
LINE
  5
251
330
17
100
AcDbEntity
  8
KM Kolon Tarama
100
AcDbLine
 10
-823021.5448717688
 20
-71688.31185489811
 30
0.0
 11
-822981.5618301728
 21
-71648.3288133021
 31
0.0
  0
LINE
  5
252
330
17
100
AcDbEntity
  8
KM Kolon Tarama
100
AcDbLine
 10
-823021.5379203
 20
-71705.98257295892
 30
0.0
 11
-822981.5547944772
 21
-71665.99944713619
 31
0.0
  0
LINE
  5
253
330
17
100
AcDbEntity
  8
KM Kolon Tarama
100
AcDbLine
 10
-823021.5309688312
 20
-71723.65329101984
 30
0.0
 11
-822981.5477587816
 21
-71683.67008097027
 31
0.0
  0
LINE
  5
254
330
17
100
AcDbEntity
  8
KM Kolon Tarama
100
AcDbLine
 10
-823021.5240173622
 20
-71741.32400908053
 30
0.0
 11
-822981.5407230862
 21
-71701.34071480448
 31
0.0
  0
LINE
  5
255
330
17
100
AcDbEntity
  8
KM Kolon Tarama
100
AcDbLine
 10
-823021.5170658935
 20
-71758.99472714146
 30
0.0
 11
-822981.5336873906
 21
-71719.01134863857
 31
0.0
  0
LINE
  5
256
330
17
100
AcDbEntity
  8
KM Kolon Tarama
100
AcDbLine
 10
-823021.5101144246
 20
-71776.66544520226
 30
0.0
 11
-822981.5266516953
 21
-71736.68198247266
 31
0.0
  0
LINE
  5
257
330
17
100
AcDbEntity
  8
KM Kolon Tarama
100
AcDbLine
 10
-823021.5031629557
 20
-71794.33616326307
 30
0.0
 11
-822981.5196159997
 21
-71754.35261630686
 31
0.0
  0
LINE
  5
258
330
17
100
AcDbEntity
  8
KM Kolon Tarama
100
AcDbLine
 10
-823007.6654379813
 20
-71798.17610781838
 30
0.0
 11
-822981.512580304
 21
-71772.02325014095
 31
0.0
  0
LINE
  5
259
330
17
100
AcDbEntity
  8
KM Kolon Tarama
100
AcDbLine
 10
-822989.9877684516
 20
-71798.17610781838
 30
0.0
 11
-822981.5055446085
 21
-71789.69388397504
 31
0.0
  0
LINE
  5
25A
330
17
100
AcDbEntity
  8
KM Kolon Tarama
100
AcDbLine
 10
-819885.5202667452
 20
-71310.00369650207
 30
0.0
 11
-819882.7192545456
 21
-71307.20268430235
 31
0.0
  0
LINE
  5
25B
330
17
100
AcDbEntity
  8
KM Kolon Tarama
100
AcDbLine
 10
-819885.5202667452
 20
-71327.68136603164
 30
0.0
 11
-819865.0415850158
 21
-71307.20268430235
 31
0.0
  0
LINE
  5
25C
330
17
100
AcDbEntity
  8
KM Kolon Tarama
100
AcDbLine
 10
-819885.5202667452
 20
-71345.35903556133
 30
0.0
 11
-819847.3639154864
 21
-71307.20268430235
 31
0.0
  0
LINE
  5
25D
330
17
100
AcDbEntity
  8
KM Kolon Tarama
100
AcDbLine
 10
-819869.6862459565
 20
-71347.20268430235
 30
0.0
 11
-819829.6862459566
 21
-71307.20268430235
 31
0.0
  0
LINE
  5
25E
330
17
100
AcDbEntity
  8
KM Kolon Tarama
100
AcDbLine
 10
-819852.008576427
 20
-71347.20268430235
 30
0.0
 11
-819812.0085764269
 21
-71307.20268430235
 31
0.0
  0
LINE
  5
25F
330
17
100
AcDbEntity
  8
KM Kolon Tarama
100
AcDbLine
 10
-819834.3309068972
 20
-71347.20268430235
 30
0.0
 11
-819794.3309068971
 21
-71307.20268430235
 31
0.0
  0
LINE
  5
260
330
17
100
AcDbEntity
  8
KM Kolon Tarama
100
AcDbLine
 10
-819816.6532373674
 20
-71347.20268430235
 30
0.0
 11
-819776.6532373675
 21
-71307.20268430235
 31
0.0
  0
LINE
  5
261
330
17
100
AcDbEntity
  8
KM Kolon Tarama
100
AcDbLine
 10
-819798.975567838
 20
-71347.20268430235
 30
0.0
 11
-819758.975567838
 21
-71307.20268430235
 31
0.0
  0
LINE
  5
262
330
17
100
AcDbEntity
  8
KM Kolon Tarama
100
AcDbLine
 10
-819781.2978983083
 20
-71347.20268430235
 30
0.0
 11
-819741.2978983081
 21
-71307.20268430235
 31
0.0
  0
LINE
  5
263
330
17
100
AcDbEntity
  8
KM Kolon Tarama
100
AcDbLine
 10
-819763.6202287787
 20
-71347.20268430235
 30
0.0
 11
-819723.6202287786
 21
-71307.20268430235
 31
0.0
  0
LINE
  5
264
330
17
100
AcDbEntity
  8
KM Kolon Tarama
100
AcDbLine
 10
-819745.9425592489
 20
-71347.20268430235
 30
0.0
 11
-819705.942559249
 21
-71307.20268430235
 31
0.0
  0
LINE
  5
265
330
17
100
AcDbEntity
  8
KM Kolon Tarama
100
AcDbLine
 10
-819728.2648897191
 20
-71347.20268430235
 30
0.0
 11
-819705.5575767789
 21
-71324.49537136185
 31
0.0
  0
LINE
  5
266
330
17
100
AcDbEntity
  8
KM Kolon Tarama
100
AcDbLine
 10
-819710.5872201897
 20
-71347.20268430235
 30
0.0
 11
-819705.5575767789
 21
-71342.17304089153
 31
0.0
  0
LINE
  5
267
330
17
100
AcDbEntity
  8
KM Kolon Tarama
100
AcDbLine
 10
-819885.563007954
 20
-71592.88915018551
 30
0.0
 11
-819874.8775926349
 21
-71582.20373486634
 31
0.0
  0
LINE
  5
268
330
17
100
AcDbEntity
  8
KM Kolon Tarama
100
AcDbLine
 10
-819885.563007954
 20
-71610.5668197152
 30
0.0
 11
-819857.1996889606
 21
-71582.20350072172
 31
0.0
  0
LINE
  5
269
330
17
100
AcDbEntity
  8
KM Kolon Tarama
100
AcDbLine
 10
-819879.5223150952
 20
-71622.2037963859
 30
0.0
 11
-819839.5217852863
 21
-71582.20326657698
 31
0.0
  0
LINE
  5
26A
330
17
100
AcDbEntity
  8
KM Kolon Tarama
100
AcDbLine
 10
-819660.5603513416
 20
-71403.24183263269
 30
0.0
 11
-819649.5212030114
 21
-71392.20268430235
 31
0.0
  0
LINE
  5
26B
330
17
100
AcDbEntity
  8
KM Kolon Tarama
100
AcDbLine
 10
-819861.8444114208
 20
-71622.20356224128
 30
0.0
 11
-819821.843881612
 21
-71582.20303243236
 31
0.0
  0
LINE
  5
26C
330
17
100
AcDbEntity
  8
KM Kolon Tarama
100
AcDbLine
 10
-819660.560048722
 20
-71420.91919954249
 30
0.0
 11
-819631.8435334816
 21
-71392.20268430235
 31
0.0
  0
LINE
  5
26D
330
17
100
AcDbEntity
  8
KM Kolon Tarama
100
AcDbLine
 10
-819844.1665077464
 20
-71622.20332809654
 30
0.0
 11
-819804.1659779375
 21
-71582.20279828762
 31
0.0
  0
LINE
  5
26E
330
17
100
AcDbEntity
  8
KM Kolon Tarama
100
AcDbLine
 10
-819660.5597461022
 20
-71438.5965664523
 30
0.0
 11
-819620.555765366
 21
-71398.59258571605
 31
0.0
  0
LINE
  5
26F
330
17
100
AcDbEntity
  8
KM Kolon Tarama
100
AcDbLine
 10
-819826.4886040722
 20
-71622.20309395192
 30
0.0
 11
-819786.4880742633
 21
-71582.202564143
 31
0.0
  0
LINE
  5
270
330
17
100
AcDbEntity
  8
KM Kolon Tarama
100
AcDbLine
 10
-819660.5594434823
 20
-71456.27393336198
 30
0.0
 11
-819620.5559714123
 21
-71416.27046129189
 31
0.0
  0
LINE
  5
271
330
17
100
AcDbEntity
  8
KM Kolon Tarama
100
AcDbLine
 10
-819808.8107003977
 20
-71622.20285980716
 30
0.0
 11
-819768.8101705889
 21
-71582.20232999825
 31
0.0
  0
LINE
  5
272
330
17
100
AcDbEntity
  8
KM Kolon Tarama
100
AcDbLine
 10
-819660.5591408623
 20
-71473.95130027167
 30
0.0
 11
-819620.5561774583
 21
-71433.94833686773
 31
0.0
  0
LINE
  5
273
330
17
100
AcDbEntity
  8
KM Kolon Tarama
100
AcDbLine
 10
-819791.1327967235
 20
-71622.20262566255
 30
0.0
 11
-819751.1322669145
 21
-71582.20209585363
 31
0.0
  0
LINE
  5
274
330
17
100
AcDbEntity
  8
KM Kolon Tarama
100
AcDbLine
 10
-819660.5588382425
 20
-71491.62866718147
 30
0.0
 11
-819620.5563835046
 21
-71451.62621244357
 31
0.0
  0
LINE
  5
275
330
17
100
AcDbEntity
  8
KM Kolon Tarama
100
AcDbLine
 10
-819773.454893049
 20
-71622.20239151781
 30
0.0
 11
-819733.4543632402
 21
-71582.20186170889
 31
0.0
  0
LINE
  5
276
330
17
100
AcDbEntity
  8
KM Kolon Tarama
100
AcDbLine
 10
-819660.5585356227
 20
-71509.30603409126
 30
0.0
 11
-819620.5565895507
 21
-71469.30408801953
 31
0.0
  0
LINE
  5
277
330
17
100
AcDbEntity
  8
KM Kolon Tarama
100
AcDbLine
 10
-819755.7769893748
 20
-71622.20215737319
 30
0.0
 11
-819715.7764595659
 21
-71582.20162756427
 31
0.0
  0
LINE
  5
278
330
17
100
AcDbEntity
  8
KM Kolon Tarama
100
AcDbLine
 10
-819660.5582330027
 20
-71526.98340100108
 30
0.0
 11
-819620.5567955968
 21
-71486.98196359538
 31
0.0
  0
LINE
  5
279
330
17
100
AcDbEntity
  8
KM Kolon Tarama
100
AcDbLine
 10
-819738.0990857003
 20
-71622.20192322845
 30
0.0
 11
-819705.5571806778
 21
-71589.66001820588
 31
0.0
  0
LINE
  5
27A
330
17
100
AcDbEntity
  8
KM Kolon Tarama
100
AcDbLine
 10
-819653.0998467742
 20
-71537.20268430235
 30
0.0
 11
-819620.5570016431
 21
-71504.65983917122
 31
0.0
  0
LINE
  5
27B
330
17
100
AcDbEntity
  8
KM Kolon Tarama
100
AcDbLine
 10
-819720.421182026
 20
-71622.20168908381
 30
0.0
 11
-819705.5571806778
 21
-71607.33768773556
 31
0.0
  0
LINE
  5
27C
330
17
100
AcDbEntity
  8
KM Kolon Tarama
100
AcDbLine
 10
-819635.4221772446
 20
-71537.20268430235
 30
0.0
 11
-819620.5572076895
 21
-71522.33771474706
 31
0.0
  0
LINE
  5
27D
330
17
100
AcDbEntity
  8
KM Kolon Tarama
100
AcDbLine
 10
-817492.556615928
 20
-71409.59144936746
 30
0.0
 11
-817486.1389092667
 21
-71403.17374270596
 31
0.0
  0
LINE
  5
27E
330
17
100
AcDbEntity
  8
KM Kolon Tarama
100
AcDbLine
 10
-817492.5508503617
 20
-71427.26335333088
 30
0.0
 11
-817468.4612397369
 21
-71403.17374270596
 31
0.0
  0
LINE
  5
27F
330
17
100
AcDbEntity
  8
KM Kolon Tarama
100
AcDbLine
 10
-817492.5450847956
 20
-71444.93525729433
 30
0.0
 11
-817452.5282303127
 21
-71404.91840281151
 31
0.0
  0
LINE
  5
280
330
17
100
AcDbEntity
  8
KM Kolon Tarama
100
AcDbLine
 10
-817492.5393192294
 20
-71462.60716125777
 30
0.0
 11
-817452.5282303127
 21
-71422.5960723412
 31
0.0
  0
LINE
  5
281
330
17
100
AcDbEntity
  8
KM Kolon Tarama
100
AcDbLine
 10
-817492.5335536633
 20
-71480.2790652212
 30
0.0
 11
-817452.5282303127
 21
-71440.27374187077
 31
0.0
  0
LINE
  5
282
330
17
100
AcDbEntity
  8
KM Kolon Tarama
100
AcDbLine
 10
-817492.5277880969
 20
-71497.95096918475
 30
0.0
 11
-817452.5282303127
 21
-71457.95141140046
 31
0.0
  0
LINE
  5
283
330
17
100
AcDbEntity
  8
KM Kolon Tarama
100
AcDbLine
 10
-817475.0731591174
 20
-71498.17400973476
 30
0.0
 11
-817452.5282303127
 21
-71475.62908093014
 31
0.0
  0
LINE
  5
284
330
17
100
AcDbEntity
  8
KM Kolon Tarama
100
AcDbLine
 10
-817457.3954895876
 20
-71498.17400973463
 30
0.0
 11
-817452.5282303127
 21
-71493.30675045971
 31
0.0
  0
LINE
  5
285
330
17
100
AcDbEntity
  8
KM Kolon Tarama
100
AcDbLine
 10
-817492.5279471471
 20
-71639.37248447223
 30
0.0
 11
-817491.3312462441
 21
-71638.175783569
 31
0.0
  0
LINE
  5
286
330
17
100
AcDbEntity
  8
KM Kolon Tarama
100
AcDbLine
 10
-817402.5258938106
 20
-71549.37043113564
 30
0.0
 11
-817401.3306168189
 21
-71548.17515414394
 31
0.0
  0
LINE
  5
287
330
17
100
AcDbEntity
  8
KM Kolon Tarama
100
AcDbLine
 10
-817492.5313722352
 20
-71657.05357908981
 30
0.0
 11
-817473.6535767143
 21
-71638.175783569
 31
0.0
  0
LINE
  5
288
330
17
100
AcDbEntity
  8
KM Kolon Tarama
100
AcDbLine
 10
-817402.5258938106
 20
-71567.04810066533
 30
0.0
 11
-817383.652947289
 21
-71548.17515414394
 31
0.0
  0
LINE
  5
289
330
17
100
AcDbEntity
  8
KM Kolon Tarama
100
AcDbLine
 10
-817492.5347973232
 20
-71674.73467370751
 30
0.0
 11
-817455.9759071846
 21
-71638.175783569
 31
0.0
  0
LINE
  5
28A
330
17
100
AcDbEntity
  8
KM Kolon Tarama
100
AcDbLine
 10
-817402.5258938106
 20
-71584.72577019501
 30
0.0
 11
-817365.9752777597
 21
-71548.17515414394
 31
0.0
  0
LINE
  5
28B
330
17
100
AcDbEntity
  8
KM Kolon Tarama
100
AcDbLine
 10
-817492.5382224111
 20
-71692.41576832521
 30
0.0
 11
-817452.5308813439
 21
-71652.4084272579
 31
0.0
  0
LINE
  5
28C
330
17
100
AcDbEntity
  8
KM Kolon Tarama
100
AcDbLine
 10
-817217.5287522298
 20
-71417.40629814414
 30
0.0
 11
-817203.296196792
 21
-71403.17374270596
 31
0.0
  0
LINE
  5
28D
330
17
100
AcDbEntity
  8
KM Kolon Tarama
100
AcDbLine
 10
-817388.2970932458
 20
-71588.17463915981
 30
0.0
 11
-817348.2976082301
 21
-71548.17515414394
 31
0.0
  0
LINE
  5
28E
330
17
100
AcDbEntity
  8
KM Kolon Tarama
100
AcDbLine
 10
-817492.5416474993
 20
-71710.0968629428
 30
0.0
 11
-817452.5341746731
 21
-71670.08939011674
 31
0.0
  0
LINE
  5
28F
330
17
100
AcDbEntity
  8
KM Kolon Tarama
100
AcDbLine
 10
-817217.5289740578
 20
-71435.08418950136
 30
0.0
 11
-817185.6185272622
 21
-71403.17374270583
 31
0.0
  0
LINE
  5
290
330
17
100
AcDbEntity
  8
KM Kolon Tarama
100
AcDbLine
 10
-817370.619423716
 20
-71588.17463915981
 30
0.0
 11
-817330.6199387003
 21
-71548.17515414394
 31
0.0
  0
LINE
  5
291
330
17
100
AcDbEntity
  8
KM Kolon Tarama
100
AcDbLine
 10
-817492.5450725872
 20
-71727.7779575605
 30
0.0
 11
-817452.5374680024
 21
-71687.77035297581
 31
0.0
  0
LINE
  5
292
330
17
100
AcDbEntity
  8
KM Kolon Tarama
100
AcDbLine
 10
-817217.5291958854
 20
-71452.76208085881
 30
0.0
 11
-817177.5289683052
 21
-71412.76185327838
 31
0.0
  0
LINE
  5
293
330
17
100
AcDbEntity
  8
KM Kolon Tarama
100
AcDbLine
 10
-817352.9417541862
 20
-71588.17463915981
 30
0.0
 11
-817312.9422691707
 21
-71548.17515414394
 31
0.0
  0
LINE
  5
294
330
17
100
AcDbEntity
  8
KM Kolon Tarama
100
AcDbLine
 10
-817492.5484976752
 20
-71745.4590521782
 30
0.0
 11
-817452.5407613318
 21
-71705.45131583477
 31
0.0
  0
LINE
  5
295
330
17
100
AcDbEntity
  8
KM Kolon Tarama
100
AcDbLine
 10
-817087.5272671016
 20
-71340.43782160478
 30
0.0
 11
-817070.2630260782
 21
-71323.17358058132
 31
0.0
  0
LINE
  5
296
330
17
100
AcDbEntity
  8
KM Kolon Tarama
100
AcDbLine
 10
-817335.2640846568
 20
-71588.17463915981
 30
0.0
 11
-817295.2645996409
 21
-71548.17515414394
 31
0.0
  0
LINE
  5
297
330
17
100
AcDbEntity
  8
KM Kolon Tarama
100
AcDbLine
 10
-817217.5294177129
 20
-71470.43997221615
 30
0.0
 11
-817177.528746483
 21
-71430.439300986
 31
0.0
  0
LINE
  5
298
330
17
100
AcDbEntity
  8
KM Kolon Tarama
100
AcDbLine
 10
-817492.5519227631
 20
-71763.14014679578
 30
0.0
 11
-817452.5440546613
 21
-71723.13227869372
 31
0.0
  0
LINE
  5
299
330
17
100
AcDbEntity
  8
KM Kolon Tarama
100
AcDbLine
 10
-817087.5272671016
 20
-71358.11549113435
 30
0.0
 11
-817052.5853565485
 21
-71323.17358058132
 31
0.0
  0
LINE
  5
29A
330
17
100
AcDbEntity
  8
KM Kolon Tarama
100
AcDbLine
 10
-817317.5864151272
 20
-71588.17463915981
 30
0.0
 11
-817277.5869301112
 21
-71548.17515414394
 31
0.0
  0
LINE
  5
29B
330
17
100
AcDbEntity
  8
KM Kolon Tarama
100
AcDbLine
 10
-817217.529639541
 20
-71488.11786357348
 30
0.0
 11
-817177.5285246609
 21
-71448.11674869352
 31
0.0
  0
LINE
  5
29C
330
17
100
AcDbEntity
  8
KM Kolon Tarama
100
AcDbLine
 10
-817492.5553478511
 20
-71780.82124141348
 30
0.0
 11
-817452.5473479903
 21
-71740.81324155268
 31
0.0
  0
LINE
  5
29D
330
17
100
AcDbEntity
  8
KM Kolon Tarama
100
AcDbLine
 10
-817074.9071720347
 20
-71363.17306559719
 30
0.0
 11
-817034.9076870187
 21
-71323.17358058132
 31
0.0
  0
LINE
  5
29E
330
17
100
AcDbEntity
  8
KM Kolon Tarama
100
AcDbLine
 10
-817299.9087455973
 20
-71588.17463915981
 30
0.0
 11
-817267.5297180447
 21
-71555.79561160703
 31
0.0
  0
LINE
  5
29F
330
17
100
AcDbEntity
  8
KM Kolon Tarama
100
AcDbLine
 10
-817209.9081161723
 20
-71498.17400973476
 30
0.0
 11
-817177.5283028388
 21
-71465.79419640114
 31
0.0
  0
LINE
  5
2A0
330
17
100
AcDbEntity
  8
KM Kolon Tarama
100
AcDbLine
 10
-817492.2325447262
 20
-71798.17610781826
 30
0.0
 11
-817452.5506413194
 21
-71758.49420441163
 31
0.0
  0
LINE
  5
2A1
330
17
100
AcDbEntity
  8
KM Kolon Tarama
100
AcDbLine
 10
-817057.2295025052
 20
-71363.17306559719
 30
0.0
 11
-817017.2300174893
 21
-71323.17358058132
 31
0.0
  0
LINE
  5
2A2
330
17
100
AcDbEntity
  8
KM Kolon Tarama
100
AcDbLine
 10
-817282.2310760677
 20
-71588.17463915981
 30
0.0
 11
-817267.5297180447
 21
-71573.47328113671
 31
0.0
  0
LINE
  5
2A3
330
17
100
AcDbEntity
  8
KM Kolon Tarama
100
AcDbLine
 10
-817192.2304466427
 20
-71498.17400973463
 30
0.0
 11
-817177.5280810166
 21
-71483.47164410865
 31
0.0
  0
LINE
  5
2A4
330
17
100
AcDbEntity
  8
KM Kolon Tarama
100
AcDbLine
 10
-817474.5548751968
 20
-71798.17610781826
 30
0.0
 11
-817452.5539346487
 21
-71776.17516727059
 31
0.0
  0
LINE
  5
2A5
330
17
100
AcDbEntity
  8
KM Kolon Tarama
100
AcDbLine
 10
-817039.5518329756
 20
-71363.17306559719
 30
0.0
 11
-816999.5523479597
 21
-71323.17358058132
 31
0.0
  0
LINE
  5
2A6
330
17
100
AcDbEntity
  8
KM Kolon Tarama
100
AcDbLine
 10
-817456.8772056669
 20
-71798.17610781826
 30
0.0
 11
-817452.5572279781
 21
-71793.85613012954
 31
0.0
  0
LINE
  5
2A7
330
17
100
AcDbEntity
  8
KM Kolon Tarama
100
AcDbLine
 10
-817021.8741634458
 20
-71363.17306559719
 30
0.0
 11
-816981.8746784299
 21
-71323.17358058132
 31
0.0
  0
LINE
  5
2A8
330
17
100
AcDbEntity
  8
KM Kolon Tarama
100
AcDbLine
 10
-817004.1964939162
 20
-71363.17306559719
 30
0.0
 11
-816964.1970089003
 21
-71323.17358058132
 31
0.0
  0
LINE
  5
2A9
330
17
100
AcDbEntity
  8
KM Kolon Tarama
100
AcDbLine
 10
-816986.5188243866
 20
-71363.17306559719
 30
0.0
 11
-816946.5193393708
 21
-71323.17358058132
 31
0.0
  0
LINE
  5
2AA
330
17
100
AcDbEntity
  8
KM Kolon Tarama
100
AcDbLine
 10
-816968.8411548568
 20
-71363.17306559719
 30
0.0
 11
-816928.841669841
 21
-71323.17358058132
 31
0.0
  0
LINE
  5
2AB
330
17
100
AcDbEntity
  8
KM Kolon Tarama
100
AcDbLine
 10
-816951.1634853273
 20
-71363.17306559719
 30
0.0
 11
-816911.1640003112
 21
-71323.17358058132
 31
0.0
  0
LINE
  5
2AC
330
17
100
AcDbEntity
  8
KM Kolon Tarama
100
AcDbLine
 10
-817217.5296983244
 20
-71647.21694812411
 30
0.0
 11
-817208.4885337694
 21
-71638.175783569
 31
0.0
  0
LINE
  5
2AD
330
17
100
AcDbEntity
  8
KM Kolon Tarama
100
AcDbLine
 10
-816933.4858157975
 20
-71363.17306559719
 30
0.0
 11
-816893.4863307816
 21
-71323.17358058132
 31
0.0
  0
LINE
  5
2AE
330
17
100
AcDbEntity
  8
KM Kolon Tarama
100
AcDbLine
 10
-817217.5295665343
 20
-71664.89448586362
 30
0.0
 11
-817190.8108642396
 21
-71638.175783569
 31
0.0
  0
LINE
  5
2AF
330
17
100
AcDbEntity
  8
KM Kolon Tarama
100
AcDbLine
 10
-816915.8081462679
 20
-71363.17306559719
 30
0.0
 11
-816875.808661252
 21
-71323.17358058132
 31
0.0
  0
LINE
  5
2B0
330
17
100
AcDbEntity
  8
KM Kolon Tarama
100
AcDbLine
 10
-817217.5294347442
 20
-71682.57202360313
 30
0.0
 11
-817177.5290886197
 21
-71642.57167747873
 31
0.0
  0
LINE
  5
2B1
330
17
100
AcDbEntity
  8
KM Kolon Tarama
100
AcDbLine
 10
-816898.1304767381
 20
-71363.17306559719
 30
0.0
 11
-816858.1309917222
 21
-71323.17358058132
 31
0.0
  0
LINE
  5
2B2
330
17
100
AcDbEntity
  8
KM Kolon Tarama
100
AcDbLine
 10
-817217.5293029539
 20
-71700.24956134264
 30
0.0
 11
-817177.5290886197
 21
-71660.2493470083
 31
0.0
  0
LINE
  5
2B3
330
17
100
AcDbEntity
  8
KM Kolon Tarama
100
AcDbLine
 10
-816880.4528072085
 20
-71363.17306559719
 30
0.0
 11
-816840.4533221927
 21
-71323.17358058132
 31
0.0
  0
LINE
  5
2B4
330
17
100
AcDbEntity
  8
KM Kolon Tarama
100
AcDbLine
 10
-817217.5291711639
 20
-71717.92709908227
 30
0.0
 11
-817177.5290886197
 21
-71677.92701653799
 31
0.0
  0
LINE
  5
2B5
330
17
100
AcDbEntity
  8
KM Kolon Tarama
100
AcDbLine
 10
-816862.775137679
 20
-71363.17306559719
 30
0.0
 11
-816822.7756526631
 21
-71323.17358058132
 31
0.0
  0
LINE
  5
2B6
330
17
100
AcDbEntity
  8
KM Kolon Tarama
100
AcDbLine
 10
-817217.5290393739
 20
-71735.60463682178
 30
0.0
 11
-817177.5290886197
 21
-71695.60468606767
 31
0.0
  0
LINE
  5
2B7
330
17
100
AcDbEntity
  8
KM Kolon Tarama
100
AcDbLine
 10
-816845.0974681491
 20
-71363.17306559719
 30
0.0
 11
-816805.0979831333
 21
-71323.17358058132
 31
0.0
  0
LINE
  5
2B8
330
17
100
AcDbEntity
  8
KM Kolon Tarama
100
AcDbLine
 10
-817217.5289075838
 20
-71753.28217456129
 30
0.0
 11
-817177.5290886197
 21
-71713.28235559736
 31
0.0
  0
LINE
  5
2B9
330
17
100
AcDbEntity
  8
KM Kolon Tarama
100
AcDbLine
 10
-816827.4197986196
 20
-71363.17306559719
 30
0.0
 11
-816787.4203136037
 21
-71323.17358058132
 31
0.0
  0
LINE
  5
2BA
330
17
100
AcDbEntity
  8
KM Kolon Tarama
100
AcDbLine
 10
-817217.5287757935
 20
-71770.95971230078
 30
0.0
 11
-817177.5290886197
 21
-71730.96002512705
 31
0.0
  0
LINE
  5
2BB
330
17
100
AcDbEntity
  8
KM Kolon Tarama
100
AcDbLine
 10
-816809.74212909
 20
-71363.17306559719
 30
0.0
 11
-816783.5197368892
 21
-71336.95067339658
 31
0.0
  0
LINE
  5
2BC
330
17
100
AcDbEntity
  8
KM Kolon Tarama
100
AcDbLine
 10
-817217.5286440036
 20
-71788.6372500403
 30
0.0
 11
-817177.5290886197
 21
-71748.63769465662
 31
0.0
  0
LINE
  5
2BD
330
17
100
AcDbEntity
  8
KM Kolon Tarama
100
AcDbLine
 10
-816792.0644595602
 20
-71363.17306559719
 30
0.0
 11
-816783.5197368892
 21
-71354.62834292627
 31
0.0
  0
LINE
  5
2BE
330
17
100
AcDbEntity
  8
KM Kolon Tarama
100
AcDbLine
 10
-817209.2896964484
 20
-71798.07597201504
 30
0.0
 11
-817177.5290886197
 21
-71766.3153641863
 31
0.0
  0
LINE
  5
2BF
330
17
100
AcDbEntity
  8
KM Kolon Tarama
100
AcDbLine
 10
-817191.6120269186
 20
-71798.07597201504
 30
0.0
 11
-817177.5290886197
 21
-71783.99303371599
 31
0.0
  0
LINE
  5
2C0
330
17
100
AcDbEntity
  8
KM Kolon Tarama
100
AcDbLine
 10
-816693.5191074642
 20
-71406.04906973848
 30
0.0
 11
-816690.6437804318
 21
-71403.17374270596
 31
0.0
  0
LINE
  5
2C1
330
17
100
AcDbEntity
  8
KM Kolon Tarama
100
AcDbLine
 10
-816693.5191074642
 20
-71423.72673926817
 30
0.0
 11
-816672.9661109021
 21
-71403.17374270596
 31
0.0
  0
LINE
  5
2C2
330
17
100
AcDbEntity
  8
KM Kolon Tarama
100
AcDbLine
 10
-816693.5191074642
 20
-71441.40440879785
 30
0.0
 11
-816655.2884413723
 21
-71403.17374270583
 31
0.0
  0
LINE
  5
2C3
330
17
100
AcDbEntity
  8
KM Kolon Tarama
100
AcDbLine
 10
-816693.5191074642
 20
-71459.08207832754
 30
0.0
 11
-816653.5182307438
 21
-71419.08120160701
 31
0.0
  0
LINE
  5
2C4
330
17
100
AcDbEntity
  8
KM Kolon Tarama
100
AcDbLine
 10
-816693.5191074642
 20
-71476.75974785711
 30
0.0
 11
-816653.5180089216
 21
-71436.75864931464
 31
0.0
  0
LINE
  5
2C5
330
17
100
AcDbEntity
  8
KM Kolon Tarama
100
AcDbLine
 10
-816693.5191074642
 20
-71494.4374173868
 30
0.0
 11
-816653.5177870995
 21
-71454.43609702215
 31
0.0
  0
LINE
  5
2C6
330
17
100
AcDbEntity
  8
KM Kolon Tarama
100
AcDbLine
 10
-816679.5780302825
 20
-71498.17400973476
 30
0.0
 11
-816653.5175652773
 21
-71472.11354472977
 31
0.0
  0
LINE
  5
2C7
330
17
100
AcDbEntity
  8
KM Kolon Tarama
100
AcDbLine
 10
-816661.900360753
 20
-71498.17400973476
 30
0.0
 11
-816653.5173434551
 21
-71489.79099243716
 31
0.0
  0
LINE
  5
2C8
330
17
100
AcDbEntity
  8
KM Kolon Tarama
100
AcDbLine
 10
-816693.518992948
 20
-71653.53632863739
 30
0.0
 11
-816678.1584478794
 21
-71638.175783569
 31
0.0
  0
LINE
  5
2C9
330
17
100
AcDbEntity
  8
KM Kolon Tarama
100
AcDbLine
 10
-816603.5172859464
 20
-71563.5346216358
 30
0.0
 11
-816588.1578184544
 21
-71548.17515414394
 31
0.0
  0
LINE
  5
2CA
330
17
100
AcDbEntity
  8
KM Kolon Tarama
100
AcDbLine
 10
-816693.5188611576
 20
-71671.2138663769
 30
0.0
 11
-816660.4807783498
 21
-71638.175783569
 31
0.0
  0
LINE
  5
2CB
330
17
100
AcDbEntity
  8
KM Kolon Tarama
100
AcDbLine
 10
-816603.5172859464
 20
-71581.21229116549
 30
0.0
 11
-816570.4801489247
 21
-71548.17515414394
 31
0.0
  0
LINE
  5
2CC
330
17
100
AcDbEntity
  8
KM Kolon Tarama
100
AcDbLine
 10
-816693.5187293676
 20
-71688.89140411641
 30
0.0
 11
-816653.5184303555
 21
-71648.89110510435
 31
0.0
  0
LINE
  5
2CD
330
17
100
AcDbEntity
  8
KM Kolon Tarama
100
AcDbLine
 10
-816592.8019644109
 20
-71588.17463915981
 30
0.0
 11
-816552.802479395
 21
-71548.17515414394
 31
0.0
  0
LINE
  5
2CE
330
17
100
AcDbEntity
  8
KM Kolon Tarama
100
AcDbLine
 10
-816693.5185975775
 20
-71706.56894185604
 30
0.0
 11
-816653.5184303555
 21
-71666.56877463404
 31
0.0
  0
LINE
  5
2CF
330
17
100
AcDbEntity
  8
KM Kolon Tarama
100
AcDbLine
 10
-816575.1242948812
 20
-71588.17463915981
 30
0.0
 11
-816535.1248098653
 21
-71548.17515414394
 31
0.0
  0
LINE
  5
2D0
330
17
100
AcDbEntity
  8
KM Kolon Tarama
100
AcDbLine
 10
-816693.518465787
 20
-71724.24647959543
 30
0.0
 11
-816653.5184303555
 21
-71684.24644416373
 31
0.0
  0
LINE
  5
2D1
330
17
100
AcDbEntity
  8
KM Kolon Tarama
100
AcDbLine
 10
-816557.4466253517
 20
-71588.17463915981
 30
0.0
 11
-816517.4471403359
 21
-71548.17515414394
 31
0.0
  0
LINE
  5
2D2
330
17
100
AcDbEntity
  8
KM Kolon Tarama
100
AcDbLine
 10
-816693.5183339971
 20
-71741.92401733506
 30
0.0
 11
-816653.5184303555
 21
-71701.92411369341
 31
0.0
  0
LINE
  5
2D3
330
17
100
AcDbEntity
  8
KM Kolon Tarama
100
AcDbLine
 10
-816539.7689558218
 20
-71588.17463915981
 30
0.0
 11
-816499.7694708061
 21
-71548.17515414394
 31
0.0
  0
LINE
  5
2D4
330
17
100
AcDbEntity
  8
KM Kolon Tarama
100
AcDbLine
 10
-816693.5182022069
 20
-71759.60155507457
 30
0.0
 11
-816653.5184303555
 21
-71719.6017832231
 31
0.0
  0
LINE
  5
2D5
330
17
100
AcDbEntity
  8
KM Kolon Tarama
100
AcDbLine
 10
-816522.091286292
 20
-71588.17463915981
 30
0.0
 11
-816482.0918012765
 21
-71548.17515414394
 31
0.0
  0
LINE
  5
2D6
330
17
100
AcDbEntity
  8
KM Kolon Tarama
100
AcDbLine
 10
-816693.5180704168
 20
-71777.27909281407
 30
0.0
 11
-816653.5184303555
 21
-71737.27945275277
 31
0.0
  0
LINE
  5
2D7
330
17
100
AcDbEntity
  8
KM Kolon Tarama
100
AcDbLine
 10
-816504.4136167628
 20
-71588.17463915981
 30
0.0
 11
-816468.5199180874
 21
-71552.2809404846
 31
0.0
  0
LINE
  5
2D8
330
17
100
AcDbEntity
  8
KM Kolon Tarama
100
AcDbLine
 10
-816693.5179386268
 20
-71794.95663055358
 30
0.0
 11
-816653.5184303555
 21
-71754.95712228236
 31
0.0
  0
LINE
  5
2D9
330
17
100
AcDbEntity
  8
KM Kolon Tarama
100
AcDbLine
 10
-816486.735947233
 20
-71588.17463915981
 30
0.0
 11
-816468.5199180874
 21
-71569.95861001429
 31
0.0
  0
LINE
  5
2DA
330
17
100
AcDbEntity
  8
KM Kolon Tarama
100
AcDbLine
 10
-816678.9596105583
 20
-71798.07597201504
 30
0.0
 11
-816653.5184303555
 21
-71772.63479181193
 31
0.0
  0
LINE
  5
2DB
330
17
100
AcDbEntity
  8
KM Kolon Tarama
100
AcDbLine
 10
-816338.5198036465
 20
-71457.63616510306
 30
0.0
 11
-816329.0588880549
 21
-71448.17524951138
 31
0.0
  0
LINE
  5
2DC
330
17
100
AcDbEntity
  8
KM Kolon Tarama
100
AcDbLine
 10
-816469.0582777032
 20
-71588.17463915981
 30
0.0
 11
-816468.5199180874
 21
-71587.63627954398
 31
0.0
  0
LINE
  5
2DD
330
17
100
AcDbEntity
  8
KM Kolon Tarama
100
AcDbLine
 10
-816661.2819410287
 20
-71798.07597201504
 30
0.0
 11
-816653.5184303555
 21
-71790.31246134161
 31
0.0
  0
LINE
  5
2DE
330
17
100
AcDbEntity
  8
KM Kolon Tarama
100
AcDbLine
 10
-816338.5198036465
 20
-71475.31383463275
 30
0.0
 11
-816311.3812185251
 21
-71448.17524951138
 31
0.0
  0
LINE
  5
2DF
330
17
100
AcDbEntity
  8
KM Kolon Tarama
100
AcDbLine
 10
-816333.7042261044
 20
-71488.17592662014
 30
0.0
 11
-816293.7035489957
 21
-71448.17524951138
 31
0.0
  0
LINE
  5
2E0
330
17
100
AcDbEntity
  8
KM Kolon Tarama
100
AcDbLine
 10
-816316.0265565746
 20
-71488.17592662014
 30
0.0
 11
-816276.0258794659
 21
-71448.17524951138
 31
0.0
  0
LINE
  5
2E1
330
17
100
AcDbEntity
  8
KM Kolon Tarama
100
AcDbLine
 10
-816298.348887045
 20
-71488.17592662014
 30
0.0
 11
-816258.3482099362
 21
-71448.17524951138
 31
0.0
  0
LINE
  5
2E2
330
17
100
AcDbEntity
  8
KM Kolon Tarama
100
AcDbLine
 10
-816280.6712175154
 20
-71488.17592662014
 30
0.0
 11
-816240.6705404066
 21
-71448.17524951138
 31
0.0
  0
LINE
  5
2E3
330
17
100
AcDbEntity
  8
KM Kolon Tarama
100
AcDbLine
 10
-816418.5199657712
 20
-71643.70234440568
 30
0.0
 11
-816412.9945970273
 21
-71638.17697566189
 31
0.0
  0
LINE
  5
2E4
330
17
100
AcDbEntity
  8
KM Kolon Tarama
100
AcDbLine
 10
-816262.9935479856
 20
-71488.17592662014
 30
0.0
 11
-816222.9928708768
 21
-71448.17524951138
 31
0.0
  0
LINE
  5
2E5
330
17
100
AcDbEntity
  8
KM Kolon Tarama
100
AcDbLine
 10
-816418.5199657712
 20
-71661.38001393538
 30
0.0
 11
-816395.3169274975
 21
-71638.17697566189
 31
0.0
  0
LINE
  5
2E6
330
17
100
AcDbEntity
  8
KM Kolon Tarama
100
AcDbLine
 10
-816245.3158784561
 20
-71488.17592662014
 30
0.0
 11
-816205.3152013473
 21
-71448.17524951138
 31
0.0
  0
LINE
  5
2E7
330
17
100
AcDbEntity
  8
KM Kolon Tarama
100
AcDbLine
 10
-816418.5199657712
 20
-71679.05768346495
 30
0.0
 11
-816378.5175465465
 21
-71639.05526424036
 31
0.0
  0
LINE
  5
2E8
330
17
100
AcDbEntity
  8
KM Kolon Tarama
100
AcDbLine
 10
-816227.6382089265
 20
-71488.17592662014
 30
0.0
 11
-816187.6375318177
 21
-71448.17524951138
 31
0.0
  0
LINE
  5
2E9
330
17
100
AcDbEntity
  8
KM Kolon Tarama
100
AcDbLine
 10
-816418.5199657712
 20
-71696.73535299464
 30
0.0
 11
-816378.5064829387
 21
-71656.72187016218
 31
0.0
  0
LINE
  5
2EA
330
17
100
AcDbEntity
  8
KM Kolon Tarama
100
AcDbLine
 10
-816209.9605393967
 20
-71488.17592662014
 30
0.0
 11
-816169.9598622879
 21
-71448.17524951138
 31
0.0
  0
LINE
  5
2EB
330
17
100
AcDbEntity
  8
KM Kolon Tarama
100
AcDbLine
 10
-816418.5199657712
 20
-71714.41302252433
 30
0.0
 11
-816378.4954193308
 21
-71674.3884760841
 31
0.0
  0
LINE
  5
2EC
330
17
100
AcDbEntity
  8
KM Kolon Tarama
100
AcDbLine
 10
-816192.2828698669
 20
-71488.17592662014
 30
0.0
 11
-816152.282192758
 21
-71448.17524951138
 31
0.0
  0
LINE
  5
2ED
330
17
100
AcDbEntity
  8
KM Kolon Tarama
100
AcDbLine
 10
-816418.5199657712
 20
-71732.09069205388
 30
0.0
 11
-816378.4843557233
 21
-71692.05508200603
 31
0.0
  0
LINE
  5
2EE
330
17
100
AcDbEntity
  8
KM Kolon Tarama
100
AcDbLine
 10
-816174.6052003372
 20
-71488.17592662014
 30
0.0
 11
-816148.5109249387
 21
-71462.0816512215
 31
0.0
  0
LINE
  5
2EF
330
17
100
AcDbEntity
  8
KM Kolon Tarama
100
AcDbLine
 10
-816418.5199657712
 20
-71749.76836158358
 30
0.0
 11
-816378.4732921154
 21
-71709.72168792796
 31
0.0
  0
LINE
  5
2F0
330
17
100
AcDbEntity
  8
KM Kolon Tarama
100
AcDbLine
 10
-816156.9275308076
 20
-71488.17592662014
 30
0.0
 11
-816148.5109249387
 21
-71479.75932075118
 31
0.0
  0
LINE
  5
2F1
330
17
100
AcDbEntity
  8
KM Kolon Tarama
100
AcDbLine
 10
-816418.5199657712
 20
-71767.44603111327
 30
0.0
 11
-816378.4622285076
 21
-71727.38829384989
 31
0.0
  0
LINE
  5
2F2
330
17
100
AcDbEntity
  8
KM Kolon Tarama
100
AcDbLine
 10
-816418.5199657712
 20
-71785.12370064296
 30
0.0
 11
-816378.4511649001
 21
-71745.05489977181
 31
0.0
  0
LINE
  5
2F3
330
17
100
AcDbEntity
  8
KM Kolon Tarama
100
AcDbLine
 10
-816413.7945676136
 20
-71798.07597201504
 30
0.0
 11
-816378.4401012923
 21
-71762.72150569374
 31
0.0
  0
LINE
  5
2F4
330
17
100
AcDbEntity
  8
KM Kolon Tarama
100
AcDbLine
 10
-816396.1168980838
 20
-71798.07597201504
 30
0.0
 11
-816378.4290376843
 21
-71780.38811161567
 31
0.0
  0
LINE
  5
2F5
330
17
100
AcDbEntity
  8
KM Kolon Tarama
100
AcDbLine
 10
-816378.4392285543
 20
-71798.07597201504
 30
0.0
 11
-816378.4179740767
 21
-71798.05471753748
 31
0.0
  0
LINE
  5
2F6
330
17
100
AcDbEntity
  8
KM Kolon Tarama
100
AcDbLine
 10
-816108.5029194991
 20
-71563.49500201945
 30
0.0
 11
-816093.1830716238
 21
-71548.17515414394
 31
0.0
  0
LINE
  5
2F7
330
17
100
AcDbEntity
  8
KM Kolon Tarama
100
AcDbLine
 10
-816108.4958416905
 20
-71581.16559374053
 30
0.0
 11
-816075.5054020945
 21
-71548.17515414394
 31
0.0
  0
LINE
  5
2F8
330
17
100
AcDbEntity
  8
KM Kolon Tarama
100
AcDbLine
 10
-816108.4887638821
 20
-71598.83618546161
 30
0.0
 11
-816068.504102297
 21
-71558.85152387654
 31
0.0
  0
LINE
  5
2F9
330
17
100
AcDbEntity
  8
KM Kolon Tarama
100
AcDbLine
 10
-816108.4816860736
 20
-71616.50677718269
 30
0.0
 11
-816068.4970244885
 21
-71576.52211559762
 31
0.0
  0
LINE
  5
2FA
330
17
100
AcDbEntity
  8
KM Kolon Tarama
100
AcDbLine
 10
-816108.4746082647
 20
-71634.17736890377
 30
0.0
 11
-816068.4899466799
 21
-71594.1927073187
 31
0.0
  0
LINE
  5
2FB
330
17
100
AcDbEntity
  8
KM Kolon Tarama
100
AcDbLine
 10
-816108.4675304563
 20
-71651.84796062484
 30
0.0
 11
-816068.4828688713
 21
-71611.86329903977
 31
0.0
  0
LINE
  5
2FC
330
17
100
AcDbEntity
  8
KM Kolon Tarama
100
AcDbLine
 10
-816108.4604526476
 20
-71669.5185523458
 30
0.0
 11
-816068.4757910628
 21
-71629.53389076085
 31
0.0
  0
LINE
  5
2FD
330
17
100
AcDbEntity
  8
KM Kolon Tarama
100
AcDbLine
 10
-816108.4533748392
 20
-71687.189144067
 30
0.0
 11
-816068.4687132542
 21
-71647.20448248193
 31
0.0
  0
LINE
  5
2FE
330
17
100
AcDbEntity
  8
KM Kolon Tarama
100
AcDbLine
 10
-816108.4462970305
 20
-71704.85973578808
 30
0.0
 11
-816068.4616354455
 21
-71664.87507420301
 31
0.0
  0
LINE
  5
2FF
330
17
100
AcDbEntity
  8
KM Kolon Tarama
100
AcDbLine
 10
-816108.4392192222
 20
-71722.53032750916
 30
0.0
 11
-816068.4545576371
 21
-71682.54566592409
 31
0.0
  0
LINE
  5
300
330
17
100
AcDbEntity
  8
KM Kolon Tarama
100
AcDbLine
 10
-816108.4321414134
 20
-71740.20091923024
 30
0.0
 11
-816068.4474798285
 21
-71700.21625764517
 31
0.0
  0
LINE
  5
301
330
17
100
AcDbEntity
  8
KM Kolon Tarama
100
AcDbLine
 10
-816108.4250636047
 20
-71757.87151095131
 30
0.0
 11
-816068.4404020198
 21
-71717.88684936624
 31
0.0
  0
LINE
  5
302
330
17
100
AcDbEntity
  8
KM Kolon Tarama
100
AcDbLine
 10
-816108.4179857963
 20
-71775.54210267239
 30
0.0
 11
-816068.4333242114
 21
-71735.55744108732
 31
0.0
  0
LINE
  5
303
330
17
100
AcDbEntity
  8
KM Kolon Tarama
100
AcDbLine
 10
-816108.4109079879
 20
-71793.21269439347
 30
0.0
 11
-816068.4262464027
 21
-71753.2280328084
 31
0.0
  0
LINE
  5
304
330
17
100
AcDbEntity
  8
KM Kolon Tarama
100
AcDbLine
 10
-816095.6966518828
 20
-71798.17610781826
 30
0.0
 11
-816068.4191685941
 21
-71770.8986245296
 31
0.0
  0
LINE
  5
305
330
17
100
AcDbEntity
  8
KM Kolon Tarama
100
AcDbLine
 10
-816078.0189823532
 20
-71798.17610781826
 30
0.0
 11
-816068.4120907857
 21
-71788.56921625067
 31
0.0
  0
LINE
  5
306
330
17
100
AcDbEntity
  8
KM Kolon Tarama
100
AcDbLine
 10
-824405.6171695027
 20
-71419.52205159364
 30
0.0
 11
-824404.8702670566
 21
-71418.77514914749
 31
0.0
  0
LINE
  5
307
330
17
100
AcDbEntity
  8
KM Kolon Tarama
100
AcDbLine
 10
-824402.6605583654
 20
-71416.56544045627
 30
0.0
 11
-824398.241140983
 21
-71412.14602307382
 31
0.0
  0
LINE
  5
308
330
17
100
AcDbEntity
  8
KM Kolon Tarama
100
AcDbLine
 10
-824396.0314322917
 20
-71409.9363143827
 30
0.0
 11
-824394.2684982189
 21
-71408.17338030958
 31
0.0
  0
LINE
  5
309
330
17
100
AcDbEntity
  8
KM Kolon Tarama
100
AcDbLine
 10
-824405.6171695027
 20
-71437.19972112332
 30
0.0
 11
-824402.6605583654
 21
-71434.24310998595
 31
0.0
  0
LINE
  5
30A
330
17
100
AcDbEntity
  8
KM Kolon Tarama
100
AcDbLine
 10
-824400.450849674
 20
-71432.03340129471
 30
0.0
 11
-824396.0314322917
 21
-71427.61398391228
 31
0.0
  0
LINE
  5
30B
330
17
100
AcDbEntity
  8
KM Kolon Tarama
100
AcDbLine
 10
-824393.8217236005
 20
-71425.40427522105
 30
0.0
 11
-824389.402306218
 21
-71420.9848578387
 31
0.0
  0
LINE
  5
30C
330
17
100
AcDbEntity
  8
KM Kolon Tarama
100
AcDbLine
 10
-824387.1925975268
 20
-71418.77514914749
 30
0.0
 11
-824382.7731801443
 21
-71414.35573176504
 31
0.0
  0
LINE
  5
30D
330
17
100
AcDbEntity
  8
KM Kolon Tarama
100
AcDbLine
 10
-824380.5634714533
 20
-71412.14602307382
 30
0.0
 11
-824376.590828689
 21
-71408.17338030958
 31
0.0
  0
LINE
  5
30E
330
17
100
AcDbEntity
  8
KM Kolon Tarama
100
AcDbLine
 10
-824404.8702670566
 20
-71454.13048820687
 30
0.0
 11
-824400.4508496741
 21
-71449.71107082441
 31
0.0
  0
LINE
  5
30F
330
17
100
AcDbEntity
  8
KM Kolon Tarama
100
AcDbLine
 10
-824398.241140983
 20
-71447.50136213319
 30
0.0
 11
-824393.8217236006
 21
-71443.08194475085
 31
0.0
  0
LINE
  5
310
330
17
100
AcDbEntity
  8
KM Kolon Tarama
100
AcDbLine
 10
-824391.6120149092
 20
-71440.87223605961
 30
0.0
 11
-824387.1925975268
 21
-71436.45281867716
 31
0.0
  0
LINE
  5
311
330
17
100
AcDbEntity
  8
KM Kolon Tarama
100
AcDbLine
 10
-824384.9828888357
 20
-71434.24310998595
 30
0.0
 11
-824380.5634714533
 21
-71429.8236926035
 31
0.0
  0
LINE
  5
312
330
17
100
AcDbEntity
  8
KM Kolon Tarama
100
AcDbLine
 10
-824378.3537627622
 20
-71427.61398391228
 30
0.0
 11
-824373.9343453798
 21
-71423.19456652994
 31
0.0
  0
LINE
  5
313
330
17
100
AcDbEntity
  8
KM Kolon Tarama
100
AcDbLine
 10
-824371.7246366886
 20
-71420.9848578387
 30
0.0
 11
-824367.3052193061
 21
-71416.56544045627
 31
0.0
  0
LINE
  5
314
330
17
100
AcDbEntity
  8
KM Kolon Tarama
100
AcDbLine
 10
-824405.6171695027
 20
-71472.55506018258
 30
0.0
 11
-824404.8702670566
 21
-71471.80815773644
 31
0.0
  0
LINE
  5
315
330
17
100
AcDbEntity
  8
KM Kolon Tarama
100
AcDbLine
 10
-824402.6605583654
 20
-71469.59844904521
 30
0.0
 11
-824398.241140983
 21
-71465.17903166276
 31
0.0
  0
LINE
  5
316
330
17
100
AcDbEntity
  8
KM Kolon Tarama
100
AcDbLine
 10
-824396.0314322917
 20
-71462.96932297165
 30
0.0
 11
-824391.6120149092
 21
-71458.5499055892
 31
0.0
  0
LINE
  5
317
330
17
100
AcDbEntity
  8
KM Kolon Tarama
100
AcDbLine
 10
-824389.402306218
 20
-71456.34019689797
 30
0.0
 11
-824384.9828888357
 21
-71451.92077951552
 31
0.0
  0
LINE
  5
318
330
17
100
AcDbEntity
  8
KM Kolon Tarama
100
AcDbLine
 10
-824382.7731801443
 20
-71449.71107082428
 30
0.0
 11
-824378.3537627619
 21
-71445.29165344183
 31
0.0
  0
LINE
  5
319
330
17
100
AcDbEntity
  8
KM Kolon Tarama
100
AcDbLine
 10
-824376.1440540708
 20
-71443.08194475072
 30
0.0
 11
-824371.7246366884
 21
-71438.66252736827
 31
0.0
  0
LINE
  5
31A
330
17
100
AcDbEntity
  8
KM Kolon Tarama
100
AcDbLine
 10
-824369.5149279973
 20
-71436.45281867706
 30
0.0
 11
-824365.6172748234
 21
-71432.55516550329
 31
0.0
  0
LINE
  5
31B
330
17
100
AcDbEntity
  8
KM Kolon Tarama
100
AcDbLine
 10
-824405.6171695027
 20
-71490.23272971227
 30
0.0
 11
-824402.6605583654
 21
-71487.2761185749
 31
0.0
  0
LINE
  5
31C
330
17
100
AcDbEntity
  8
KM Kolon Tarama
100
AcDbLine
 10
-824400.4508496741
 20
-71485.06640988367
 30
0.0
 11
-824396.0314322917
 21
-71480.64699250134
 31
0.0
  0
LINE
  5
31D
330
17
100
AcDbEntity
  8
KM Kolon Tarama
100
AcDbLine
 10
-824393.8217236006
 20
-71478.43728381011
 30
0.0
 11
-824389.4023062182
 21
-71474.01786642766
 31
0.0
  0
LINE
  5
31E
330
17
100
AcDbEntity
  8
KM Kolon Tarama
100
AcDbLine
 10
-824387.1925975268
 20
-71471.80815773644
 30
0.0
 11
-824382.7731801447
 21
-71467.3887403541
 31
0.0
  0
LINE
  5
31F
330
17
100
AcDbEntity
  8
KM Kolon Tarama
100
AcDbLine
 10
-824380.5634714533
 20
-71465.17903166288
 30
0.0
 11
-824376.1440540708
 21
-71460.75961428043
 31
0.0
  0
LINE
  5
320
330
17
100
AcDbEntity
  8
KM Kolon Tarama
100
AcDbLine
 10
-824373.9343453798
 20
-71458.5499055892
 30
0.0
 11
-824369.5149279973
 21
-71454.13048820675
 31
0.0
  0
LINE
  5
321
330
17
100
AcDbEntity
  8
KM Kolon Tarama
100
AcDbLine
 10
-824367.3052193059
 20
-71451.92077951552
 30
0.0
 11
-824365.6176260425
 21
-71450.23318625195
 31
0.0
  0
LINE
  5
322
330
17
100
AcDbEntity
  8
KM Kolon Tarama
100
AcDbLine
 10
-824395.8831641813
 20
-71498.17639392056
 30
0.0
 11
-824393.8217236006
 21
-71496.1149533398
 31
0.0
  0
LINE
  5
323
330
17
100
AcDbEntity
  8
KM Kolon Tarama
100
AcDbLine
 10
-824391.6120149092
 20
-71493.90524464857
 30
0.0
 11
-824387.1925975268
 21
-71489.48582726612
 31
0.0
  0
LINE
  5
324
330
17
100
AcDbEntity
  8
KM Kolon Tarama
100
AcDbLine
 10
-824384.9828888357
 20
-71487.2761185749
 30
0.0
 11
-824380.5634714533
 21
-71482.85670119256
 31
0.0
  0
LINE
  5
325
330
17
100
AcDbEntity
  8
KM Kolon Tarama
100
AcDbLine
 10
-824378.3537627619
 20
-71480.64699250134
 30
0.0
 11
-824373.9343453798
 21
-71476.22757511889
 31
0.0
  0
LINE
  5
326
330
17
100
AcDbEntity
  8
KM Kolon Tarama
100
AcDbLine
 10
-824371.7246366884
 20
-71474.01786642766
 30
0.0
 11
-824367.3052193059
 21
-71469.59844904521
 31
0.0
  0
LINE
  5
327
330
17
100
AcDbEntity
  8
KM Kolon Tarama
100
AcDbLine
 10
-824376.1440540708
 20
-71496.1149533398
 30
0.0
 11
-824371.7246366884
 21
-71491.69553595735
 31
0.0
  0
LINE
  5
328
330
17
100
AcDbEntity
  8
KM Kolon Tarama
100
AcDbLine
 10
-824369.5149279973
 20
-71489.48582726612
 30
0.0
 11
-824365.6183284803
 21
-71485.58922774915
 31
0.0
  0
LINE
  5
329
330
17
100
AcDbEntity
  8
KM Kolon Tarama
100
AcDbLine
 10
-824405.6199419288
 20
-71649.33452790545
 30
0.0
 11
-824402.6605583655
 21
-71646.37514434196
 31
0.0
  0
LINE
  5
32A
330
17
100
AcDbEntity
  8
KM Kolon Tarama
100
AcDbLine
 10
-824400.4508496741
 20
-71644.16543565074
 30
0.0
 11
-824396.0314322917
 21
-71639.74601826828
 31
0.0
  0
LINE
  5
32B
330
17
100
AcDbEntity
  8
KM Kolon Tarama
100
AcDbLine
 10
-824314.2722107171
 20
-71557.98679669364
 30
0.0
 11
-824309.8527933348
 21
-71553.5673793112
 31
0.0
  0
LINE
  5
32C
330
17
100
AcDbEntity
  8
KM Kolon Tarama
100
AcDbLine
 10
-824307.6430846434
 20
-71551.35767061997
 30
0.0
 11
-824304.4605681674
 21
-71548.17515414394
 31
0.0
  0
LINE
  5
32D
330
17
100
AcDbEntity
  8
KM Kolon Tarama
100
AcDbLine
 10
-824404.8702670566
 20
-71666.26252256276
 30
0.0
 11
-824400.4508496741
 21
-71661.8431051803
 31
0.0
  0
LINE
  5
32E
330
17
100
AcDbEntity
  8
KM Kolon Tarama
100
AcDbLine
 10
-824398.241140983
 20
-71659.63339648908
 30
0.0
 11
-824393.8217236006
 21
-71655.21397910675
 31
0.0
  0
LINE
  5
32F
330
17
100
AcDbEntity
  8
KM Kolon Tarama
100
AcDbLine
 10
-824391.6120149092
 20
-71653.00427041552
 30
0.0
 11
-824387.1925975268
 21
-71648.58485303307
 31
0.0
  0
LINE
  5
330
330
17
100
AcDbEntity
  8
KM Kolon Tarama
100
AcDbLine
 10
-824384.9828888357
 20
-71646.37514434184
 30
0.0
 11
-824380.5634714533
 21
-71641.9557269594
 31
0.0
  0
LINE
  5
331
330
17
100
AcDbEntity
  8
KM Kolon Tarama
100
AcDbLine
 10
-824378.3537627619
 20
-71639.74601826828
 30
0.0
 11
-824376.7859122485
 21
-71638.17816775465
 31
0.0
  0
LINE
  5
332
330
17
100
AcDbEntity
  8
KM Kolon Tarama
100
AcDbLine
 10
-824315.6189242634
 20
-71577.01117976964
 30
0.0
 11
-824314.2722107171
 21
-71575.66446622332
 31
0.0
  0
LINE
  5
333
330
17
100
AcDbEntity
  8
KM Kolon Tarama
100
AcDbLine
 10
-824312.0625020257
 20
-71573.4547575321
 30
0.0
 11
-824307.6430846434
 21
-71569.03534014965
 31
0.0
  0
LINE
  5
334
330
17
100
AcDbEntity
  8
KM Kolon Tarama
100
AcDbLine
 10
-824305.4333759522
 20
-71566.82563145841
 30
0.0
 11
-824301.0139585698
 21
-71562.40621407596
 31
0.0
  0
LINE
  5
335
330
17
100
AcDbEntity
  8
KM Kolon Tarama
100
AcDbLine
 10
-824298.8042498785
 20
-71560.19650538475
 30
0.0
 11
-824294.384832496
 21
-71555.77708800242
 31
0.0
  0
LINE
  5
336
330
17
100
AcDbEntity
  8
KM Kolon Tarama
100
AcDbLine
 10
-824292.175123805
 20
-71553.5673793112
 30
0.0
 11
-824287.7557064225
 21
-71549.14796192874
 31
0.0
  0
LINE
  5
337
330
17
100
AcDbEntity
  8
KM Kolon Tarama
100
AcDbLine
 10
-824405.6192833883
 20
-71684.68920842395
 30
0.0
 11
-824404.8702670566
 21
-71683.94019209244
 31
0.0
  0
LINE
  5
338
330
17
100
AcDbEntity
  8
KM Kolon Tarama
100
AcDbLine
 10
-824402.6605583654
 20
-71681.73048340122
 30
0.0
 11
-824398.241140983
 21
-71677.31106601877
 31
0.0
  0
LINE
  5
339
330
17
100
AcDbEntity
  8
KM Kolon Tarama
100
AcDbLine
 10
-824396.0314322917
 20
-71675.10135732766
 30
0.0
 11
-824391.6120149092
 21
-71670.6819399452
 31
0.0
  0
LINE
  5
33A
330
17
100
AcDbEntity
  8
KM Kolon Tarama
100
AcDbLine
 10
-824389.402306218
 20
-71668.47223125398
 30
0.0
 11
-824384.9828888357
 21
-71664.05281387153
 31
0.0
  0
LINE
  5
33B
330
17
100
AcDbEntity
  8
KM Kolon Tarama
100
AcDbLine
 10
-824382.7731801443
 20
-71661.8431051803
 30
0.0
 11
-824378.3537627619
 21
-71657.42368779797
 31
0.0
  0
LINE
  5
33C
330
17
100
AcDbEntity
  8
KM Kolon Tarama
100
AcDbLine
 10
-824376.1440540708
 20
-71655.21397910675
 30
0.0
 11
-824371.7246366884
 21
-71650.7945617243
 31
0.0
  0
LINE
  5
33D
330
17
100
AcDbEntity
  8
KM Kolon Tarama
100
AcDbLine
 10
-824369.5149279973
 20
-71648.58485303307
 30
0.0
 11
-824365.6168146639
 21
-71644.6867396997
 31
0.0
  0
LINE
  5
33E
330
17
100
AcDbEntity
  8
KM Kolon Tarama
100
AcDbLine
 10
-824309.1047141238
 20
-71588.17463915981
 30
0.0
 11
-824305.4333759522
 21
-71584.50330098812
 31
0.0
  0
LINE
  5
33F
330
17
100
AcDbEntity
  8
KM Kolon Tarama
100
AcDbLine
 10
-824303.223667261
 20
-71582.29359229689
 30
0.0
 11
-824298.8042498785
 21
-71577.87417491442
 31
0.0
  0
LINE
  5
340
330
17
100
AcDbEntity
  8
KM Kolon Tarama
100
AcDbLine
 10
-824296.5945411873
 20
-71575.66446622321
 30
0.0
 11
-824292.175123805
 21
-71571.24504884076
 31
0.0
  0
LINE
  5
341
330
17
100
AcDbEntity
  8
KM Kolon Tarama
100
AcDbLine
 10
-824289.9654151136
 20
-71569.03534014952
 30
0.0
 11
-824285.5459977312
 21
-71564.6159227672
 31
0.0
  0
LINE
  5
342
330
17
100
AcDbEntity
  8
KM Kolon Tarama
100
AcDbLine
 10
-824283.33628904
 20
-71562.40621407596
 30
0.0
 11
-824278.9168716576
 21
-71557.98679669353
 31
0.0
  0
LINE
  5
343
330
17
100
AcDbEntity
  8
KM Kolon Tarama
100
AcDbLine
 10
-824276.7071629664
 20
-71555.7770880023
 30
0.0
 11
-824272.287745584
 21
-71551.35767061997
 31
0.0
  0
LINE
  5
344
330
17
100
AcDbEntity
  8
KM Kolon Tarama
100
AcDbLine
 10
-824270.0780368929
 20
-71549.14796192874
 30
0.0
 11
-824269.1052291078
 21
-71548.17515414381
 31
0.0
  0
LINE
  5
345
330
17
100
AcDbEntity
  8
KM Kolon Tarama
100
AcDbLine
 10
-824405.6189541176
 20
-71702.36654868338
 30
0.0
 11
-824402.6605583654
 21
-71699.4081529309
 31
0.0
  0
LINE
  5
346
330
17
100
AcDbEntity
  8
KM Kolon Tarama
100
AcDbLine
 10
-824400.4508496741
 20
-71697.19844423966
 30
0.0
 11
-824396.0314322917
 21
-71692.77902685721
 31
0.0
  0
LINE
  5
347
330
17
100
AcDbEntity
  8
KM Kolon Tarama
100
AcDbLine
 10
-824393.8217236006
 20
-71690.56931816612
 30
0.0
 11
-824389.4023062182
 21
-71686.14990078367
 31
0.0
  0
LINE
  5
348
330
17
100
AcDbEntity
  8
KM Kolon Tarama
100
AcDbLine
 10
-824387.1925975268
 20
-71683.94019209244
 30
0.0
 11
-824382.7731801447
 21
-71679.52077470999
 31
0.0
  0
LINE
  5
349
330
17
100
AcDbEntity
  8
KM Kolon Tarama
100
AcDbLine
 10
-824380.5634714533
 20
-71677.31106601877
 30
0.0
 11
-824376.1440540708
 21
-71672.89164863632
 31
0.0
  0
LINE
  5
34A
330
17
100
AcDbEntity
  8
KM Kolon Tarama
100
AcDbLine
 10
-824373.9343453798
 20
-71670.6819399452
 30
0.0
 11
-824369.5149279973
 21
-71666.26252256276
 31
0.0
  0
LINE
  5
34B
330
17
100
AcDbEntity
  8
KM Kolon Tarama
100
AcDbLine
 10
-824367.3052193059
 20
-71664.05281387153
 30
0.0
 11
-824365.6168805193
 21
-71662.36447508482
 31
0.0
  0
LINE
  5
34C
330
17
100
AcDbEntity
  8
KM Kolon Tarama
100
AcDbLine
 10
-824291.4270445945
 20
-71588.17463915981
 30
0.0
 11
-824289.9654151138
 21
-71586.71300967922
 31
0.0
  0
LINE
  5
34D
330
17
100
AcDbEntity
  8
KM Kolon Tarama
100
AcDbLine
 10
-824287.7557064225
 20
-71584.503300988
 30
0.0
 11
-824283.33628904
 21
-71580.08388360566
 31
0.0
  0
LINE
  5
34E
330
17
100
AcDbEntity
  8
KM Kolon Tarama
100
AcDbLine
 10
-824281.1265803489
 20
-71577.87417491442
 30
0.0
 11
-824276.7071629664
 21
-71573.45475753197
 31
0.0
  0
LINE
  5
34F
330
17
100
AcDbEntity
  8
KM Kolon Tarama
100
AcDbLine
 10
-824274.4974542751
 20
-71571.24504884076
 30
0.0
 11
-824270.0780368929
 21
-71566.82563145841
 31
0.0
  0
LINE
  5
350
330
17
100
AcDbEntity
  8
KM Kolon Tarama
100
AcDbLine
 10
-824267.8683282015
 20
-71564.6159227672
 30
0.0
 11
-824263.4489108191
 21
-71560.19650538475
 31
0.0
  0
LINE
  5
351
330
17
100
AcDbEntity
  8
KM Kolon Tarama
100
AcDbLine
 10
-824261.239202128
 20
-71557.98679669353
 30
0.0
 11
-824256.8197847456
 21
-71553.56737931108
 31
0.0
  0
LINE
  5
352
330
17
100
AcDbEntity
  8
KM Kolon Tarama
100
AcDbLine
 10
-824254.6100760545
 20
-71551.35767061985
 30
0.0
 11
-824251.4275595786
 21
-71548.17515414394
 31
0.0
  0
LINE
  5
353
330
17
100
AcDbEntity
  8
KM Kolon Tarama
100
AcDbLine
 10
-824404.8702670566
 20
-71719.29553115182
 30
0.0
 11
-824400.4508496741
 21
-71714.87611376937
 31
0.0
  0
LINE
  5
354
330
17
100
AcDbEntity
  8
KM Kolon Tarama
100
AcDbLine
 10
-824398.241140983
 20
-71712.66640507814
 30
0.0
 11
-824393.8217236006
 21
-71708.24698769567
 31
0.0
  0
LINE
  5
355
330
17
100
AcDbEntity
  8
KM Kolon Tarama
100
AcDbLine
 10
-824391.6120149092
 20
-71706.03727900457
 30
0.0
 11
-824387.1925975268
 21
-71701.61786162212
 31
0.0
  0
LINE
  5
356
330
17
100
AcDbEntity
  8
KM Kolon Tarama
100
AcDbLine
 10
-824384.9828888357
 20
-71699.4081529309
 30
0.0
 11
-824380.5634714533
 21
-71694.98873554845
 31
0.0
  0
LINE
  5
357
330
17
100
AcDbEntity
  8
KM Kolon Tarama
100
AcDbLine
 10
-824378.3537627619
 20
-71692.77902685721
 30
0.0
 11
-824373.9343453798
 21
-71688.35960947478
 31
0.0
  0
LINE
  5
358
330
17
100
AcDbEntity
  8
KM Kolon Tarama
100
AcDbLine
 10
-824371.7246366884
 20
-71686.14990078367
 30
0.0
 11
-824367.3052193059
 21
-71681.73048340122
 31
0.0
  0
LINE
  5
359
330
17
100
AcDbEntity
  8
KM Kolon Tarama
100
AcDbLine
 10
-824130.6150475773
 20
-71445.04031167249
 30
0.0
 11
-824128.7479636268
 21
-71443.17322772183
 31
0.0
  0
LINE
  5
35A
330
17
100
AcDbEntity
  8
KM Kolon Tarama
100
AcDbLine
 10
-824272.287745584
 20
-71586.71300967922
 30
0.0
 11
-824267.8683282015
 21
-71582.29359229689
 31
0.0
  0
LINE
  5
35B
330
17
100
AcDbEntity
  8
KM Kolon Tarama
100
AcDbLine
 10
-824265.6586195105
 20
-71580.08388360566
 30
0.0
 11
-824261.239202128
 21
-71575.66446622321
 31
0.0
  0
LINE
  5
35C
330
17
100
AcDbEntity
  8
KM Kolon Tarama
100
AcDbLine
 10
-824259.029493437
 20
-71573.45475753197
 30
0.0
 11
-824254.6100760545
 21
-71569.03534014952
 31
0.0
  0
LINE
  5
35D
330
17
100
AcDbEntity
  8
KM Kolon Tarama
100
AcDbLine
 10
-824252.4003673631
 20
-71566.82563145841
 30
0.0
 11
-824247.980949981
 21
-71562.40621407596
 31
0.0
  0
LINE
  5
35E
330
17
100
AcDbEntity
  8
KM Kolon Tarama
100
AcDbLine
 10
-824245.7712412896
 20
-71560.19650538475
 30
0.0
 11
-824241.3518239072
 21
-71555.7770880023
 31
0.0
  0
LINE
  5
35F
330
17
100
AcDbEntity
  8
KM Kolon Tarama
100
AcDbLine
 10
-824239.1421152161
 20
-71553.56737931108
 30
0.0
 11
-824234.7226978337
 21
-71549.14796192863
 31
0.0
  0
LINE
  5
360
330
17
100
AcDbEntity
  8
KM Kolon Tarama
100
AcDbLine
 10
-824405.6182955771
 20
-71737.72122920188
 30
0.0
 11
-824404.8702670566
 21
-71736.97320068139
 31
0.0
  0
LINE
  5
361
330
17
100
AcDbEntity
  8
KM Kolon Tarama
100
AcDbLine
 10
-824402.6605583654
 20
-71734.76349199016
 30
0.0
 11
-824398.241140983
 21
-71730.34407460783
 31
0.0
  0
LINE
  5
362
330
17
100
AcDbEntity
  8
KM Kolon Tarama
100
AcDbLine
 10
-824396.0314322917
 20
-71728.1343659166
 30
0.0
 11
-824391.6120149092
 21
-71723.71494853415
 31
0.0
  0
LINE
  5
363
330
17
100
AcDbEntity
  8
KM Kolon Tarama
100
AcDbLine
 10
-824389.4023062182
 20
-71721.50523984293
 30
0.0
 11
-824384.9828888357
 21
-71717.08582246059
 31
0.0
  0
LINE
  5
364
330
17
100
AcDbEntity
  8
KM Kolon Tarama
100
AcDbLine
 10
-824382.7731801447
 20
-71714.87611376937
 30
0.0
 11
-824378.3537627622
 21
-71710.45669638691
 31
0.0
  0
LINE
  5
365
330
17
100
AcDbEntity
  8
KM Kolon Tarama
100
AcDbLine
 10
-824376.1440540708
 20
-71708.24698769567
 30
0.0
 11
-824371.7246366886
 21
-71703.82757031322
 31
0.0
  0
LINE
  5
366
330
17
100
AcDbEntity
  8
KM Kolon Tarama
100
AcDbLine
 10
-824369.5149279973
 20
-71701.61786162201
 30
0.0
 11
-824365.6170122304
 21
-71697.71994585532
 31
0.0
  0
LINE
  5
367
330
17
100
AcDbEntity
  8
KM Kolon Tarama
100
AcDbLine
 10
-824000.6131449972
 20
-71332.71607862192
 30
0.0
 11
-824000.4935765655
 21
-71332.5965101904
 31
0.0
  0
LINE
  5
368
330
17
100
AcDbEntity
  8
KM Kolon Tarama
100
AcDbLine
 10
-823998.2838678745
 20
-71330.38680149917
 30
0.0
 11
-823993.864450492
 21
-71325.96738411672
 31
0.0
  0
LINE
  5
369
330
17
100
AcDbEntity
  8
KM Kolon Tarama
100
AcDbLine
 10
-823991.6547418006
 20
-71323.7576754255
 30
0.0
 11
-823991.0706469563
 21
-71323.1735805812
 31
0.0
  0
LINE
  5
36A
330
17
100
AcDbEntity
  8
KM Kolon Tarama
100
AcDbLine
 10
-824256.0717055349
 20
-71588.17463915981
 30
0.0
 11
-824252.4003673631
 21
-71584.50330098812
 31
0.0
  0
LINE
  5
36B
330
17
100
AcDbEntity
  8
KM Kolon Tarama
100
AcDbLine
 10
-824250.1906586721
 20
-71582.29359229689
 30
0.0
 11
-824245.7712412896
 21
-71577.87417491442
 31
0.0
  0
LINE
  5
36C
330
17
100
AcDbEntity
  8
KM Kolon Tarama
100
AcDbLine
 10
-824243.5615325982
 20
-71575.66446622321
 30
0.0
 11
-824239.1421152161
 21
-71571.24504884076
 31
0.0
  0
LINE
  5
36D
330
17
100
AcDbEntity
  8
KM Kolon Tarama
100
AcDbLine
 10
-824236.9324065247
 20
-71569.03534014952
 30
0.0
 11
-824232.5129891423
 21
-71564.6159227672
 31
0.0
  0
LINE
  5
36E
330
17
100
AcDbEntity
  8
KM Kolon Tarama
100
AcDbLine
 10
-824230.3032804512
 20
-71562.40621407596
 30
0.0
 11
-824225.8838630688
 21
-71557.98679669353
 31
0.0
  0
LINE
  5
36F
330
17
100
AcDbEntity
  8
KM Kolon Tarama
100
AcDbLine
 10
-824223.6741543775
 20
-71555.7770880023
 30
0.0
 11
-824219.2547369951
 21
-71551.35767061997
 31
0.0
  0
LINE
  5
370
330
17
100
AcDbEntity
  8
KM Kolon Tarama
100
AcDbLine
 10
-824217.045028304
 20
-71549.14796192874
 30
0.0
 11
-824216.072220519
 21
-71548.17515414381
 31
0.0
  0
LINE
  5
371
330
17
100
AcDbEntity
  8
KM Kolon Tarama
100
AcDbLine
 10
-824130.6150475773
 20
-71462.71798120218
 30
0.0
 11
-824126.4469719643
 21
-71458.5499055892
 31
0.0
  0
LINE
  5
372
330
17
100
AcDbEntity
  8
KM Kolon Tarama
100
AcDbLine
 10
-824124.2372632731
 20
-71456.34019689797
 30
0.0
 11
-824119.8178458906
 21
-71451.92077951552
 31
0.0
  0
LINE
  5
373
330
17
100
AcDbEntity
  8
KM Kolon Tarama
100
AcDbLine
 10
-824117.6081371994
 20
-71449.71107082428
 30
0.0
 11
-824113.1887198172
 21
-71445.29165344196
 31
0.0
  0
LINE
  5
374
330
17
100
AcDbEntity
  8
KM Kolon Tarama
100
AcDbLine
 10
-824405.6179663067
 20
-71755.39856946131
 30
0.0
 11
-824402.6605583654
 21
-71752.44116151996
 31
0.0
  0
LINE
  5
375
330
17
100
AcDbEntity
  8
KM Kolon Tarama
100
AcDbLine
 10
-824400.4508496741
 20
-71750.23145282874
 30
0.0
 11
-824396.0314322917
 21
-71745.81203544629
 31
0.0
  0
LINE
  5
376
330
17
100
AcDbEntity
  8
KM Kolon Tarama
100
AcDbLine
 10
-824393.8217236006
 20
-71743.60232675506
 30
0.0
 11
-824389.4023062182
 21
-71739.18290937261
 31
0.0
  0
LINE
  5
377
330
17
100
AcDbEntity
  8
KM Kolon Tarama
100
AcDbLine
 10
-824387.1925975268
 20
-71736.97320068139
 30
0.0
 11
-824382.7731801447
 21
-71732.55378329905
 31
0.0
  0
LINE
  5
378
330
17
100
AcDbEntity
  8
KM Kolon Tarama
100
AcDbLine
 10
-824380.5634714533
 20
-71730.34407460783
 30
0.0
 11
-824376.1440540708
 21
-71725.92465722538
 31
0.0
  0
LINE
  5
379
330
17
100
AcDbEntity
  8
KM Kolon Tarama
100
AcDbLine
 10
-824373.9343453798
 20
-71723.71494853415
 30
0.0
 11
-824369.5149279973
 21
-71719.2955311517
 31
0.0
  0
LINE
  5
37A
330
17
100
AcDbEntity
  8
KM Kolon Tarama
100
AcDbLine
 10
-824367.3052193059
 20
-71717.08582246059
 30
0.0
 11
-824365.6170780859
 21
-71715.39768124046
 31
0.0
  0
LINE
  5
37B
330
17
100
AcDbEntity
  8
KM Kolon Tarama
100
AcDbLine
 10
-824000.6131449972
 20
-71350.3937481516
 30
0.0
 11
-823998.2838678745
 21
-71348.06447102886
 31
0.0
  0
LINE
  5
37C
330
17
100
AcDbEntity
  8
KM Kolon Tarama
100
AcDbLine
 10
-823996.0741591831
 20
-71345.85476233764
 30
0.0
 11
-823991.6547418006
 21
-71341.43534495519
 31
0.0
  0
LINE
  5
37D
330
17
100
AcDbEntity
  8
KM Kolon Tarama
100
AcDbLine
 10
-823989.4450331096
 20
-71339.22563626396
 30
0.0
 11
-823985.0256157271
 21
-71334.80621888151
 31
0.0
  0
LINE
  5
37E
330
17
100
AcDbEntity
  8
KM Kolon Tarama
100
AcDbLine
 10
-823982.8159070357
 20
-71332.5965101904
 30
0.0
 11
-823978.3964896536
 21
-71328.17709280795
 31
0.0
  0
LINE
  5
37F
330
17
100
AcDbEntity
  8
KM Kolon Tarama
100
AcDbLine
 10
-823976.1867809622
 20
-71325.96738411672
 30
0.0
 11
-823973.3929774266
 21
-71323.17358058132
 31
0.0
  0
LINE
  5
380
330
17
100
AcDbEntity
  8
KM Kolon Tarama
100
AcDbLine
 10
-824238.3940360053
 20
-71588.17463915981
 30
0.0
 11
-824236.9324065247
 21
-71586.71300967934
 31
0.0
  0
LINE
  5
381
330
17
100
AcDbEntity
  8
KM Kolon Tarama
100
AcDbLine
 10
-824234.7226978337
 20
-71584.50330098812
 30
0.0
 11
-824230.3032804512
 21
-71580.08388360566
 31
0.0
  0
LINE
  5
382
330
17
100
AcDbEntity
  8
KM Kolon Tarama
100
AcDbLine
 10
-824228.09357176
 20
-71577.87417491442
 30
0.0
 11
-824223.6741543775
 21
-71573.45475753197
 31
0.0
  0
LINE
  5
383
330
17
100
AcDbEntity
  8
KM Kolon Tarama
100
AcDbLine
 10
-824221.4644456863
 20
-71571.24504884076
 30
0.0
 11
-824217.045028304
 21
-71566.82563145841
 31
0.0
  0
LINE
  5
384
330
17
100
AcDbEntity
  8
KM Kolon Tarama
100
AcDbLine
 10
-824214.8353196126
 20
-71564.6159227672
 30
0.0
 11
-824210.4159022302
 21
-71560.19650538475
 31
0.0
  0
LINE
  5
385
330
17
100
AcDbEntity
  8
KM Kolon Tarama
100
AcDbLine
 10
-824208.2061935391
 20
-71557.98679669353
 30
0.0
 11
-824203.7867761567
 21
-71553.56737931108
 31
0.0
  0
LINE
  5
386
330
17
100
AcDbEntity
  8
KM Kolon Tarama
100
AcDbLine
 10
-824201.5770674653
 20
-71551.35767061997
 30
0.0
 11
-824198.3945509893
 21
-71548.17515414381
 31
0.0
  0
LINE
  5
387
330
17
100
AcDbEntity
  8
KM Kolon Tarama
100
AcDbLine
 10
-824128.6566806555
 20
-71478.43728381011
 30
0.0
 11
-824124.2372632731
 21
-71474.01786642766
 31
0.0
  0
LINE
  5
388
330
17
100
AcDbEntity
  8
KM Kolon Tarama
100
AcDbLine
 10
-824122.0275545819
 20
-71471.80815773644
 30
0.0
 11
-824117.6081371994
 21
-71467.3887403541
 31
0.0
  0
LINE
  5
389
330
17
100
AcDbEntity
  8
KM Kolon Tarama
100
AcDbLine
 10
-824115.3984285082
 20
-71465.17903166288
 30
0.0
 11
-824110.9790111257
 21
-71460.75961428043
 31
0.0
  0
LINE
  5
38A
330
17
100
AcDbEntity
  8
KM Kolon Tarama
100
AcDbLine
 10
-824108.7693024348
 20
-71458.5499055892
 30
0.0
 11
-824104.3498850523
 21
-71454.13048820675
 31
0.0
  0
LINE
  5
38B
330
17
100
AcDbEntity
  8
KM Kolon Tarama
100
AcDbLine
 10
-824102.1401763612
 20
-71451.92077951552
 30
0.0
 11
-824097.7207589787
 21
-71447.50136213319
 31
0.0
  0
LINE
  5
38C
330
17
100
AcDbEntity
  8
KM Kolon Tarama
100
AcDbLine
 10
-824095.5110502873
 20
-71445.29165344196
 30
0.0
 11
-824093.3926245671
 21
-71443.1732277217
 31
0.0
  0
LINE
  5
38D
330
17
100
AcDbEntity
  8
KM Kolon Tarama
100
AcDbLine
 10
-824404.8702670566
 20
-71772.32853974076
 30
0.0
 11
-824400.4508496741
 21
-71767.90912235831
 31
0.0
  0
LINE
  5
38E
330
17
100
AcDbEntity
  8
KM Kolon Tarama
100
AcDbLine
 10
-824398.241140983
 20
-71765.69941366708
 30
0.0
 11
-824393.8217236006
 21
-71761.27999628475
 31
0.0
  0
LINE
  5
38F
330
17
100
AcDbEntity
  8
KM Kolon Tarama
100
AcDbLine
 10
-824391.6120149092
 20
-71759.07028759352
 30
0.0
 11
-824387.1925975268
 21
-71754.65087021107
 31
0.0
  0
LINE
  5
390
330
17
100
AcDbEntity
  8
KM Kolon Tarama
100
AcDbLine
 10
-824384.9828888357
 20
-71752.44116151985
 30
0.0
 11
-824380.5634714533
 21
-71748.02174413751
 31
0.0
  0
LINE
  5
391
330
17
100
AcDbEntity
  8
KM Kolon Tarama
100
AcDbLine
 10
-824378.3537627619
 20
-71745.81203544629
 30
0.0
 11
-824373.9343453798
 21
-71741.39261806382
 31
0.0
  0
LINE
  5
392
330
17
100
AcDbEntity
  8
KM Kolon Tarama
100
AcDbLine
 10
-824371.7246366884
 20
-71739.18290937261
 30
0.0
 11
-824367.3052193059
 21
-71734.76349199016
 31
0.0
  0
LINE
  5
393
330
17
100
AcDbEntity
  8
KM Kolon Tarama
100
AcDbLine
 10
-823993.864450492
 20
-71361.3227231761
 30
0.0
 11
-823989.4450331096
 21
-71356.90330579376
 31
0.0
  0
LINE
  5
394
330
17
100
AcDbEntity
  8
KM Kolon Tarama
100
AcDbLine
 10
-823987.2353244185
 20
-71354.69359710254
 30
0.0
 11
-823982.8159070361
 21
-71350.27417972009
 31
0.0
  0
LINE
  5
395
330
17
100
AcDbEntity
  8
KM Kolon Tarama
100
AcDbLine
 10
-823980.6061983447
 20
-71348.06447102886
 30
0.0
 11
-823976.1867809624
 21
-71343.64505364641
 31
0.0
  0
LINE
  5
396
330
17
100
AcDbEntity
  8
KM Kolon Tarama
100
AcDbLine
 10
-823973.9770722712
 20
-71341.43534495519
 30
0.0
 11
-823969.5576548887
 21
-71337.01592757285
 31
0.0
  0
LINE
  5
397
330
17
100
AcDbEntity
  8
KM Kolon Tarama
100
AcDbLine
 10
-823967.3479461975
 20
-71334.80621888163
 30
0.0
 11
-823962.928528815
 21
-71330.38680149917
 31
0.0
  0
LINE
  5
398
330
17
100
AcDbEntity
  8
KM Kolon Tarama
100
AcDbLine
 10
-823960.7188201238
 20
-71328.17709280795
 30
0.0
 11
-823956.2994027414
 21
-71323.7576754255
 31
0.0
  0
LINE
  5
399
330
17
100
AcDbEntity
  8
KM Kolon Tarama
100
AcDbLine
 10
-824219.2547369951
 20
-71586.71300967934
 30
0.0
 11
-824214.8353196126
 21
-71582.29359229689
 31
0.0
  0
LINE
  5
39A
330
17
100
AcDbEntity
  8
KM Kolon Tarama
100
AcDbLine
 10
-824212.6256109214
 20
-71580.08388360566
 30
0.0
 11
-824208.2061935391
 21
-71575.66446622321
 31
0.0
  0
LINE
  5
39B
330
17
100
AcDbEntity
  8
KM Kolon Tarama
100
AcDbLine
 10
-824205.9964848477
 20
-71573.45475753197
 30
0.0
 11
-824201.5770674653
 21
-71569.03534014952
 31
0.0
  0
LINE
  5
39C
330
17
100
AcDbEntity
  8
KM Kolon Tarama
100
AcDbLine
 10
-824199.3673587742
 20
-71566.82563145841
 30
0.0
 11
-824194.9479413918
 21
-71562.40621407596
 31
0.0
  0
LINE
  5
39D
330
17
100
AcDbEntity
  8
KM Kolon Tarama
100
AcDbLine
 10
-824192.7382327006
 20
-71560.19650538475
 30
0.0
 11
-824188.318815318
 21
-71555.7770880023
 31
0.0
  0
LINE
  5
39E
330
17
100
AcDbEntity
  8
KM Kolon Tarama
100
AcDbLine
 10
-824186.1091066271
 20
-71553.56737931108
 30
0.0
 11
-824181.6896892446
 21
-71549.14796192874
 31
0.0
  0
LINE
  5
39F
330
17
100
AcDbEntity
  8
KM Kolon Tarama
100
AcDbLine
 10
-824130.6150475773
 20
-71498.07332026155
 30
0.0
 11
-824128.6566806555
 21
-71496.11495333968
 31
0.0
  0
LINE
  5
3A0
330
17
100
AcDbEntity
  8
KM Kolon Tarama
100
AcDbLine
 10
-824126.4469719643
 20
-71493.90524464857
 30
0.0
 11
-824122.0275545819
 21
-71489.48582726612
 31
0.0
  0
LINE
  5
3A1
330
17
100
AcDbEntity
  8
KM Kolon Tarama
100
AcDbLine
 10
-824119.8178458906
 20
-71487.2761185749
 30
0.0
 11
-824115.3984285082
 21
-71482.85670119245
 31
0.0
  0
LINE
  5
3A2
330
17
100
AcDbEntity
  8
KM Kolon Tarama
100
AcDbLine
 10
-824113.188719817
 20
-71480.64699250122
 30
0.0
 11
-824108.7693024345
 21
-71476.22757511889
 31
0.0
  0
LINE
  5
3A3
330
17
100
AcDbEntity
  8
KM Kolon Tarama
100
AcDbLine
 10
-824106.5595937433
 20
-71474.01786642766
 30
0.0
 11
-824102.1401763608
 21
-71469.59844904521
 31
0.0
  0
LINE
  5
3A4
330
17
100
AcDbEntity
  8
KM Kolon Tarama
100
AcDbLine
 10
-824099.9304676699
 20
-71467.38874035398
 30
0.0
 11
-824095.5110502873
 21
-71462.96932297153
 31
0.0
  0
LINE
  5
3A5
330
17
100
AcDbEntity
  8
KM Kolon Tarama
100
AcDbLine
 10
-824093.3013415963
 20
-71460.75961428031
 30
0.0
 11
-824090.6148857829
 21
-71458.07315846696
 31
0.0
  0
LINE
  5
3A6
330
17
100
AcDbEntity
  8
KM Kolon Tarama
100
AcDbLine
 10
-824405.6173077661
 20
-71790.75324997993
 30
0.0
 11
-824404.8702670566
 21
-71790.00620927045
 31
0.0
  0
LINE
  5
3A7
330
17
100
AcDbEntity
  8
KM Kolon Tarama
100
AcDbLine
 10
-824402.6605583654
 20
-71787.79650057922
 30
0.0
 11
-824398.241140983
 21
-71783.37708319677
 31
0.0
  0
LINE
  5
3A8
330
17
100
AcDbEntity
  8
KM Kolon Tarama
100
AcDbLine
 10
-824396.0314322917
 20
-71781.16737450555
 30
0.0
 11
-824391.6120149092
 21
-71776.74795712321
 31
0.0
  0
LINE
  5
3A9
330
17
100
AcDbEntity
  8
KM Kolon Tarama
100
AcDbLine
 10
-824389.402306218
 20
-71774.53824843199
 30
0.0
 11
-824384.9828888357
 21
-71770.11883104953
 31
0.0
  0
LINE
  5
3AA
330
17
100
AcDbEntity
  8
KM Kolon Tarama
100
AcDbLine
 10
-824382.7731801443
 20
-71767.90912235831
 30
0.0
 11
-824378.3537627619
 21
-71763.48970497586
 31
0.0
  0
LINE
  5
3AB
330
17
100
AcDbEntity
  8
KM Kolon Tarama
100
AcDbLine
 10
-824376.1440540708
 20
-71761.27999628463
 30
0.0
 11
-824371.7246366884
 21
-71756.8605789023
 31
0.0
  0
LINE
  5
3AC
330
17
100
AcDbEntity
  8
KM Kolon Tarama
100
AcDbLine
 10
-824369.5149279973
 20
-71754.65087021107
 30
0.0
 11
-824365.6172097971
 21
-71750.75315201085
 31
0.0
  0
LINE
  5
3AD
330
17
100
AcDbEntity
  8
KM Kolon Tarama
100
AcDbLine
 10
-823978.0371233833
 20
-71363.17306559719
 30
0.0
 11
-823973.9770722712
 21
-71359.11301448487
 31
0.0
  0
LINE
  5
3AE
330
17
100
AcDbEntity
  8
KM Kolon Tarama
100
AcDbLine
 10
-823971.7673635798
 20
-71356.90330579365
 30
0.0
 11
-823967.3479461975
 21
-71352.48388841131
 31
0.0
  0
LINE
  5
3AF
330
17
100
AcDbEntity
  8
KM Kolon Tarama
100
AcDbLine
 10
-823965.1382375063
 20
-71350.27417972009
 30
0.0
 11
-823960.7188201238
 21
-71345.85476233764
 31
0.0
  0
LINE
  5
3B0
330
17
100
AcDbEntity
  8
KM Kolon Tarama
100
AcDbLine
 10
-823958.5091114326
 20
-71343.64505364641
 30
0.0
 11
-823954.0896940503
 21
-71339.22563626396
 31
0.0
  0
LINE
  5
3B1
330
17
100
AcDbEntity
  8
KM Kolon Tarama
100
AcDbLine
 10
-823951.8799853589
 20
-71337.01592757273
 30
0.0
 11
-823947.4605679765
 21
-71332.5965101904
 31
0.0
  0
LINE
  5
3B2
330
17
100
AcDbEntity
  8
KM Kolon Tarama
100
AcDbLine
 10
-823945.2508592854
 20
-71330.38680149917
 30
0.0
 11
-823940.8314419028
 21
-71325.96738411672
 31
0.0
  0
LINE
  5
3B3
330
17
100
AcDbEntity
  8
KM Kolon Tarama
100
AcDbLine
 10
-823938.6217332116
 20
-71323.7576754255
 30
0.0
 11
-823938.0376383675
 21
-71323.1735805812
 31
0.0
  0
LINE
  5
3B4
330
17
100
AcDbEntity
  8
KM Kolon Tarama
100
AcDbLine
 10
-824203.0386969458
 20
-71588.17463915981
 30
0.0
 11
-824199.3673587742
 21
-71584.503300988
 31
0.0
  0
LINE
  5
3B5
330
17
100
AcDbEntity
  8
KM Kolon Tarama
100
AcDbLine
 10
-824197.157650083
 20
-71582.29359229689
 30
0.0
 11
-824192.7382327006
 21
-71577.87417491442
 31
0.0
  0
LINE
  5
3B6
330
17
100
AcDbEntity
  8
KM Kolon Tarama
100
AcDbLine
 10
-824190.5285240093
 20
-71575.66446622321
 30
0.0
 11
-824186.1091066271
 21
-71571.24504884076
 31
0.0
  0
LINE
  5
3B7
330
17
100
AcDbEntity
  8
KM Kolon Tarama
100
AcDbLine
 10
-824183.8993979357
 20
-71569.03534014952
 30
0.0
 11
-824180.6158939633
 21
-71565.75183617706
 31
0.0
  0
LINE
  5
3B8
330
17
100
AcDbEntity
  8
KM Kolon Tarama
100
AcDbLine
 10
-824110.9790111257
 20
-71496.1149533398
 30
0.0
 11
-824106.5595937433
 21
-71491.69553595735
 31
0.0
  0
LINE
  5
3B9
330
17
100
AcDbEntity
  8
KM Kolon Tarama
100
AcDbLine
 10
-824104.3498850523
 20
-71489.48582726612
 30
0.0
 11
-824099.9304676699
 21
-71485.06640988367
 31
0.0
  0
LINE
  5
3BA
330
17
100
AcDbEntity
  8
KM Kolon Tarama
100
AcDbLine
 10
-824097.7207589784
 20
-71482.85670119256
 30
0.0
 11
-824093.3013415963
 21
-71478.43728381011
 31
0.0
  0
LINE
  5
3BB
330
17
100
AcDbEntity
  8
KM Kolon Tarama
100
AcDbLine
 10
-824091.091632905
 20
-71476.22757511889
 30
0.0
 11
-824090.6147900005
 21
-71475.75073221442
 31
0.0
  0
LINE
  5
3BC
330
17
100
AcDbEntity
  8
KM Kolon Tarama
100
AcDbLine
 10
-824393.8217236006
 20
-71796.635335344
 30
0.0
 11
-824389.4023062182
 21
-71792.21591796167
 31
0.0
  0
LINE
  5
3BD
330
17
100
AcDbEntity
  8
KM Kolon Tarama
100
AcDbLine
 10
-824387.1925975268
 20
-71790.00620927045
 30
0.0
 11
-824382.7731801447
 21
-71785.586791888
 31
0.0
  0
LINE
  5
3BE
330
17
100
AcDbEntity
  8
KM Kolon Tarama
100
AcDbLine
 10
-824380.5634714533
 20
-71783.37708319677
 30
0.0
 11
-824376.1440540708
 21
-71778.95766581432
 31
0.0
  0
LINE
  5
3BF
330
17
100
AcDbEntity
  8
KM Kolon Tarama
100
AcDbLine
 10
-824373.9343453798
 20
-71776.7479571231
 30
0.0
 11
-824369.5149279973
 21
-71772.32853974076
 31
0.0
  0
LINE
  5
3C0
330
17
100
AcDbEntity
  8
KM Kolon Tarama
100
AcDbLine
 10
-824367.3052193059
 20
-71770.11883104953
 30
0.0
 11
-824365.6172756528
 21
-71768.4308873961
 31
0.0
  0
LINE
  5
3C1
330
17
100
AcDbEntity
  8
KM Kolon Tarama
100
AcDbLine
 10
-824185.3610274164
 20
-71588.17463915981
 30
0.0
 11
-824183.8993979357
 21
-71586.71300967922
 31
0.0
  0
LINE
  5
3C2
330
17
100
AcDbEntity
  8
KM Kolon Tarama
100
AcDbLine
 10
-824181.6896892444
 20
-71584.503300988
 30
0.0
 11
-824180.6158939633
 21
-71583.42950570676
 31
0.0
  0
LINE
  5
3C3
330
17
100
AcDbEntity
  8
KM Kolon Tarama
100
AcDbLine
 10
-823960.3594538538
 20
-71363.17306559719
 30
0.0
 11
-823958.5091114326
 21
-71361.3227231761
 31
0.0
  0
LINE
  5
3C4
330
17
100
AcDbEntity
  8
KM Kolon Tarama
100
AcDbLine
 10
-823956.2994027414
 20
-71359.11301448487
 30
0.0
 11
-823951.8799853589
 21
-71354.69359710242
 31
0.0
  0
LINE
  5
3C5
330
17
100
AcDbEntity
  8
KM Kolon Tarama
100
AcDbLine
 10
-823949.6702766677
 20
-71352.4838884112
 30
0.0
 11
-823945.2508592854
 21
-71348.06447102886
 31
0.0
  0
LINE
  5
3C6
330
17
100
AcDbEntity
  8
KM Kolon Tarama
100
AcDbLine
 10
-823943.041150594
 20
-71345.85476233764
 30
0.0
 11
-823938.6217332116
 21
-71341.43534495519
 31
0.0
  0
LINE
  5
3C7
330
17
100
AcDbEntity
  8
KM Kolon Tarama
100
AcDbLine
 10
-823936.4120245205
 20
-71339.22563626396
 30
0.0
 11
-823931.9926071381
 21
-71334.80621888151
 31
0.0
  0
LINE
  5
3C8
330
17
100
AcDbEntity
  8
KM Kolon Tarama
100
AcDbLine
 10
-823929.7828984467
 20
-71332.59651019028
 30
0.0
 11
-823925.3634810646
 21
-71328.17709280795
 31
0.0
  0
LINE
  5
3C9
330
17
100
AcDbEntity
  8
KM Kolon Tarama
100
AcDbLine
 10
-823923.1537723732
 20
-71325.96738411672
 30
0.0
 11
-823920.3599688378
 21
-71323.17358058132
 31
0.0
  0
LINE
  5
3CA
330
17
100
AcDbEntity
  8
KM Kolon Tarama
100
AcDbLine
 10
-824095.3627821772
 20
-71498.17639392056
 30
0.0
 11
-824091.091632905
 21
-71493.90524464857
 31
0.0
  0
LINE
  5
3CB
330
17
100
AcDbEntity
  8
KM Kolon Tarama
100
AcDbLine
 10
-824377.6848265452
 20
-71798.17610781826
 30
0.0
 11
-824373.9343453798
 21
-71794.4256266529
 31
0.0
  0
LINE
  5
3CC
330
17
100
AcDbEntity
  8
KM Kolon Tarama
100
AcDbLine
 10
-824371.7246366884
 20
-71792.21591796167
 30
0.0
 11
-824367.3052193059
 21
-71787.79650057922
 31
0.0
  0
LINE
  5
3CD
330
17
100
AcDbEntity
  8
KM Kolon Tarama
100
AcDbLine
 10
-823940.8314419028
 20
-71361.3227231761
 30
0.0
 11
-823936.4120245205
 21
-71356.90330579365
 31
0.0
  0
LINE
  5
3CE
330
17
100
AcDbEntity
  8
KM Kolon Tarama
100
AcDbLine
 10
-823934.2023158291
 20
-71354.69359710242
 30
0.0
 11
-823929.7828984467
 21
-71350.27417971997
 31
0.0
  0
LINE
  5
3CF
330
17
100
AcDbEntity
  8
KM Kolon Tarama
100
AcDbLine
 10
-823927.5731897556
 20
-71348.06447102886
 30
0.0
 11
-823923.1537723732
 21
-71343.64505364641
 31
0.0
  0
LINE
  5
3D0
330
17
100
AcDbEntity
  8
KM Kolon Tarama
100
AcDbLine
 10
-823920.9440636821
 20
-71341.43534495519
 30
0.0
 11
-823916.5246462997
 21
-71337.01592757273
 31
0.0
  0
LINE
  5
3D1
330
17
100
AcDbEntity
  8
KM Kolon Tarama
100
AcDbLine
 10
-823914.3149376085
 20
-71334.80621888151
 30
0.0
 11
-823909.8955202262
 21
-71330.38680149917
 31
0.0
  0
LINE
  5
3D2
330
17
100
AcDbEntity
  8
KM Kolon Tarama
100
AcDbLine
 10
-823907.6858115348
 20
-71328.17709280795
 30
0.0
 11
-823903.2663941527
 21
-71323.7576754255
 31
0.0
  0
LINE
  5
3D3
330
17
100
AcDbEntity
  8
KM Kolon Tarama
100
AcDbLine
 10
-823925.0041147943
 20
-71363.17306559719
 30
0.0
 11
-823920.9440636818
 21
-71359.11301448487
 31
0.0
  0
LINE
  5
3D4
330
17
100
AcDbEntity
  8
KM Kolon Tarama
100
AcDbLine
 10
-823918.7343549907
 20
-71356.90330579365
 30
0.0
 11
-823914.3149376083
 21
-71352.4838884112
 31
0.0
  0
LINE
  5
3D5
330
17
100
AcDbEntity
  8
KM Kolon Tarama
100
AcDbLine
 10
-823912.1052289172
 20
-71350.27417971997
 30
0.0
 11
-823907.6858115348
 21
-71345.85476233764
 31
0.0
  0
LINE
  5
3D6
330
17
100
AcDbEntity
  8
KM Kolon Tarama
100
AcDbLine
 10
-823905.4761028436
 20
-71343.64505364641
 30
0.0
 11
-823901.0566854613
 21
-71339.22563626396
 31
0.0
  0
LINE
  5
3D7
330
17
100
AcDbEntity
  8
KM Kolon Tarama
100
AcDbLine
 10
-823898.8469767699
 20
-71337.01592757273
 30
0.0
 11
-823894.4275593878
 21
-71332.5965101904
 31
0.0
  0
LINE
  5
3D8
330
17
100
AcDbEntity
  8
KM Kolon Tarama
100
AcDbLine
 10
-823892.2178506964
 20
-71330.38680149917
 30
0.0
 11
-823887.7984333138
 21
-71325.96738411672
 31
0.0
  0
LINE
  5
3D9
330
17
100
AcDbEntity
  8
KM Kolon Tarama
100
AcDbLine
 10
-823885.5887246229
 20
-71323.7576754255
 30
0.0
 11
-823885.0046297784
 21
-71323.1735805812
 31
0.0
  0
LINE
  5
3DA
330
17
100
AcDbEntity
  8
KM Kolon Tarama
100
AcDbLine
 10
-823907.3264452645
 20
-71363.17306559719
 30
0.0
 11
-823905.4761028436
 21
-71361.3227231761
 31
0.0
  0
LINE
  5
3DB
330
17
100
AcDbEntity
  8
KM Kolon Tarama
100
AcDbLine
 10
-823903.2663941523
 20
-71359.11301448487
 30
0.0
 11
-823898.8469767699
 21
-71354.69359710254
 31
0.0
  0
LINE
  5
3DC
330
17
100
AcDbEntity
  8
KM Kolon Tarama
100
AcDbLine
 10
-823896.6372680787
 20
-71352.48388841131
 30
0.0
 11
-823892.2178506964
 21
-71348.06447102886
 31
0.0
  0
LINE
  5
3DD
330
17
100
AcDbEntity
  8
KM Kolon Tarama
100
AcDbLine
 10
-823890.0081420053
 20
-71345.85476233764
 30
0.0
 11
-823885.5887246229
 21
-71341.43534495519
 31
0.0
  0
LINE
  5
3DE
330
17
100
AcDbEntity
  8
KM Kolon Tarama
100
AcDbLine
 10
-823883.3790159317
 20
-71339.22563626396
 30
0.0
 11
-823878.9595985492
 21
-71334.80621888163
 31
0.0
  0
LINE
  5
3DF
330
17
100
AcDbEntity
  8
KM Kolon Tarama
100
AcDbLine
 10
-823876.749889858
 20
-71332.5965101904
 30
0.0
 11
-823872.3304724755
 21
-71328.17709280795
 31
0.0
  0
LINE
  5
3E0
330
17
100
AcDbEntity
  8
KM Kolon Tarama
100
AcDbLine
 10
-823870.1207637843
 20
-71325.96738411672
 30
0.0
 11
-823867.326960249
 21
-71323.17358058132
 31
0.0
  0
LINE
  5
3E1
330
17
100
AcDbEntity
  8
KM Kolon Tarama
100
AcDbLine
 10
-823887.7984333138
 20
-71361.3227231761
 30
0.0
 11
-823883.3790159317
 21
-71356.90330579365
 31
0.0
  0
LINE
  5
3E2
330
17
100
AcDbEntity
  8
KM Kolon Tarama
100
AcDbLine
 10
-823881.1693072404
 20
-71354.69359710242
 30
0.0
 11
-823876.749889858
 21
-71350.27417972009
 31
0.0
  0
LINE
  5
3E3
330
17
100
AcDbEntity
  8
KM Kolon Tarama
100
AcDbLine
 10
-823874.5401811668
 20
-71348.06447102886
 30
0.0
 11
-823870.1207637843
 21
-71343.64505364641
 31
0.0
  0
LINE
  5
3E4
330
17
100
AcDbEntity
  8
KM Kolon Tarama
100
AcDbLine
 10
-823867.911055093
 20
-71341.43534495519
 30
0.0
 11
-823863.4916377106
 21
-71337.01592757273
 31
0.0
  0
LINE
  5
3E5
330
17
100
AcDbEntity
  8
KM Kolon Tarama
100
AcDbLine
 10
-823861.2819290194
 20
-71334.80621888151
 30
0.0
 11
-823856.862511637
 21
-71330.38680149917
 31
0.0
  0
LINE
  5
3E6
330
17
100
AcDbEntity
  8
KM Kolon Tarama
100
AcDbLine
 10
-823854.6528029457
 20
-71328.17709280795
 30
0.0
 11
-823850.2333855632
 21
-71323.7576754255
 31
0.0
  0
LINE
  5
3E7
330
17
100
AcDbEntity
  8
KM Kolon Tarama
100
AcDbLine
 10
-823871.9711062055
 20
-71363.17306559719
 30
0.0
 11
-823867.911055093
 21
-71359.11301448487
 31
0.0
  0
LINE
  5
3E8
330
17
100
AcDbEntity
  8
KM Kolon Tarama
100
AcDbLine
 10
-823865.7013464019
 20
-71356.90330579365
 30
0.0
 11
-823861.2819290194
 21
-71352.4838884112
 31
0.0
  0
LINE
  5
3E9
330
17
100
AcDbEntity
  8
KM Kolon Tarama
100
AcDbLine
 10
-823859.0722203281
 20
-71350.27417971997
 30
0.0
 11
-823854.6528029457
 21
-71345.85476233764
 31
0.0
  0
LINE
  5
3EA
330
17
100
AcDbEntity
  8
KM Kolon Tarama
100
AcDbLine
 10
-823852.4430942547
 20
-71343.64505364641
 30
0.0
 11
-823848.0236768723
 21
-71339.22563626396
 31
0.0
  0
LINE
  5
3EB
330
17
100
AcDbEntity
  8
KM Kolon Tarama
100
AcDbLine
 10
-823845.8139681808
 20
-71337.01592757273
 30
0.0
 11
-823841.3945507987
 21
-71332.59651019028
 31
0.0
  0
LINE
  5
3EC
330
17
100
AcDbEntity
  8
KM Kolon Tarama
100
AcDbLine
 10
-823839.1848421074
 20
-71330.38680149906
 30
0.0
 11
-823834.7654247249
 21
-71325.96738411672
 31
0.0
  0
LINE
  5
3ED
330
17
100
AcDbEntity
  8
KM Kolon Tarama
100
AcDbLine
 10
-823832.5557160338
 20
-71323.7576754255
 30
0.0
 11
-823831.9716211895
 21
-71323.17358058132
 31
0.0
  0
LINE
  5
3EE
330
17
100
AcDbEntity
  8
KM Kolon Tarama
100
AcDbLine
 10
-823854.2934366757
 20
-71363.17306559719
 30
0.0
 11
-823852.4430942547
 21
-71361.3227231761
 31
0.0
  0
LINE
  5
3EF
330
17
100
AcDbEntity
  8
KM Kolon Tarama
100
AcDbLine
 10
-823850.2333855632
 20
-71359.11301448487
 30
0.0
 11
-823845.8139681808
 21
-71354.69359710242
 31
0.0
  0
LINE
  5
3F0
330
17
100
AcDbEntity
  8
KM Kolon Tarama
100
AcDbLine
 10
-823843.6042594898
 20
-71352.4838884112
 30
0.0
 11
-823839.1848421074
 21
-71348.06447102886
 31
0.0
  0
LINE
  5
3F1
330
17
100
AcDbEntity
  8
KM Kolon Tarama
100
AcDbLine
 10
-823836.9751334159
 20
-71345.85476233764
 30
0.0
 11
-823832.5557160338
 21
-71341.43534495519
 31
0.0
  0
LINE
  5
3F2
330
17
100
AcDbEntity
  8
KM Kolon Tarama
100
AcDbLine
 10
-823830.3460073425
 20
-71339.22563626396
 30
0.0
 11
-823825.92658996
 21
-71334.80621888151
 31
0.0
  0
LINE
  5
3F3
330
17
100
AcDbEntity
  8
KM Kolon Tarama
100
AcDbLine
 10
-823823.7168812689
 20
-71332.5965101904
 30
0.0
 11
-823819.2974638866
 21
-71328.17709280795
 31
0.0
  0
LINE
  5
3F4
330
17
100
AcDbEntity
  8
KM Kolon Tarama
100
AcDbLine
 10
-823817.0877551954
 20
-71325.96738411672
 30
0.0
 11
-823814.2939516597
 21
-71323.1735805812
 31
0.0
  0
LINE
  5
3F5
330
17
100
AcDbEntity
  8
KM Kolon Tarama
100
AcDbLine
 10
-824130.6150475773
 20
-71657.17234602848
 30
0.0
 11
-824128.6566806555
 21
-71655.21397910675
 31
0.0
  0
LINE
  5
3F6
330
17
100
AcDbEntity
  8
KM Kolon Tarama
100
AcDbLine
 10
-824126.4469719643
 20
-71653.00427041552
 30
0.0
 11
-824122.0275545819
 21
-71648.58485303307
 31
0.0
  0
LINE
  5
3F7
330
17
100
AcDbEntity
  8
KM Kolon Tarama
100
AcDbLine
 10
-824119.8178458906
 20
-71646.37514434184
 30
0.0
 11
-824115.3984285082
 21
-71641.95572695951
 31
0.0
  0
LINE
  5
3F8
330
17
100
AcDbEntity
  8
KM Kolon Tarama
100
AcDbLine
 10
-824113.1887198172
 20
-71639.74601826828
 30
0.0
 11
-824111.6208693036
 21
-71638.17816775478
 31
0.0
  0
LINE
  5
3F9
330
17
100
AcDbEntity
  8
KM Kolon Tarama
100
AcDbLine
 10
-823834.7654247249
 20
-71361.3227231761
 30
0.0
 11
-823830.3460073425
 21
-71356.90330579365
 31
0.0
  0
LINE
  5
3FA
330
17
100
AcDbEntity
  8
KM Kolon Tarama
100
AcDbLine
 10
-823828.1362986515
 20
-71354.69359710242
 30
0.0
 11
-823823.7168812689
 21
-71350.27417971997
 31
0.0
  0
LINE
  5
3FB
330
17
100
AcDbEntity
  8
KM Kolon Tarama
100
AcDbLine
 10
-823821.5071725779
 20
-71348.06447102886
 30
0.0
 11
-823817.0877551954
 21
-71343.64505364641
 31
0.0
  0
LINE
  5
3FC
330
17
100
AcDbEntity
  8
KM Kolon Tarama
100
AcDbLine
 10
-823814.878046504
 20
-71341.43534495519
 30
0.0
 11
-823810.4586291218
 21
-71337.01592757273
 31
0.0
  0
LINE
  5
3FD
330
17
100
AcDbEntity
  8
KM Kolon Tarama
100
AcDbLine
 10
-823808.2489204305
 20
-71334.80621888151
 30
0.0
 11
-823803.8295030481
 21
-71330.38680149917
 31
0.0
  0
LINE
  5
3FE
330
17
100
AcDbEntity
  8
KM Kolon Tarama
100
AcDbLine
 10
-823801.6197943569
 20
-71328.17709280795
 30
0.0
 11
-823797.2003769744
 21
-71323.7576754255
 31
0.0
  0
LINE
  5
3FF
330
17
100
AcDbEntity
  8
KM Kolon Tarama
100
AcDbLine
 10
-824130.6150475773
 20
-71674.85001555819
 30
0.0
 11
-824126.4469719643
 21
-71670.6819399452
 31
0.0
  0
LINE
  5
400
330
17
100
AcDbEntity
  8
KM Kolon Tarama
100
AcDbLine
 10
-824124.2372632731
 20
-71668.47223125398
 30
0.0
 11
-824119.8178458906
 21
-71664.05281387153
 31
0.0
  0
LINE
  5
401
330
17
100
AcDbEntity
  8
KM Kolon Tarama
100
AcDbLine
 10
-824117.6081371994
 20
-71661.8431051803
 30
0.0
 11
-824113.1887198172
 21
-71657.42368779797
 31
0.0
  0
LINE
  5
402
330
17
100
AcDbEntity
  8
KM Kolon Tarama
100
AcDbLine
 10
-824110.9790111257
 20
-71655.21397910675
 30
0.0
 11
-824106.5595937433
 21
-71650.7945617243
 31
0.0
  0
LINE
  5
403
330
17
100
AcDbEntity
  8
KM Kolon Tarama
100
AcDbLine
 10
-824104.3498850523
 20
-71648.58485303307
 30
0.0
 11
-824099.9304676699
 21
-71644.16543565074
 31
0.0
  0
LINE
  5
404
330
17
100
AcDbEntity
  8
KM Kolon Tarama
100
AcDbLine
 10
-824097.7207589784
 20
-71641.95572695951
 30
0.0
 11
-824093.9431997741
 21
-71638.17816775478
 31
0.0
  0
LINE
  5
405
330
17
100
AcDbEntity
  8
KM Kolon Tarama
100
AcDbLine
 10
-823818.9380976164
 20
-71363.17306559719
 30
0.0
 11
-823814.878046504
 21
-71359.11301448487
 31
0.0
  0
LINE
  5
406
330
17
100
AcDbEntity
  8
KM Kolon Tarama
100
AcDbLine
 10
-823812.668337813
 20
-71356.90330579365
 30
0.0
 11
-823808.2489204305
 21
-71352.4838884112
 31
0.0
  0
LINE
  5
407
330
17
100
AcDbEntity
  8
KM Kolon Tarama
100
AcDbLine
 10
-823806.0392117391
 20
-71350.27417971997
 30
0.0
 11
-823801.6197943569
 21
-71345.85476233764
 31
0.0
  0
LINE
  5
408
330
17
100
AcDbEntity
  8
KM Kolon Tarama
100
AcDbLine
 10
-823799.4100856656
 20
-71343.64505364641
 30
0.0
 11
-823794.9906682832
 21
-71339.22563626396
 31
0.0
  0
LINE
  5
409
330
17
100
AcDbEntity
  8
KM Kolon Tarama
100
AcDbLine
 10
-823792.780959592
 20
-71337.01592757273
 30
0.0
 11
-823788.3615422095
 21
-71332.5965101904
 31
0.0
  0
LINE
  5
40A
330
17
100
AcDbEntity
  8
KM Kolon Tarama
100
AcDbLine
 10
-823786.1518335183
 20
-71330.38680149917
 30
0.0
 11
-823781.732416136
 21
-71325.96738411672
 31
0.0
  0
LINE
  5
40B
330
17
100
AcDbEntity
  8
KM Kolon Tarama
100
AcDbLine
 10
-823779.5227074446
 20
-71323.7576754255
 30
0.0
 11
-823778.9386126006
 21
-71323.17358058132
 31
0.0
  0
LINE
  5
40C
330
17
100
AcDbEntity
  8
KM Kolon Tarama
100
AcDbLine
 10
-824128.6566806555
 20
-71690.56931816612
 30
0.0
 11
-824124.2372632731
 21
-71686.14990078367
 31
0.0
  0
LINE
  5
40D
330
17
100
AcDbEntity
  8
KM Kolon Tarama
100
AcDbLine
 10
-824122.0275545819
 20
-71683.94019209244
 30
0.0
 11
-824117.6081371994
 21
-71679.52077470999
 31
0.0
  0
LINE
  5
40E
330
17
100
AcDbEntity
  8
KM Kolon Tarama
100
AcDbLine
 10
-824115.3984285082
 20
-71677.31106601877
 30
0.0
 11
-824110.9790111257
 21
-71672.89164863643
 31
0.0
  0
LINE
  5
40F
330
17
100
AcDbEntity
  8
KM Kolon Tarama
100
AcDbLine
 10
-824108.7693024348
 20
-71670.6819399452
 30
0.0
 11
-824104.3498850523
 21
-71666.26252256276
 31
0.0
  0
LINE
  5
410
330
17
100
AcDbEntity
  8
KM Kolon Tarama
100
AcDbLine
 10
-824102.1401763612
 20
-71664.05281387153
 30
0.0
 11
-824097.7207589787
 21
-71659.63339648908
 31
0.0
  0
LINE
  5
411
330
17
100
AcDbEntity
  8
KM Kolon Tarama
100
AcDbLine
 10
-824095.5110502873
 20
-71657.42368779785
 30
0.0
 11
-824091.0916329053
 21
-71653.00427041552
 31
0.0
  0
LINE
  5
412
330
17
100
AcDbEntity
  8
KM Kolon Tarama
100
AcDbLine
 10
-823801.2604280866
 20
-71363.17306559719
 30
0.0
 11
-823799.4100856656
 21
-71361.3227231761
 31
0.0
  0
LINE
  5
413
330
17
100
AcDbEntity
  8
KM Kolon Tarama
100
AcDbLine
 10
-823797.2003769744
 20
-71359.11301448487
 30
0.0
 11
-823792.780959592
 21
-71354.69359710242
 31
0.0
  0
LINE
  5
414
330
17
100
AcDbEntity
  8
KM Kolon Tarama
100
AcDbLine
 10
-823790.5712509009
 20
-71352.48388841131
 30
0.0
 11
-823786.1518335185
 21
-71348.06447102886
 31
0.0
  0
LINE
  5
415
330
17
100
AcDbEntity
  8
KM Kolon Tarama
100
AcDbLine
 10
-823783.9421248271
 20
-71345.85476233764
 30
0.0
 11
-823779.5227074448
 21
-71341.43534495519
 31
0.0
  0
LINE
  5
416
330
17
100
AcDbEntity
  8
KM Kolon Tarama
100
AcDbLine
 10
-823777.3129987536
 20
-71339.22563626396
 30
0.0
 11
-823772.893581371
 21
-71334.80621888151
 31
0.0
  0
LINE
  5
417
330
17
100
AcDbEntity
  8
KM Kolon Tarama
100
AcDbLine
 10
-823770.68387268
 20
-71332.5965101904
 30
0.0
 11
-823766.2644552974
 21
-71328.17709280795
 31
0.0
  0
LINE
  5
418
330
17
100
AcDbEntity
  8
KM Kolon Tarama
100
AcDbLine
 10
-823764.0547466062
 20
-71325.96738411672
 30
0.0
 11
-823761.2609430708
 21
-71323.1735805812
 31
0.0
  0
LINE
  5
419
330
17
100
AcDbEntity
  8
KM Kolon Tarama
100
AcDbLine
 10
-824130.6150475773
 20
-71710.20535461756
 30
0.0
 11
-824128.6566806555
 21
-71708.24698769567
 31
0.0
  0
LINE
  5
41A
330
17
100
AcDbEntity
  8
KM Kolon Tarama
100
AcDbLine
 10
-824126.4469719643
 20
-71706.03727900446
 30
0.0
 11
-824122.0275545819
 21
-71701.61786162212
 31
0.0
  0
LINE
  5
41B
330
17
100
AcDbEntity
  8
KM Kolon Tarama
100
AcDbLine
 10
-824119.8178458906
 20
-71699.4081529309
 30
0.0
 11
-824115.3984285082
 21
-71694.98873554845
 31
0.0
  0
LINE
  5
41C
330
17
100
AcDbEntity
  8
KM Kolon Tarama
100
AcDbLine
 10
-824113.188719817
 20
-71692.77902685721
 30
0.0
 11
-824108.7693024345
 21
-71688.35960947478
 31
0.0
  0
LINE
  5
41D
330
17
100
AcDbEntity
  8
KM Kolon Tarama
100
AcDbLine
 10
-824106.5595937433
 20
-71686.14990078367
 30
0.0
 11
-824102.1401763608
 21
-71681.73048340122
 31
0.0
  0
LINE
  5
41E
330
17
100
AcDbEntity
  8
KM Kolon Tarama
100
AcDbLine
 10
-824099.9304676699
 20
-71679.52077470999
 30
0.0
 11
-824095.5110502873
 21
-71675.10135732754
 31
0.0
  0
LINE
  5
41F
330
17
100
AcDbEntity
  8
KM Kolon Tarama
100
AcDbLine
 10
-824093.3013415963
 20
-71672.89164863632
 30
0.0
 11
-824090.614966515
 21
-71670.20527355513
 31
0.0
  0
LINE
  5
420
330
17
100
AcDbEntity
  8
KM Kolon Tarama
100
AcDbLine
 10
-823781.732416136
 20
-71361.3227231761
 30
0.0
 11
-823777.3129987536
 21
-71356.90330579365
 31
0.0
  0
LINE
  5
421
330
17
100
AcDbEntity
  8
KM Kolon Tarama
100
AcDbLine
 10
-823775.1032900622
 20
-71354.69359710242
 30
0.0
 11
-823770.68387268
 21
-71350.27417971997
 31
0.0
  0
LINE
  5
422
330
17
100
AcDbEntity
  8
KM Kolon Tarama
100
AcDbLine
 10
-823768.4741639887
 20
-71348.06447102886
 30
0.0
 11
-823764.0547466062
 21
-71343.64505364641
 31
0.0
  0
LINE
  5
423
330
17
100
AcDbEntity
  8
KM Kolon Tarama
100
AcDbLine
 10
-823761.845037915
 20
-71341.43534495519
 30
0.0
 11
-823757.4256205325
 21
-71337.01592757273
 31
0.0
  0
LINE
  5
424
330
17
100
AcDbEntity
  8
KM Kolon Tarama
100
AcDbLine
 10
-823755.2159118415
 20
-71334.80621888151
 30
0.0
 11
-823750.796494459
 21
-71330.38680149906
 31
0.0
  0
LINE
  5
425
330
17
100
AcDbEntity
  8
KM Kolon Tarama
100
AcDbLine
 10
-823748.586785768
 20
-71328.17709280795
 30
0.0
 11
-823744.1673683855
 21
-71323.7576754255
 31
0.0
  0
LINE
  5
426
330
17
100
AcDbEntity
  8
KM Kolon Tarama
100
AcDbLine
 10
-824130.6150475773
 20
-71727.88302414713
 30
0.0
 11
-824126.4469719643
 21
-71723.71494853415
 31
0.0
  0
LINE
  5
427
330
17
100
AcDbEntity
  8
KM Kolon Tarama
100
AcDbLine
 10
-824124.2372632731
 20
-71721.50523984293
 30
0.0
 11
-824119.8178458906
 21
-71717.08582246059
 31
0.0
  0
LINE
  5
428
330
17
100
AcDbEntity
  8
KM Kolon Tarama
100
AcDbLine
 10
-824117.6081371994
 20
-71714.87611376937
 30
0.0
 11
-824113.1887198172
 21
-71710.45669638691
 31
0.0
  0
LINE
  5
429
330
17
100
AcDbEntity
  8
KM Kolon Tarama
100
AcDbLine
 10
-824110.9790111257
 20
-71708.24698769567
 30
0.0
 11
-824106.5595937433
 21
-71703.82757031322
 31
0.0
  0
LINE
  5
42A
330
17
100
AcDbEntity
  8
KM Kolon Tarama
100
AcDbLine
 10
-824104.3498850523
 20
-71701.61786162201
 30
0.0
 11
-824099.9304676699
 21
-71697.19844423966
 31
0.0
  0
LINE
  5
42B
330
17
100
AcDbEntity
  8
KM Kolon Tarama
100
AcDbLine
 10
-824097.7207589787
 20
-71694.98873554845
 30
0.0
 11
-824093.3013415963
 21
-71690.569318166
 31
0.0
  0
LINE
  5
42C
330
17
100
AcDbEntity
  8
KM Kolon Tarama
100
AcDbLine
 10
-824091.0916329053
 20
-71688.35960947478
 30
0.0
 11
-824090.614966515
 21
-71687.88294308481
 31
0.0
  0
LINE
  5
42D
330
17
100
AcDbEntity
  8
KM Kolon Tarama
100
AcDbLine
 10
-823765.9050890275
 20
-71363.17306559719
 30
0.0
 11
-823761.845037915
 21
-71359.11301448487
 31
0.0
  0
LINE
  5
42E
330
17
100
AcDbEntity
  8
KM Kolon Tarama
100
AcDbLine
 10
-823759.6353292239
 20
-71356.90330579365
 30
0.0
 11
-823755.2159118415
 21
-71352.4838884112
 31
0.0
  0
LINE
  5
42F
330
17
100
AcDbEntity
  8
KM Kolon Tarama
100
AcDbLine
 10
-823753.0062031501
 20
-71350.27417971997
 30
0.0
 11
-823748.586785768
 21
-71345.85476233764
 31
0.0
  0
LINE
  5
430
330
17
100
AcDbEntity
  8
KM Kolon Tarama
100
AcDbLine
 10
-823746.3770770766
 20
-71343.64505364641
 30
0.0
 11
-823741.9576596941
 21
-71339.22563626396
 31
0.0
  0
LINE
  5
431
330
17
100
AcDbEntity
  8
KM Kolon Tarama
100
AcDbLine
 10
-823739.7479510031
 20
-71337.01592757273
 30
0.0
 11
-823735.3285336206
 21
-71332.5965101904
 31
0.0
  0
LINE
  5
432
330
17
100
AcDbEntity
  8
KM Kolon Tarama
100
AcDbLine
 10
-823733.1188249292
 20
-71330.38680149917
 30
0.0
 11
-823728.6994075471
 21
-71325.96738411672
 31
0.0
  0
LINE
  5
433
330
17
100
AcDbEntity
  8
KM Kolon Tarama
100
AcDbLine
 10
-823726.4896988557
 20
-71323.7576754255
 30
0.0
 11
-823725.9056040116
 21
-71323.1735805812
 31
0.0
  0
LINE
  5
434
330
17
100
AcDbEntity
  8
KM Kolon Tarama
100
AcDbLine
 10
-824128.6566806555
 20
-71743.60232675506
 30
0.0
 11
-824124.2372632731
 21
-71739.18290937261
 31
0.0
  0
LINE
  5
435
330
17
100
AcDbEntity
  8
KM Kolon Tarama
100
AcDbLine
 10
-824122.0275545819
 20
-71736.97320068139
 30
0.0
 11
-824117.6081371994
 21
-71732.55378329905
 31
0.0
  0
LINE
  5
436
330
17
100
AcDbEntity
  8
KM Kolon Tarama
100
AcDbLine
 10
-824115.3984285082
 20
-71730.34407460783
 30
0.0
 11
-824110.9790111257
 21
-71725.92465722538
 31
0.0
  0
LINE
  5
437
330
17
100
AcDbEntity
  8
KM Kolon Tarama
100
AcDbLine
 10
-824108.7693024348
 20
-71723.71494853415
 30
0.0
 11
-824104.3498850523
 21
-71719.2955311517
 31
0.0
  0
LINE
  5
438
330
17
100
AcDbEntity
  8
KM Kolon Tarama
100
AcDbLine
 10
-824102.1401763612
 20
-71717.08582246059
 30
0.0
 11
-824097.7207589787
 21
-71712.66640507814
 31
0.0
  0
LINE
  5
439
330
17
100
AcDbEntity
  8
KM Kolon Tarama
100
AcDbLine
 10
-824095.5110502873
 20
-71710.45669638691
 30
0.0
 11
-824091.0916329053
 21
-71706.03727900446
 31
0.0
  0
LINE
  5
43A
330
17
100
AcDbEntity
  8
KM Kolon Tarama
100
AcDbLine
 10
-823748.2274194977
 20
-71363.17306559719
 30
0.0
 11
-823746.3770770766
 21
-71361.3227231761
 31
0.0
  0
LINE
  5
43B
330
17
100
AcDbEntity
  8
KM Kolon Tarama
100
AcDbLine
 10
-823744.1673683852
 20
-71359.11301448487
 30
0.0
 11
-823739.7479510031
 21
-71354.69359710242
 31
0.0
  0
LINE
  5
43C
330
17
100
AcDbEntity
  8
KM Kolon Tarama
100
AcDbLine
 10
-823737.5382423117
 20
-71352.4838884112
 30
0.0
 11
-823733.1188249292
 21
-71348.06447102886
 31
0.0
  0
LINE
  5
43D
330
17
100
AcDbEntity
  8
KM Kolon Tarama
100
AcDbLine
 10
-823730.9091162382
 20
-71345.85476233764
 30
0.0
 11
-823726.4896988557
 21
-71341.43534495519
 31
0.0
  0
LINE
  5
43E
330
17
100
AcDbEntity
  8
KM Kolon Tarama
100
AcDbLine
 10
-823724.2799901647
 20
-71339.22563626396
 30
0.0
 11
-823719.8605727822
 21
-71334.80621888151
 31
0.0
  0
LINE
  5
43F
330
17
100
AcDbEntity
  8
KM Kolon Tarama
100
AcDbLine
 10
-823717.650864091
 20
-71332.5965101904
 30
0.0
 11
-823713.2314467086
 21
-71328.17709280795
 31
0.0
  0
LINE
  5
440
330
17
100
AcDbEntity
  8
KM Kolon Tarama
100
AcDbLine
 10
-823711.0217380173
 20
-71325.96738411672
 30
0.0
 11
-823708.2279344818
 21
-71323.1735805812
 31
0.0
  0
LINE
  5
441
330
17
100
AcDbEntity
  8
KM Kolon Tarama
100
AcDbLine
 10
-824130.6150475773
 20
-71763.2383632065
 30
0.0
 11
-824128.6566806555
 21
-71761.27999628475
 31
0.0
  0
LINE
  5
442
330
17
100
AcDbEntity
  8
KM Kolon Tarama
100
AcDbLine
 10
-824126.4469719643
 20
-71759.07028759352
 30
0.0
 11
-824122.0275545819
 21
-71754.65087021107
 31
0.0
  0
LINE
  5
443
330
17
100
AcDbEntity
  8
KM Kolon Tarama
100
AcDbLine
 10
-824119.8178458906
 20
-71752.44116151985
 30
0.0
 11
-824115.3984285082
 21
-71748.02174413751
 31
0.0
  0
LINE
  5
444
330
17
100
AcDbEntity
  8
KM Kolon Tarama
100
AcDbLine
 10
-824113.1887198172
 20
-71745.81203544629
 30
0.0
 11
-824108.7693024348
 21
-71741.39261806382
 31
0.0
  0
LINE
  5
445
330
17
100
AcDbEntity
  8
KM Kolon Tarama
100
AcDbLine
 10
-824106.5595937433
 20
-71739.18290937261
 30
0.0
 11
-824102.1401763612
 21
-71734.76349199016
 31
0.0
  0
LINE
  5
446
330
17
100
AcDbEntity
  8
KM Kolon Tarama
100
AcDbLine
 10
-824099.9304676699
 20
-71732.55378329905
 30
0.0
 11
-824095.5110502873
 21
-71728.1343659166
 31
0.0
  0
LINE
  5
447
330
17
100
AcDbEntity
  8
KM Kolon Tarama
100
AcDbLine
 10
-824093.3013415963
 20
-71725.92465722538
 30
0.0
 11
-824090.614966515
 21
-71723.23828214407
 31
0.0
  0
LINE
  5
448
330
17
100
AcDbEntity
  8
KM Kolon Tarama
100
AcDbLine
 10
-823728.6994075471
 20
-71361.3227231761
 30
0.0
 11
-823724.2799901647
 21
-71356.90330579376
 31
0.0
  0
LINE
  5
449
330
17
100
AcDbEntity
  8
KM Kolon Tarama
100
AcDbLine
 10
-823722.0702814733
 20
-71354.69359710254
 30
0.0
 11
-823717.650864091
 21
-71350.27417972009
 31
0.0
  0
LINE
  5
44A
330
17
100
AcDbEntity
  8
KM Kolon Tarama
100
AcDbLine
 10
-823715.4411553998
 20
-71348.06447102886
 30
0.0
 11
-823711.0217380173
 21
-71343.64505364641
 31
0.0
  0
LINE
  5
44B
330
17
100
AcDbEntity
  8
KM Kolon Tarama
100
AcDbLine
 10
-823708.8120293261
 20
-71341.4353449553
 30
0.0
 11
-823704.3926119437
 21
-71337.01592757285
 31
0.0
  0
LINE
  5
44C
330
17
100
AcDbEntity
  8
KM Kolon Tarama
100
AcDbLine
 10
-823702.1829032525
 20
-71334.80621888163
 30
0.0
 11
-823697.7634858702
 21
-71330.38680149917
 31
0.0
  0
LINE
  5
44D
330
17
100
AcDbEntity
  8
KM Kolon Tarama
100
AcDbLine
 10
-824130.6150475773
 20
-71780.91603273619
 30
0.0
 11
-824126.4469719643
 21
-71776.74795712321
 31
0.0
  0
LINE
  5
44E
330
17
100
AcDbEntity
  8
KM Kolon Tarama
100
AcDbLine
 10
-824124.2372632731
 20
-71774.53824843199
 30
0.0
 11
-824119.8178458906
 21
-71770.11883104953
 31
0.0
  0
LINE
  5
44F
330
17
100
AcDbEntity
  8
KM Kolon Tarama
100
AcDbLine
 10
-824117.6081371994
 20
-71767.90912235831
 30
0.0
 11
-824113.1887198172
 21
-71763.48970497597
 31
0.0
  0
LINE
  5
450
330
17
100
AcDbEntity
  8
KM Kolon Tarama
100
AcDbLine
 10
-824110.9790111257
 20
-71761.27999628475
 30
0.0
 11
-824106.5595937433
 21
-71756.8605789023
 31
0.0
  0
LINE
  5
451
330
17
100
AcDbEntity
  8
KM Kolon Tarama
100
AcDbLine
 10
-824104.3498850523
 20
-71754.65087021107
 30
0.0
 11
-824099.9304676699
 21
-71750.23145282862
 31
0.0
  0
LINE
  5
452
330
17
100
AcDbEntity
  8
KM Kolon Tarama
100
AcDbLine
 10
-824097.7207589784
 20
-71748.0217441374
 30
0.0
 11
-824093.3013415963
 21
-71743.60232675506
 31
0.0
  0
LINE
  5
453
330
17
100
AcDbEntity
  8
KM Kolon Tarama
100
AcDbLine
 10
-824091.091632905
 20
-71741.39261806382
 30
0.0
 11
-824090.614966515
 21
-71740.91595167376
 31
0.0
  0
LINE
  5
454
330
17
100
AcDbEntity
  8
KM Kolon Tarama
100
AcDbLine
 10
-823712.8720804383
 20
-71363.17306559719
 30
0.0
 11
-823708.8120293261
 21
-71359.11301448487
 31
0.0
  0
LINE
  5
455
330
17
100
AcDbEntity
  8
KM Kolon Tarama
100
AcDbLine
 10
-823706.6023206349
 20
-71356.90330579365
 30
0.0
 11
-823702.1829032524
 21
-71352.48388841131
 31
0.0
  0
LINE
  5
456
330
17
100
AcDbEntity
  8
KM Kolon Tarama
100
AcDbLine
 10
-823699.9731945612
 20
-71350.27417972009
 30
0.0
 11
-823696.6106811794
 21
-71346.91166633822
 31
0.0
  0
LINE
  5
457
330
17
100
AcDbEntity
  8
KM Kolon Tarama
100
AcDbLine
 10
-824128.6566806555
 20
-71796.635335344
 30
0.0
 11
-824124.2372632731
 21
-71792.21591796156
 31
0.0
  0
LINE
  5
458
330
17
100
AcDbEntity
  8
KM Kolon Tarama
100
AcDbLine
 10
-824122.0275545819
 20
-71790.00620927045
 30
0.0
 11
-824117.6081371994
 21
-71785.586791888
 31
0.0
  0
LINE
  5
459
330
17
100
AcDbEntity
  8
KM Kolon Tarama
100
AcDbLine
 10
-824115.3984285082
 20
-71783.37708319677
 30
0.0
 11
-824110.9790111257
 21
-71778.95766581432
 31
0.0
  0
LINE
  5
45A
330
17
100
AcDbEntity
  8
KM Kolon Tarama
100
AcDbLine
 10
-824108.7693024348
 20
-71776.7479571231
 30
0.0
 11
-824104.3498850523
 21
-71772.32853974076
 31
0.0
  0
LINE
  5
45B
330
17
100
AcDbEntity
  8
KM Kolon Tarama
100
AcDbLine
 10
-824102.1401763612
 20
-71770.11883104953
 30
0.0
 11
-824097.7207589787
 21
-71765.69941366708
 31
0.0
  0
LINE
  5
45C
330
17
100
AcDbEntity
  8
KM Kolon Tarama
100
AcDbLine
 10
-824095.5110502873
 20
-71763.48970497586
 30
0.0
 11
-824091.0916329053
 21
-71759.07028759341
 31
0.0
  0
LINE
  5
45D
330
17
100
AcDbEntity
  8
KM Kolon Tarama
100
AcDbLine
 10
-824112.5197836
 20
-71798.17610781826
 30
0.0
 11
-824108.7693024348
 21
-71794.4256266529
 31
0.0
  0
LINE
  5
45E
330
17
100
AcDbEntity
  8
KM Kolon Tarama
100
AcDbLine
 10
-824106.5595937433
 20
-71792.21591796167
 30
0.0
 11
-824102.1401763612
 21
-71787.79650057922
 31
0.0
  0
LINE
  5
45F
330
17
100
AcDbEntity
  8
KM Kolon Tarama
100
AcDbLine
 10
-824099.9304676699
 20
-71785.586791888
 30
0.0
 11
-824095.5110502873
 21
-71781.16737450555
 31
0.0
  0
LINE
  5
460
330
17
100
AcDbEntity
  8
KM Kolon Tarama
100
AcDbLine
 10
-824093.3013415963
 20
-71778.95766581432
 30
0.0
 11
-824090.614966515
 21
-71776.27129073313
 31
0.0
  0
LINE
  5
461
330
17
100
AcDbEntity
  8
KM Kolon Tarama
100
AcDbLine
 10
-824094.8421140705
 20
-71798.17610781826
 30
0.0
 11
-824093.3013415963
 21
-71796.635335344
 31
0.0
  0
LINE
  5
462
330
17
100
AcDbEntity
  8
KM Kolon Tarama
100
AcDbLine
 10
-824091.091632905
 20
-71794.4256266529
 30
0.0
 11
-824090.614966515
 21
-71793.94896026282
 31
0.0
  0
LINE
  5
463
330
17
100
AcDbEntity
  8
KM Kolon Tarama
100
AcDbLine
 10
-823606.609455708
 20
-71451.36480569316
 30
0.0
 11
-823604.9557208394
 21
-71449.71107082441
 31
0.0
  0
LINE
  5
464
330
17
100
AcDbEntity
  8
KM Kolon Tarama
100
AcDbLine
 10
-823602.746012148
 20
-71447.50136213319
 30
0.0
 11
-823598.4178777366
 21
-71443.17322772183
 31
0.0
  0
LINE
  5
465
330
17
100
AcDbEntity
  8
KM Kolon Tarama
100
AcDbLine
 10
-823606.609455708
 20
-71469.04247522273
 30
0.0
 11
-823602.746012148
 21
-71465.17903166276
 31
0.0
  0
LINE
  5
466
330
17
100
AcDbEntity
  8
KM Kolon Tarama
100
AcDbLine
 10
-823600.5363034569
 20
-71462.96932297165
 30
0.0
 11
-823596.1168860745
 21
-71458.5499055892
 31
0.0
  0
LINE
  5
467
330
17
100
AcDbEntity
  8
KM Kolon Tarama
100
AcDbLine
 10
-823593.9071773833
 20
-71456.34019689797
 30
0.0
 11
-823589.4877600007
 21
-71451.92077951552
 31
0.0
  0
LINE
  5
468
330
17
100
AcDbEntity
  8
KM Kolon Tarama
100
AcDbLine
 10
-823587.2780513096
 20
-71449.71107082428
 30
0.0
 11
-823582.8586339273
 21
-71445.29165344183
 31
0.0
  0
LINE
  5
469
330
17
100
AcDbEntity
  8
KM Kolon Tarama
100
AcDbLine
 10
-823604.9557208394
 20
-71485.06640988367
 30
0.0
 11
-823600.5363034569
 21
-71480.64699250122
 31
0.0
  0
LINE
  5
46A
330
17
100
AcDbEntity
  8
KM Kolon Tarama
100
AcDbLine
 10
-823598.3265947655
 20
-71478.43728381011
 30
0.0
 11
-823593.9071773833
 21
-71474.01786642766
 31
0.0
  0
LINE
  5
46B
330
17
100
AcDbEntity
  8
KM Kolon Tarama
100
AcDbLine
 10
-823591.697468692
 20
-71471.80815773644
 30
0.0
 11
-823587.2780513096
 21
-71467.38874035398
 31
0.0
  0
LINE
  5
46C
330
17
100
AcDbEntity
  8
KM Kolon Tarama
100
AcDbLine
 10
-823585.0683426184
 20
-71465.17903166276
 30
0.0
 11
-823580.6489252358
 21
-71460.75961428043
 31
0.0
  0
LINE
  5
46D
330
17
100
AcDbEntity
  8
KM Kolon Tarama
100
AcDbLine
 10
-823578.4392165449
 20
-71458.5499055892
 30
0.0
 11
-823574.0197991624
 21
-71454.13048820675
 31
0.0
  0
LINE
  5
46E
330
17
100
AcDbEntity
  8
KM Kolon Tarama
100
AcDbLine
 10
-823571.8100904714
 20
-71451.92077951552
 30
0.0
 11
-823567.390673089
 21
-71447.50136213307
 31
0.0
  0
LINE
  5
46F
330
17
100
AcDbEntity
  8
KM Kolon Tarama
100
AcDbLine
 10
-823600.3856511606
 20
-71498.17400973476
 30
0.0
 11
-823598.3265947655
 21
-71496.1149533398
 31
0.0
  0
LINE
  5
470
330
17
100
AcDbEntity
  8
KM Kolon Tarama
100
AcDbLine
 10
-823596.1168860745
 20
-71493.90524464857
 30
0.0
 11
-823591.697468692
 21
-71489.48582726612
 31
0.0
  0
LINE
  5
471
330
17
100
AcDbEntity
  8
KM Kolon Tarama
100
AcDbLine
 10
-823589.4877600007
 20
-71487.2761185749
 30
0.0
 11
-823585.0683426184
 21
-71482.85670119256
 31
0.0
  0
LINE
  5
472
330
17
100
AcDbEntity
  8
KM Kolon Tarama
100
AcDbLine
 10
-823582.8586339273
 20
-71480.64699250134
 30
0.0
 11
-823578.4392165449
 21
-71476.22757511889
 31
0.0
  0
LINE
  5
473
330
17
100
AcDbEntity
  8
KM Kolon Tarama
100
AcDbLine
 10
-823576.2295078535
 20
-71474.01786642766
 30
0.0
 11
-823571.8100904714
 21
-71469.59844904521
 31
0.0
  0
LINE
  5
474
330
17
100
AcDbEntity
  8
KM Kolon Tarama
100
AcDbLine
 10
-823569.60038178
 20
-71467.3887403541
 30
0.0
 11
-823566.6093746457
 21
-71464.39773321978
 31
0.0
  0
LINE
  5
475
330
17
100
AcDbEntity
  8
KM Kolon Tarama
100
AcDbLine
 10
-823580.6489252358
 20
-71496.1149533398
 30
0.0
 11
-823576.2295078535
 21
-71491.69553595735
 31
0.0
  0
LINE
  5
476
330
17
100
AcDbEntity
  8
KM Kolon Tarama
100
AcDbLine
 10
-823574.0197991624
 20
-71489.48582726612
 30
0.0
 11
-823569.60038178
 21
-71485.06640988367
 31
0.0
  0
LINE
  5
477
330
17
100
AcDbEntity
  8
KM Kolon Tarama
100
AcDbLine
 10
-823567.3906730886
 20
-71482.85670119245
 30
0.0
 11
-823566.6093746457
 21
-71482.07540274935
 31
0.0
  0
LINE
  5
478
330
17
100
AcDbEntity
  8
KM Kolon Tarama
100
AcDbLine
 10
-823604.9557208394
 20
-71644.16543565074
 30
0.0
 11
-823600.5363034569
 21
-71639.74601826828
 31
0.0
  0
LINE
  5
479
330
17
100
AcDbEntity
  8
KM Kolon Tarama
100
AcDbLine
 10
-823516.6088262829
 20
-71555.81854109431
 30
0.0
 11
-823514.3576644997
 21
-71553.5673793112
 31
0.0
  0
LINE
  5
47A
330
17
100
AcDbEntity
  8
KM Kolon Tarama
100
AcDbLine
 10
-823512.1479558086
 20
-71551.35767061997
 30
0.0
 11
-823508.9654393325
 21
-71548.17515414394
 31
0.0
  0
LINE
  5
47B
330
17
100
AcDbEntity
  8
KM Kolon Tarama
100
AcDbLine
 10
-823606.609455708
 20
-71663.49684004905
 30
0.0
 11
-823604.9557208394
 21
-71661.8431051803
 31
0.0
  0
LINE
  5
47C
330
17
100
AcDbEntity
  8
KM Kolon Tarama
100
AcDbLine
 10
-823602.746012148
 20
-71659.63339648908
 30
0.0
 11
-823598.3265947655
 21
-71655.21397910675
 31
0.0
  0
LINE
  5
47D
330
17
100
AcDbEntity
  8
KM Kolon Tarama
100
AcDbLine
 10
-823596.1168860745
 20
-71653.00427041552
 30
0.0
 11
-823591.697468692
 21
-71648.58485303307
 31
0.0
  0
LINE
  5
47E
330
17
100
AcDbEntity
  8
KM Kolon Tarama
100
AcDbLine
 10
-823589.4877600007
 20
-71646.37514434184
 30
0.0
 11
-823585.0683426184
 21
-71641.9557269594
 31
0.0
  0
LINE
  5
47F
330
17
100
AcDbEntity
  8
KM Kolon Tarama
100
AcDbLine
 10
-823582.8586339273
 20
-71639.74601826828
 30
0.0
 11
-823581.2883992279
 21
-71638.17578356888
 31
0.0
  0
LINE
  5
480
330
17
100
AcDbEntity
  8
KM Kolon Tarama
100
AcDbLine
 10
-823516.5673731911
 20
-71573.45475753197
 30
0.0
 11
-823512.1479558086
 21
-71569.03534014965
 31
0.0
  0
LINE
  5
481
330
17
100
AcDbEntity
  8
KM Kolon Tarama
100
AcDbLine
 10
-823509.9382471174
 20
-71566.82563145841
 30
0.0
 11
-823505.518829735
 21
-71562.40621407596
 31
0.0
  0
LINE
  5
482
330
17
100
AcDbEntity
  8
KM Kolon Tarama
100
AcDbLine
 10
-823503.3091210437
 20
-71560.19650538475
 30
0.0
 11
-823498.8897036616
 21
-71555.7770880023
 31
0.0
  0
LINE
  5
483
330
17
100
AcDbEntity
  8
KM Kolon Tarama
100
AcDbLine
 10
-823496.6799949701
 20
-71553.56737931108
 30
0.0
 11
-823492.2605775876
 21
-71549.14796192874
 31
0.0
  0
LINE
  5
484
330
17
100
AcDbEntity
  8
KM Kolon Tarama
100
AcDbLine
 10
-823606.609455708
 20
-71681.17450957873
 30
0.0
 11
-823602.746012148
 21
-71677.31106601888
 31
0.0
  0
LINE
  5
485
330
17
100
AcDbEntity
  8
KM Kolon Tarama
100
AcDbLine
 10
-823600.5363034569
 20
-71675.10135732766
 30
0.0
 11
-823596.1168860745
 21
-71670.6819399452
 31
0.0
  0
LINE
  5
486
330
17
100
AcDbEntity
  8
KM Kolon Tarama
100
AcDbLine
 10
-823593.9071773833
 20
-71668.47223125398
 30
0.0
 11
-823589.4877600007
 21
-71664.05281387153
 31
0.0
  0
LINE
  5
487
330
17
100
AcDbEntity
  8
KM Kolon Tarama
100
AcDbLine
 10
-823587.2780513096
 20
-71661.8431051803
 30
0.0
 11
-823582.8586339273
 21
-71657.42368779797
 31
0.0
  0
LINE
  5
488
330
17
100
AcDbEntity
  8
KM Kolon Tarama
100
AcDbLine
 10
-823580.6489252358
 20
-71655.21397910675
 30
0.0
 11
-823576.2295078535
 21
-71650.7945617243
 31
0.0
  0
LINE
  5
489
330
17
100
AcDbEntity
  8
KM Kolon Tarama
100
AcDbLine
 10
-823574.0197991624
 20
-71648.58485303307
 30
0.0
 11
-823569.60038178
 21
-71644.16543565074
 31
0.0
  0
LINE
  5
48A
330
17
100
AcDbEntity
  8
KM Kolon Tarama
100
AcDbLine
 10
-823567.3906730886
 20
-71641.95572695951
 30
0.0
 11
-823566.6093746457
 21
-71641.1744285163
 31
0.0
  0
LINE
  5
48B
330
17
100
AcDbEntity
  8
KM Kolon Tarama
100
AcDbLine
 10
-823513.6095852891
 20
-71588.17463915981
 30
0.0
 11
-823509.9382471172
 21
-71584.50330098812
 31
0.0
  0
LINE
  5
48C
330
17
100
AcDbEntity
  8
KM Kolon Tarama
100
AcDbLine
 10
-823507.7285384262
 20
-71582.29359229689
 30
0.0
 11
-823503.3091210437
 21
-71577.87417491442
 31
0.0
  0
LINE
  5
48D
330
17
100
AcDbEntity
  8
KM Kolon Tarama
100
AcDbLine
 10
-823501.0994123525
 20
-71575.66446622321
 30
0.0
 11
-823496.6799949701
 21
-71571.24504884076
 31
0.0
  0
LINE
  5
48E
330
17
100
AcDbEntity
  8
KM Kolon Tarama
100
AcDbLine
 10
-823494.4702862788
 20
-71569.03534014952
 30
0.0
 11
-823490.0508688967
 21
-71564.6159227672
 31
0.0
  0
LINE
  5
48F
330
17
100
AcDbEntity
  8
KM Kolon Tarama
100
AcDbLine
 10
-823487.8411602052
 20
-71562.40621407596
 30
0.0
 11
-823483.4217428227
 21
-71557.98679669353
 31
0.0
  0
LINE
  5
490
330
17
100
AcDbEntity
  8
KM Kolon Tarama
100
AcDbLine
 10
-823481.2120341317
 20
-71555.7770880023
 30
0.0
 11
-823476.7926167492
 21
-71551.35767061997
 31
0.0
  0
LINE
  5
491
330
17
100
AcDbEntity
  8
KM Kolon Tarama
100
AcDbLine
 10
-823474.5829080578
 20
-71549.14796192874
 30
0.0
 11
-823473.6101002733
 21
-71548.17515414381
 31
0.0
  0
LINE
  5
492
330
17
100
AcDbEntity
  8
KM Kolon Tarama
100
AcDbLine
 10
-823604.9557208394
 20
-71697.19844423966
 30
0.0
 11
-823600.5363034569
 21
-71692.77902685721
 31
0.0
  0
LINE
  5
493
330
17
100
AcDbEntity
  8
KM Kolon Tarama
100
AcDbLine
 10
-823598.3265947655
 20
-71690.56931816612
 30
0.0
 11
-823593.9071773833
 21
-71686.14990078367
 31
0.0
  0
LINE
  5
494
330
17
100
AcDbEntity
  8
KM Kolon Tarama
100
AcDbLine
 10
-823591.697468692
 20
-71683.94019209244
 30
0.0
 11
-823587.2780513096
 21
-71679.52077470999
 31
0.0
  0
LINE
  5
495
330
17
100
AcDbEntity
  8
KM Kolon Tarama
100
AcDbLine
 10
-823585.0683426184
 20
-71677.31106601877
 30
0.0
 11
-823580.6489252358
 21
-71672.89164863632
 31
0.0
  0
LINE
  5
496
330
17
100
AcDbEntity
  8
KM Kolon Tarama
100
AcDbLine
 10
-823578.4392165449
 20
-71670.6819399452
 30
0.0
 11
-823574.0197991624
 21
-71666.26252256276
 31
0.0
  0
LINE
  5
497
330
17
100
AcDbEntity
  8
KM Kolon Tarama
100
AcDbLine
 10
-823571.8100904714
 20
-71664.05281387153
 30
0.0
 11
-823567.390673089
 21
-71659.63339648908
 31
0.0
  0
LINE
  5
498
330
17
100
AcDbEntity
  8
KM Kolon Tarama
100
AcDbLine
 10
-823495.9319157595
 20
-71588.17463915981
 30
0.0
 11
-823494.4702862788
 21
-71586.71300967934
 31
0.0
  0
LINE
  5
499
330
17
100
AcDbEntity
  8
KM Kolon Tarama
100
AcDbLine
 10
-823492.2605775876
 20
-71584.50330098812
 30
0.0
 11
-823487.8411602052
 21
-71580.08388360566
 31
0.0
  0
LINE
  5
49A
330
17
100
AcDbEntity
  8
KM Kolon Tarama
100
AcDbLine
 10
-823485.6314515141
 20
-71577.87417491442
 30
0.0
 11
-823481.2120341317
 21
-71573.45475753197
 31
0.0
  0
LINE
  5
49B
330
17
100
AcDbEntity
  8
KM Kolon Tarama
100
AcDbLine
 10
-823479.0023254406
 20
-71571.24504884076
 30
0.0
 11
-823474.5829080582
 21
-71566.82563145841
 31
0.0
  0
LINE
  5
49C
330
17
100
AcDbEntity
  8
KM Kolon Tarama
100
AcDbLine
 10
-823472.3731993668
 20
-71564.6159227672
 30
0.0
 11
-823467.9537819845
 21
-71560.19650538475
 31
0.0
  0
LINE
  5
49D
330
17
100
AcDbEntity
  8
KM Kolon Tarama
100
AcDbLine
 10
-823465.7440732933
 20
-71557.98679669353
 30
0.0
 11
-823461.3246559108
 21
-71553.56737931108
 31
0.0
  0
LINE
  5
49E
330
17
100
AcDbEntity
  8
KM Kolon Tarama
100
AcDbLine
 10
-823459.1149472196
 20
-71551.35767061997
 30
0.0
 11
-823455.9324307435
 21
-71548.17515414394
 31
0.0
  0
LINE
  5
49F
330
17
100
AcDbEntity
  8
KM Kolon Tarama
100
AcDbLine
 10
-823606.609455708
 20
-71716.5298486381
 30
0.0
 11
-823604.9557208394
 21
-71714.87611376937
 31
0.0
  0
LINE
  5
4A0
330
17
100
AcDbEntity
  8
KM Kolon Tarama
100
AcDbLine
 10
-823602.746012148
 20
-71712.66640507814
 30
0.0
 11
-823598.3265947655
 21
-71708.24698769567
 31
0.0
  0
LINE
  5
4A1
330
17
100
AcDbEntity
  8
KM Kolon Tarama
100
AcDbLine
 10
-823596.1168860745
 20
-71706.03727900446
 30
0.0
 11
-823591.697468692
 21
-71701.61786162212
 31
0.0
  0
LINE
  5
4A2
330
17
100
AcDbEntity
  8
KM Kolon Tarama
100
AcDbLine
 10
-823589.4877600006
 20
-71699.4081529309
 30
0.0
 11
-823585.0683426184
 21
-71694.98873554845
 31
0.0
  0
LINE
  5
4A3
330
17
100
AcDbEntity
  8
KM Kolon Tarama
100
AcDbLine
 10
-823582.8586339271
 20
-71692.77902685721
 30
0.0
 11
-823578.4392165447
 21
-71688.35960947478
 31
0.0
  0
LINE
  5
4A4
330
17
100
AcDbEntity
  8
KM Kolon Tarama
100
AcDbLine
 10
-823576.2295078535
 20
-71686.14990078367
 30
0.0
 11
-823571.810090471
 21
-71681.73048340122
 31
0.0
  0
LINE
  5
4A5
330
17
100
AcDbEntity
  8
KM Kolon Tarama
100
AcDbLine
 10
-823569.60038178
 20
-71679.52077470999
 30
0.0
 11
-823566.6093746457
 21
-71676.52976757567
 31
0.0
  0
LINE
  5
4A6
330
17
100
AcDbEntity
  8
KM Kolon Tarama
100
AcDbLine
 10
-823476.7926167492
 20
-71586.71300967922
 30
0.0
 11
-823472.3731993668
 21
-71582.29359229689
 31
0.0
  0
LINE
  5
4A7
330
17
100
AcDbEntity
  8
KM Kolon Tarama
100
AcDbLine
 10
-823470.1634906757
 20
-71580.08388360566
 30
0.0
 11
-823465.7440732933
 21
-71575.66446622321
 31
0.0
  0
LINE
  5
4A8
330
17
100
AcDbEntity
  8
KM Kolon Tarama
100
AcDbLine
 10
-823463.534364602
 20
-71573.45475753197
 30
0.0
 11
-823459.1149472196
 21
-71569.03534014952
 31
0.0
  0
LINE
  5
4A9
330
17
100
AcDbEntity
  8
KM Kolon Tarama
100
AcDbLine
 10
-823456.9052385284
 20
-71566.82563145841
 30
0.0
 11
-823452.4858211459
 21
-71562.40621407596
 31
0.0
  0
LINE
  5
4AA
330
17
100
AcDbEntity
  8
KM Kolon Tarama
100
AcDbLine
 10
-823450.2761124547
 20
-71560.19650538475
 30
0.0
 11
-823445.8566950721
 21
-71555.7770880023
 31
0.0
  0
LINE
  5
4AB
330
17
100
AcDbEntity
  8
KM Kolon Tarama
100
AcDbLine
 10
-823443.6469863812
 20
-71553.56737931108
 30
0.0
 11
-823439.2275689987
 21
-71549.14796192863
 31
0.0
  0
LINE
  5
4AC
330
17
100
AcDbEntity
  8
KM Kolon Tarama
100
AcDbLine
 10
-823606.609455708
 20
-71734.2075181678
 30
0.0
 11
-823602.746012148
 21
-71730.34407460783
 31
0.0
  0
LINE
  5
4AD
330
17
100
AcDbEntity
  8
KM Kolon Tarama
100
AcDbLine
 10
-823600.5363034569
 20
-71728.1343659166
 30
0.0
 11
-823596.1168860745
 21
-71723.71494853415
 31
0.0
  0
LINE
  5
4AE
330
17
100
AcDbEntity
  8
KM Kolon Tarama
100
AcDbLine
 10
-823593.9071773833
 20
-71721.50523984304
 30
0.0
 11
-823589.4877600007
 21
-71717.08582246059
 31
0.0
  0
LINE
  5
4AF
330
17
100
AcDbEntity
  8
KM Kolon Tarama
100
AcDbLine
 10
-823587.2780513096
 20
-71714.87611376937
 30
0.0
 11
-823582.8586339273
 21
-71710.45669638691
 31
0.0
  0
LINE
  5
4B0
330
17
100
AcDbEntity
  8
KM Kolon Tarama
100
AcDbLine
 10
-823580.6489252358
 20
-71708.24698769567
 30
0.0
 11
-823576.2295078535
 21
-71703.82757031322
 31
0.0
  0
LINE
  5
4B1
330
17
100
AcDbEntity
  8
KM Kolon Tarama
100
AcDbLine
 10
-823574.0197991624
 20
-71701.61786162212
 30
0.0
 11
-823569.60038178
 21
-71697.19844423966
 31
0.0
  0
LINE
  5
4B2
330
17
100
AcDbEntity
  8
KM Kolon Tarama
100
AcDbLine
 10
-823567.3906730886
 20
-71694.98873554845
 30
0.0
 11
-823566.6093746457
 21
-71694.20743710536
 31
0.0
  0
LINE
  5
4B3
330
17
100
AcDbEntity
  8
KM Kolon Tarama
100
AcDbLine
 10
-823460.5765767003
 20
-71588.17463915981
 30
0.0
 11
-823456.9052385284
 21
-71584.503300988
 31
0.0
  0
LINE
  5
4B4
330
17
100
AcDbEntity
  8
KM Kolon Tarama
100
AcDbLine
 10
-823454.695529837
 20
-71582.29359229689
 30
0.0
 11
-823450.2761124547
 21
-71577.87417491442
 31
0.0
  0
LINE
  5
4B5
330
17
100
AcDbEntity
  8
KM Kolon Tarama
100
AcDbLine
 10
-823448.0664037636
 20
-71575.66446622321
 30
0.0
 11
-823443.6469863812
 21
-71571.24504884076
 31
0.0
  0
LINE
  5
4B6
330
17
100
AcDbEntity
  8
KM Kolon Tarama
100
AcDbLine
 10
-823441.4372776898
 20
-71569.03534014952
 30
0.0
 11
-823437.0178603077
 21
-71564.6159227672
 31
0.0
  0
LINE
  5
4B7
330
17
100
AcDbEntity
  8
KM Kolon Tarama
100
AcDbLine
 10
-823434.8081516162
 20
-71562.40621407596
 30
0.0
 11
-823430.3887342338
 21
-71557.98679669353
 31
0.0
  0
LINE
  5
4B8
330
17
100
AcDbEntity
  8
KM Kolon Tarama
100
AcDbLine
 10
-823428.1790255428
 20
-71555.7770880023
 30
0.0
 11
-823423.7596081604
 21
-71551.35767061985
 31
0.0
  0
LINE
  5
4B9
330
17
100
AcDbEntity
  8
KM Kolon Tarama
100
AcDbLine
 10
-823421.5498994689
 20
-71549.14796192863
 30
0.0
 11
-823420.5770916844
 21
-71548.17515414394
 31
0.0
  0
LINE
  5
4BA
330
17
100
AcDbEntity
  8
KM Kolon Tarama
100
AcDbLine
 10
-823604.9557208394
 20
-71750.23145282862
 30
0.0
 11
-823600.5363034569
 21
-71745.81203544629
 31
0.0
  0
LINE
  5
4BB
330
17
100
AcDbEntity
  8
KM Kolon Tarama
100
AcDbLine
 10
-823598.3265947655
 20
-71743.60232675506
 30
0.0
 11
-823593.9071773833
 21
-71739.18290937261
 31
0.0
  0
LINE
  5
4BC
330
17
100
AcDbEntity
  8
KM Kolon Tarama
100
AcDbLine
 10
-823591.697468692
 20
-71736.97320068139
 30
0.0
 11
-823587.2780513096
 21
-71732.55378329894
 31
0.0
  0
LINE
  5
4BD
330
17
100
AcDbEntity
  8
KM Kolon Tarama
100
AcDbLine
 10
-823585.0683426184
 20
-71730.34407460771
 30
0.0
 11
-823580.6489252358
 21
-71725.92465722538
 31
0.0
  0
LINE
  5
4BE
330
17
100
AcDbEntity
  8
KM Kolon Tarama
100
AcDbLine
 10
-823578.4392165449
 20
-71723.71494853415
 30
0.0
 11
-823574.0197991624
 21
-71719.2955311517
 31
0.0
  0
LINE
  5
4BF
330
17
100
AcDbEntity
  8
KM Kolon Tarama
100
AcDbLine
 10
-823571.8100904714
 20
-71717.08582246047
 30
0.0
 11
-823567.390673089
 21
-71712.66640507814
 31
0.0
  0
LINE
  5
4C0
330
17
100
AcDbEntity
  8
KM Kolon Tarama
100
AcDbLine
 10
-823442.8989071705
 20
-71588.17463915981
 30
0.0
 11
-823441.4372776898
 21
-71586.71300967934
 31
0.0
  0
LINE
  5
4C1
330
17
100
AcDbEntity
  8
KM Kolon Tarama
100
AcDbLine
 10
-823439.2275689987
 20
-71584.50330098812
 30
0.0
 11
-823434.8081516162
 21
-71580.08388360566
 31
0.0
  0
LINE
  5
4C2
330
17
100
AcDbEntity
  8
KM Kolon Tarama
100
AcDbLine
 10
-823432.5984429249
 20
-71577.87417491442
 30
0.0
 11
-823428.1790255428
 21
-71573.45475753197
 31
0.0
  0
LINE
  5
4C3
330
17
100
AcDbEntity
  8
KM Kolon Tarama
100
AcDbLine
 10
-823425.9693168513
 20
-71571.24504884076
 30
0.0
 11
-823421.5498994689
 21
-71566.82563145841
 31
0.0
  0
LINE
  5
4C4
330
17
100
AcDbEntity
  8
KM Kolon Tarama
100
AcDbLine
 10
-823419.3401907779
 20
-71564.6159227672
 30
0.0
 11
-823414.9207733955
 21
-71560.19650538475
 31
0.0
  0
LINE
  5
4C5
330
17
100
AcDbEntity
  8
KM Kolon Tarama
100
AcDbLine
 10
-823412.7110647042
 20
-71557.98679669353
 30
0.0
 11
-823408.2916473218
 21
-71553.56737931108
 31
0.0
  0
LINE
  5
4C6
330
17
100
AcDbEntity
  8
KM Kolon Tarama
100
AcDbLine
 10
-823406.0819386307
 20
-71551.35767061997
 30
0.0
 11
-823402.8994221546
 21
-71548.17515414394
 31
0.0
  0
LINE
  5
4C7
330
17
100
AcDbEntity
  8
KM Kolon Tarama
100
AcDbLine
 10
-823606.609455708
 20
-71769.56285722705
 30
0.0
 11
-823604.9557208394
 21
-71767.90912235831
 31
0.0
  0
LINE
  5
4C8
330
17
100
AcDbEntity
  8
KM Kolon Tarama
100
AcDbLine
 10
-823602.746012148
 20
-71765.69941366708
 30
0.0
 11
-823598.3265947655
 21
-71761.27999628475
 31
0.0
  0
LINE
  5
4C9
330
17
100
AcDbEntity
  8
KM Kolon Tarama
100
AcDbLine
 10
-823596.1168860745
 20
-71759.07028759352
 30
0.0
 11
-823591.697468692
 21
-71754.65087021107
 31
0.0
  0
LINE
  5
4CA
330
17
100
AcDbEntity
  8
KM Kolon Tarama
100
AcDbLine
 10
-823589.4877600007
 20
-71752.44116151985
 30
0.0
 11
-823585.0683426184
 21
-71748.02174413751
 31
0.0
  0
LINE
  5
4CB
330
17
100
AcDbEntity
  8
KM Kolon Tarama
100
AcDbLine
 10
-823582.8586339273
 20
-71745.81203544629
 30
0.0
 11
-823578.4392165449
 21
-71741.39261806382
 31
0.0
  0
LINE
  5
4CC
330
17
100
AcDbEntity
  8
KM Kolon Tarama
100
AcDbLine
 10
-823576.2295078535
 20
-71739.18290937261
 30
0.0
 11
-823571.8100904714
 21
-71734.76349199016
 31
0.0
  0
LINE
  5
4CD
330
17
100
AcDbEntity
  8
KM Kolon Tarama
100
AcDbLine
 10
-823569.60038178
 20
-71732.55378329894
 30
0.0
 11
-823566.6093746457
 21
-71729.56277616462
 31
0.0
  0
LINE
  5
4CE
330
17
100
AcDbEntity
  8
KM Kolon Tarama
100
AcDbLine
 10
-823423.7596081604
 20
-71586.71300967934
 30
0.0
 11
-823419.3401907779
 21
-71582.29359229689
 31
0.0
  0
LINE
  5
4CF
330
17
100
AcDbEntity
  8
KM Kolon Tarama
100
AcDbLine
 10
-823417.1304820867
 20
-71580.08388360566
 30
0.0
 11
-823412.7110647042
 21
-71575.66446622321
 31
0.0
  0
LINE
  5
4D0
330
17
100
AcDbEntity
  8
KM Kolon Tarama
100
AcDbLine
 10
-823410.501356013
 20
-71573.45475753197
 30
0.0
 11
-823406.0819386307
 21
-71569.03534014952
 31
0.0
  0
LINE
  5
4D1
330
17
100
AcDbEntity
  8
KM Kolon Tarama
100
AcDbLine
 10
-823403.8722299393
 20
-71566.82563145841
 30
0.0
 11
-823399.4528125569
 21
-71562.40621407596
 31
0.0
  0
LINE
  5
4D2
330
17
100
AcDbEntity
  8
KM Kolon Tarama
100
AcDbLine
 10
-823397.2431038658
 20
-71560.19650538475
 30
0.0
 11
-823392.8236864834
 21
-71555.7770880023
 31
0.0
  0
LINE
  5
4D3
330
17
100
AcDbEntity
  8
KM Kolon Tarama
100
AcDbLine
 10
-823390.613977792
 20
-71553.56737931108
 30
0.0
 11
-823386.1945604098
 21
-71549.14796192874
 31
0.0
  0
LINE
  5
4D4
330
17
100
AcDbEntity
  8
KM Kolon Tarama
100
AcDbLine
 10
-823606.609455708
 20
-71787.24052675674
 30
0.0
 11
-823602.746012148
 21
-71783.37708319677
 31
0.0
  0
LINE
  5
4D5
330
17
100
AcDbEntity
  8
KM Kolon Tarama
100
AcDbLine
 10
-823600.5363034569
 20
-71781.16737450555
 30
0.0
 11
-823596.1168860745
 21
-71776.74795712321
 31
0.0
  0
LINE
  5
4D6
330
17
100
AcDbEntity
  8
KM Kolon Tarama
100
AcDbLine
 10
-823593.9071773833
 20
-71774.53824843199
 30
0.0
 11
-823589.4877600007
 21
-71770.11883104953
 31
0.0
  0
LINE
  5
4D7
330
17
100
AcDbEntity
  8
KM Kolon Tarama
100
AcDbLine
 10
-823587.2780513096
 20
-71767.90912235831
 30
0.0
 11
-823582.8586339273
 21
-71763.48970497597
 31
0.0
  0
LINE
  5
4D8
330
17
100
AcDbEntity
  8
KM Kolon Tarama
100
AcDbLine
 10
-823580.6489252358
 20
-71761.27999628475
 30
0.0
 11
-823576.2295078535
 21
-71756.8605789023
 31
0.0
  0
LINE
  5
4D9
330
17
100
AcDbEntity
  8
KM Kolon Tarama
100
AcDbLine
 10
-823574.0197991624
 20
-71754.65087021107
 30
0.0
 11
-823569.60038178
 21
-71750.23145282862
 31
0.0
  0
LINE
  5
4DA
330
17
100
AcDbEntity
  8
KM Kolon Tarama
100
AcDbLine
 10
-823567.3906730886
 20
-71748.0217441374
 30
0.0
 11
-823566.6093746457
 21
-71747.2404456943
 31
0.0
  0
LINE
  5
4DB
330
17
100
AcDbEntity
  8
KM Kolon Tarama
100
AcDbLine
 10
-823407.5435681111
 20
-71588.17463915981
 30
0.0
 11
-823403.8722299393
 21
-71584.50330098812
 31
0.0
  0
LINE
  5
4DC
330
17
100
AcDbEntity
  8
KM Kolon Tarama
100
AcDbLine
 10
-823401.6625212481
 20
-71582.29359229689
 30
0.0
 11
-823397.2431038658
 21
-71577.87417491442
 31
0.0
  0
LINE
  5
4DD
330
17
100
AcDbEntity
  8
KM Kolon Tarama
100
AcDbLine
 10
-823395.0333951744
 20
-71575.66446622321
 30
0.0
 11
-823390.613977792
 21
-71571.24504884086
 31
0.0
  0
LINE
  5
4DE
330
17
100
AcDbEntity
  8
KM Kolon Tarama
100
AcDbLine
 10
-823388.4042691009
 20
-71569.03534014965
 30
0.0
 11
-823383.9848517185
 21
-71564.6159227672
 31
0.0
  0
LINE
  5
4DF
330
17
100
AcDbEntity
  8
KM Kolon Tarama
100
AcDbLine
 10
-823381.7751430272
 20
-71562.40621407596
 30
0.0
 11
-823381.6060940061
 21
-71562.23716505466
 31
0.0
  0
LINE
  5
4E0
330
17
100
AcDbEntity
  8
KM Kolon Tarama
100
AcDbLine
 10
-823598.3265947655
 20
-71796.63533534412
 30
0.0
 11
-823593.9071773833
 21
-71792.21591796167
 31
0.0
  0
LINE
  5
4E1
330
17
100
AcDbEntity
  8
KM Kolon Tarama
100
AcDbLine
 10
-823591.697468692
 20
-71790.00620927045
 30
0.0
 11
-823587.2780513096
 21
-71785.586791888
 31
0.0
  0
LINE
  5
4E2
330
17
100
AcDbEntity
  8
KM Kolon Tarama
100
AcDbLine
 10
-823585.0683426184
 20
-71783.37708319677
 30
0.0
 11
-823580.6489252358
 21
-71778.95766581444
 31
0.0
  0
LINE
  5
4E3
330
17
100
AcDbEntity
  8
KM Kolon Tarama
100
AcDbLine
 10
-823578.4392165449
 20
-71776.74795712321
 30
0.0
 11
-823574.0197991624
 21
-71772.32853974076
 31
0.0
  0
LINE
  5
4E4
330
17
100
AcDbEntity
  8
KM Kolon Tarama
100
AcDbLine
 10
-823571.8100904714
 20
-71770.11883104953
 30
0.0
 11
-823567.390673089
 21
-71765.69941366708
 31
0.0
  0
LINE
  5
4E5
330
17
100
AcDbEntity
  8
KM Kolon Tarama
100
AcDbLine
 10
-823251.602999333
 20
-71449.91173991119
 30
0.0
 11
-823249.866508933
 21
-71448.17524951138
 31
0.0
  0
LINE
  5
4E6
330
17
100
AcDbEntity
  8
KM Kolon Tarama
100
AcDbLine
 10
-823389.8658985815
 20
-71588.17463915981
 30
0.0
 11
-823388.4042691009
 21
-71586.71300967922
 31
0.0
  0
LINE
  5
4E7
330
17
100
AcDbEntity
  8
KM Kolon Tarama
100
AcDbLine
 10
-823386.1945604098
 20
-71584.503300988
 30
0.0
 11
-823381.7751430272
 21
-71580.08388360566
 31
0.0
  0
LINE
  5
4E8
330
17
100
AcDbEntity
  8
KM Kolon Tarama
100
AcDbLine
 10
-823582.0895619069
 20
-71798.07597201504
 30
0.0
 11
-823578.4392165447
 21
-71794.4256266529
 31
0.0
  0
LINE
  5
4E9
330
17
100
AcDbEntity
  8
KM Kolon Tarama
100
AcDbLine
 10
-823576.2295078535
 20
-71792.21591796167
 30
0.0
 11
-823571.810090471
 21
-71787.79650057922
 31
0.0
  0
LINE
  5
4EA
330
17
100
AcDbEntity
  8
KM Kolon Tarama
100
AcDbLine
 10
-823569.60038178
 20
-71785.586791888
 30
0.0
 11
-823566.6093746457
 21
-71782.59578475366
 31
0.0
  0
LINE
  5
4EB
330
17
100
AcDbEntity
  8
KM Kolon Tarama
100
AcDbLine
 10
-823251.4023302462
 20
-71467.3887403541
 30
0.0
 11
-823246.9829128637
 21
-71462.96932297165
 31
0.0
  0
LINE
  5
4EC
330
17
100
AcDbEntity
  8
KM Kolon Tarama
100
AcDbLine
 10
-823244.7732041723
 20
-71460.75961428043
 30
0.0
 11
-823240.35378679
 21
-71456.34019689797
 31
0.0
  0
LINE
  5
4ED
330
17
100
AcDbEntity
  8
KM Kolon Tarama
100
AcDbLine
 10
-823238.1440780988
 20
-71454.13048820675
 30
0.0
 11
-823233.7246607164
 21
-71449.71107082441
 31
0.0
  0
LINE
  5
4EE
330
17
100
AcDbEntity
  8
KM Kolon Tarama
100
AcDbLine
 10
-823251.602999333
 20
-71485.26707897056
 30
0.0
 11
-823251.4023302462
 21
-71485.06640988367
 31
0.0
  0
LINE
  5
4EF
330
17
100
AcDbEntity
  8
KM Kolon Tarama
100
AcDbLine
 10
-823249.1926215548
 20
-71482.85670119256
 30
0.0
 11
-823244.7732041723
 21
-71478.43728381011
 31
0.0
  0
LINE
  5
4F0
330
17
100
AcDbEntity
  8
KM Kolon Tarama
100
AcDbLine
 10
-823242.5634954813
 20
-71476.22757511889
 30
0.0
 11
-823238.1440780988
 21
-71471.80815773644
 31
0.0
  0
LINE
  5
4F1
330
17
100
AcDbEntity
  8
KM Kolon Tarama
100
AcDbLine
 10
-823235.9343694076
 20
-71469.59844904521
 30
0.0
 11
-823231.5149520251
 21
-71465.17903166288
 31
0.0
  0
LINE
  5
4F2
330
17
100
AcDbEntity
  8
KM Kolon Tarama
100
AcDbLine
 10
-823229.3052433339
 20
-71462.96932297165
 30
0.0
 11
-823224.8858259515
 21
-71458.5499055892
 31
0.0
  0
LINE
  5
4F3
330
17
100
AcDbEntity
  8
KM Kolon Tarama
100
AcDbLine
 10
-823222.6761172602
 20
-71456.34019689797
 30
0.0
 11
-823218.256699878
 21
-71451.92077951552
 31
0.0
  0
LINE
  5
4F4
330
17
100
AcDbEntity
  8
KM Kolon Tarama
100
AcDbLine
 10
-823216.0469911866
 20
-71449.71107082428
 30
0.0
 11
-823214.5111698736
 21
-71448.17524951138
 31
0.0
  0
LINE
  5
4F5
330
17
100
AcDbEntity
  8
KM Kolon Tarama
100
AcDbLine
 10
-823236.834177453
 20
-71488.17592662014
 30
0.0
 11
-823235.9343694076
 21
-71487.2761185749
 31
0.0
  0
LINE
  5
4F6
330
17
100
AcDbEntity
  8
KM Kolon Tarama
100
AcDbLine
 10
-823233.7246607164
 20
-71485.06640988367
 30
0.0
 11
-823229.3052433339
 21
-71480.64699250134
 31
0.0
  0
LINE
  5
4F7
330
17
100
AcDbEntity
  8
KM Kolon Tarama
100
AcDbLine
 10
-823227.0955346427
 20
-71478.43728381011
 30
0.0
 11
-823222.6761172602
 21
-71474.01786642766
 31
0.0
  0
LINE
  5
4F8
330
17
100
AcDbEntity
  8
KM Kolon Tarama
100
AcDbLine
 10
-823220.466408569
 20
-71471.80815773644
 30
0.0
 11
-823216.0469911866
 21
-71467.3887403541
 31
0.0
  0
LINE
  5
4F9
330
17
100
AcDbEntity
  8
KM Kolon Tarama
100
AcDbLine
 10
-823213.8372824953
 20
-71465.17903166288
 30
0.0
 11
-823209.4178651131
 21
-71460.75961428043
 31
0.0
  0
LINE
  5
4FA
330
17
100
AcDbEntity
  8
KM Kolon Tarama
100
AcDbLine
 10
-823207.2081564217
 20
-71458.5499055892
 30
0.0
 11
-823202.7887390392
 21
-71454.13048820675
 31
0.0
  0
LINE
  5
4FB
330
17
100
AcDbEntity
  8
KM Kolon Tarama
100
AcDbLine
 10
-823200.5790303482
 20
-71451.92077951552
 30
0.0
 11
-823196.8335003442
 21
-71448.17524951125
 31
0.0
  0
LINE
  5
4FC
330
17
100
AcDbEntity
  8
KM Kolon Tarama
100
AcDbLine
 10
-823218.256699878
 20
-71487.27611857501
 30
0.0
 11
-823213.8372824955
 21
-71482.85670119256
 31
0.0
  0
LINE
  5
4FD
330
17
100
AcDbEntity
  8
KM Kolon Tarama
100
AcDbLine
 10
-823211.6275738041
 20
-71480.64699250134
 30
0.0
 11
-823207.208156422
 21
-71476.22757511889
 31
0.0
  0
LINE
  5
4FE
330
17
100
AcDbEntity
  8
KM Kolon Tarama
100
AcDbLine
 10
-823204.9984477306
 20
-71474.01786642766
 30
0.0
 11
-823200.5790303482
 21
-71469.59844904521
 31
0.0
  0
LINE
  5
4FF
330
17
100
AcDbEntity
  8
KM Kolon Tarama
100
AcDbLine
 10
-823198.3693216571
 20
-71467.3887403541
 30
0.0
 11
-823193.9499042747
 21
-71462.96932297165
 31
0.0
  0
LINE
  5
500
330
17
100
AcDbEntity
  8
KM Kolon Tarama
100
AcDbLine
 10
-823191.7401955833
 20
-71460.75961428043
 30
0.0
 11
-823187.3207782012
 21
-71456.34019689797
 31
0.0
  0
LINE
  5
501
330
17
100
AcDbEntity
  8
KM Kolon Tarama
100
AcDbLine
 10
-823185.1110695098
 20
-71454.13048820675
 30
0.0
 11
-823180.6916521273
 21
-71449.71107082441
 31
0.0
  0
LINE
  5
502
330
17
100
AcDbEntity
  8
KM Kolon Tarama
100
AcDbLine
 10
-823201.4788383935
 20
-71488.17592662014
 30
0.0
 11
-823198.3693216571
 21
-71485.06640988367
 31
0.0
  0
LINE
  5
503
330
17
100
AcDbEntity
  8
KM Kolon Tarama
100
AcDbLine
 10
-823196.1596129657
 20
-71482.85670119256
 30
0.0
 11
-823191.7401955833
 21
-71478.43728381011
 31
0.0
  0
LINE
  5
504
330
17
100
AcDbEntity
  8
KM Kolon Tarama
100
AcDbLine
 10
-823189.5304868922
 20
-71476.22757511889
 30
0.0
 11
-823185.1110695098
 21
-71471.80815773644
 31
0.0
  0
LINE
  5
505
330
17
100
AcDbEntity
  8
KM Kolon Tarama
100
AcDbLine
 10
-823182.9013608187
 20
-71469.59844904521
 30
0.0
 11
-823178.4819434363
 21
-71465.17903166276
 31
0.0
  0
LINE
  5
506
330
17
100
AcDbEntity
  8
KM Kolon Tarama
100
AcDbLine
 10
-823176.2722347452
 20
-71462.96932297165
 30
0.0
 11
-823171.8528173628
 21
-71458.5499055892
 31
0.0
  0
LINE
  5
507
330
17
100
AcDbEntity
  8
KM Kolon Tarama
100
AcDbLine
 10
-823169.6431086714
 20
-71456.34019689797
 30
0.0
 11
-823165.2236912891
 21
-71451.92077951552
 31
0.0
  0
LINE
  5
508
330
17
100
AcDbEntity
  8
KM Kolon Tarama
100
AcDbLine
 10
-823163.0139825979
 20
-71449.71107082428
 30
0.0
 11
-823161.4781612847
 21
-71448.17524951138
 31
0.0
  0
LINE
  5
509
330
17
100
AcDbEntity
  8
KM Kolon Tarama
100
AcDbLine
 10
-823183.8011688637
 20
-71488.17592662014
 30
0.0
 11
-823182.9013608184
 21
-71487.27611857501
 31
0.0
  0
LINE
  5
50A
330
17
100
AcDbEntity
  8
KM Kolon Tarama
100
AcDbLine
 10
-823180.6916521273
 20
-71485.06640988379
 30
0.0
 11
-823176.2722347449
 21
-71480.64699250134
 31
0.0
  0
LINE
  5
50B
330
17
100
AcDbEntity
  8
KM Kolon Tarama
100
AcDbLine
 10
-823174.0625260537
 20
-71478.43728381011
 30
0.0
 11
-823169.6431086714
 21
-71474.01786642766
 31
0.0
  0
LINE
  5
50C
330
17
100
AcDbEntity
  8
KM Kolon Tarama
100
AcDbLine
 10
-823167.4333999803
 20
-71471.80815773644
 30
0.0
 11
-823163.0139825979
 21
-71467.3887403541
 31
0.0
  0
LINE
  5
50D
330
17
100
AcDbEntity
  8
KM Kolon Tarama
100
AcDbLine
 10
-823160.8042739065
 20
-71465.17903166288
 30
0.0
 11
-823156.3848565242
 21
-71460.75961428043
 31
0.0
  0
LINE
  5
50E
330
17
100
AcDbEntity
  8
KM Kolon Tarama
100
AcDbLine
 10
-823154.175147833
 20
-71458.5499055892
 30
0.0
 11
-823149.7557304505
 21
-71454.13048820675
 31
0.0
  0
LINE
  5
50F
330
17
100
AcDbEntity
  8
KM Kolon Tarama
100
AcDbLine
 10
-823147.5460217593
 20
-71451.92077951564
 30
0.0
 11
-823143.8004917551
 21
-71448.17524951138
 31
0.0
  0
LINE
  5
510
330
17
100
AcDbEntity
  8
KM Kolon Tarama
100
AcDbLine
 10
-823330.9518431296
 20
-71653.00427041552
 30
0.0
 11
-823326.5324257471
 21
-71648.58485303307
 31
0.0
  0
LINE
  5
511
330
17
100
AcDbEntity
  8
KM Kolon Tarama
100
AcDbLine
 10
-823324.3227170559
 20
-71646.37514434184
 30
0.0
 11
-823319.9032996735
 21
-71641.95572695951
 31
0.0
  0
LINE
  5
512
330
17
100
AcDbEntity
  8
KM Kolon Tarama
100
AcDbLine
 10
-823317.6935909822
 20
-71639.74601826828
 30
0.0
 11
-823316.1257404686
 21
-71638.17816775478
 31
0.0
  0
LINE
  5
513
330
17
100
AcDbEntity
  8
KM Kolon Tarama
100
AcDbLine
 10
-823165.2236912888
 20
-71487.2761185749
 30
0.0
 11
-823160.8042739065
 21
-71482.85670119256
 31
0.0
  0
LINE
  5
514
330
17
100
AcDbEntity
  8
KM Kolon Tarama
100
AcDbLine
 10
-823158.5945652154
 20
-71480.64699250134
 30
0.0
 11
-823154.175147833
 21
-71476.22757511889
 31
0.0
  0
LINE
  5
515
330
17
100
AcDbEntity
  8
KM Kolon Tarama
100
AcDbLine
 10
-823151.9654391417
 20
-71474.01786642766
 30
0.0
 11
-823147.5460217593
 21
-71469.59844904521
 31
0.0
  0
LINE
  5
516
330
17
100
AcDbEntity
  8
KM Kolon Tarama
100
AcDbLine
 10
-823145.336313068
 20
-71467.3887403541
 30
0.0
 11
-823140.9168956856
 21
-71462.96932297165
 31
0.0
  0
LINE
  5
517
330
17
100
AcDbEntity
  8
KM Kolon Tarama
100
AcDbLine
 10
-823138.7071869944
 20
-71460.75961428043
 30
0.0
 11
-823134.2877696122
 21
-71456.34019689797
 31
0.0
  0
LINE
  5
518
330
17
100
AcDbEntity
  8
KM Kolon Tarama
100
AcDbLine
 10
-823132.0780609207
 20
-71454.13048820675
 30
0.0
 11
-823127.6586435382
 21
-71449.71107082428
 31
0.0
  0
LINE
  5
519
330
17
100
AcDbEntity
  8
KM Kolon Tarama
100
AcDbLine
 10
-823331.6049495968
 20
-71671.33504641253
 30
0.0
 11
-823330.9518431296
 21
-71670.6819399452
 31
0.0
  0
LINE
  5
51A
330
17
100
AcDbEntity
  8
KM Kolon Tarama
100
AcDbLine
 10
-823328.7421344382
 20
-71668.47223125398
 30
0.0
 11
-823324.3227170559
 21
-71664.05281387153
 31
0.0
  0
LINE
  5
51B
330
17
100
AcDbEntity
  8
KM Kolon Tarama
100
AcDbLine
 10
-823322.1130083647
 20
-71661.8431051803
 30
0.0
 11
-823317.6935909822
 21
-71657.42368779785
 31
0.0
  0
LINE
  5
51C
330
17
100
AcDbEntity
  8
KM Kolon Tarama
100
AcDbLine
 10
-823315.483882291
 20
-71655.21397910675
 30
0.0
 11
-823311.0644649086
 21
-71650.7945617243
 31
0.0
  0
LINE
  5
51D
330
17
100
AcDbEntity
  8
KM Kolon Tarama
100
AcDbLine
 10
-823308.8547562174
 20
-71648.58485303307
 30
0.0
 11
-823304.4353388351
 21
-71644.16543565062
 31
0.0
  0
LINE
  5
51E
330
17
100
AcDbEntity
  8
KM Kolon Tarama
100
AcDbLine
 10
-823302.2256301438
 20
-71641.9557269594
 30
0.0
 11
-823298.4480709388
 21
-71638.17816775465
 31
0.0
  0
LINE
  5
51F
330
17
100
AcDbEntity
  8
KM Kolon Tarama
100
AcDbLine
 10
-823148.4458298043
 20
-71488.17592662014
 30
0.0
 11
-823145.336313068
 21
-71485.06640988367
 31
0.0
  0
LINE
  5
520
330
17
100
AcDbEntity
  8
KM Kolon Tarama
100
AcDbLine
 10
-823143.1266043768
 20
-71482.85670119256
 30
0.0
 11
-823138.7071869944
 21
-71478.43728381011
 31
0.0
  0
LINE
  5
521
330
17
100
AcDbEntity
  8
KM Kolon Tarama
100
AcDbLine
 10
-823136.4974783032
 20
-71476.22757511889
 30
0.0
 11
-823132.0780609207
 21
-71471.80815773644
 31
0.0
  0
LINE
  5
522
330
17
100
AcDbEntity
  8
KM Kolon Tarama
100
AcDbLine
 10
-823129.8683522295
 20
-71469.59844904521
 30
0.0
 11
-823125.4489348473
 21
-71465.17903166288
 31
0.0
  0
LINE
  5
523
330
17
100
AcDbEntity
  8
KM Kolon Tarama
100
AcDbLine
 10
-823123.2392261558
 20
-71462.96932297165
 30
0.0
 11
-823118.8198087733
 21
-71458.5499055892
 31
0.0
  0
LINE
  5
524
330
17
100
AcDbEntity
  8
KM Kolon Tarama
100
AcDbLine
 10
-823116.6101000824
 20
-71456.34019689797
 30
0.0
 11
-823112.1906826999
 21
-71451.92077951552
 31
0.0
  0
LINE
  5
525
330
17
100
AcDbEntity
  8
KM Kolon Tarama
100
AcDbLine
 10
-823109.9809740084
 20
-71449.71107082428
 30
0.0
 11
-823108.4451526955
 21
-71448.17524951125
 31
0.0
  0
LINE
  5
526
330
17
100
AcDbEntity
  8
KM Kolon Tarama
100
AcDbLine
 10
-823331.6049495968
 20
-71689.01271594223
 30
0.0
 11
-823328.7421344384
 21
-71686.14990078367
 31
0.0
  0
LINE
  5
527
330
17
100
AcDbEntity
  8
KM Kolon Tarama
100
AcDbLine
 10
-823326.5324257471
 20
-71683.94019209244
 30
0.0
 11
-823322.1130083649
 21
-71679.52077470999
 31
0.0
  0
LINE
  5
528
330
17
100
AcDbEntity
  8
KM Kolon Tarama
100
AcDbLine
 10
-823319.9032996735
 20
-71677.31106601877
 30
0.0
 11
-823315.483882291
 21
-71672.89164863643
 31
0.0
  0
LINE
  5
529
330
17
100
AcDbEntity
  8
KM Kolon Tarama
100
AcDbLine
 10
-823313.2741736
 20
-71670.6819399452
 30
0.0
 11
-823308.8547562174
 21
-71666.26252256276
 31
0.0
  0
LINE
  5
52A
330
17
100
AcDbEntity
  8
KM Kolon Tarama
100
AcDbLine
 10
-823306.6450475261
 20
-71664.05281387153
 30
0.0
 11
-823302.2256301438
 21
-71659.6333964892
 31
0.0
  0
LINE
  5
52B
330
17
100
AcDbEntity
  8
KM Kolon Tarama
100
AcDbLine
 10
-823300.0159214525
 20
-71657.42368779797
 30
0.0
 11
-823295.5965040702
 21
-71653.00427041552
 31
0.0
  0
LINE
  5
52C
330
17
100
AcDbEntity
  8
KM Kolon Tarama
100
AcDbLine
 10
-823293.3867953789
 20
-71650.7945617243
 30
0.0
 11
-823291.6048685344
 21
-71649.0126348798
 31
0.0
  0
LINE
  5
52D
330
17
100
AcDbEntity
  8
KM Kolon Tarama
100
AcDbLine
 10
-823130.7681602748
 20
-71488.17592662014
 30
0.0
 11
-823129.8683522295
 21
-71487.27611857501
 31
0.0
  0
LINE
  5
52E
330
17
100
AcDbEntity
  8
KM Kolon Tarama
100
AcDbLine
 10
-823127.6586435382
 20
-71485.06640988379
 30
0.0
 11
-823123.2392261558
 21
-71480.64699250134
 31
0.0
  0
LINE
  5
52F
330
17
100
AcDbEntity
  8
KM Kolon Tarama
100
AcDbLine
 10
-823121.0295174648
 20
-71478.43728381011
 30
0.0
 11
-823116.6101000824
 21
-71474.01786642766
 31
0.0
  0
LINE
  5
530
330
17
100
AcDbEntity
  8
KM Kolon Tarama
100
AcDbLine
 10
-823114.4003913912
 20
-71471.80815773644
 30
0.0
 11
-823109.9809740088
 21
-71467.3887403541
 31
0.0
  0
LINE
  5
531
330
17
100
AcDbEntity
  8
KM Kolon Tarama
100
AcDbLine
 10
-823107.7712653175
 20
-71465.17903166288
 30
0.0
 11
-823103.3518479354
 21
-71460.75961428043
 31
0.0
  0
LINE
  5
532
330
17
100
AcDbEntity
  8
KM Kolon Tarama
100
AcDbLine
 10
-823101.1421392439
 20
-71458.5499055892
 30
0.0
 11
-823096.7227218614
 21
-71454.13048820675
 31
0.0
  0
LINE
  5
533
330
17
100
AcDbEntity
  8
KM Kolon Tarama
100
AcDbLine
 10
-823094.5130131704
 20
-71451.92077951564
 30
0.0
 11
-823090.767483166
 21
-71448.17524951125
 31
0.0
  0
LINE
  5
534
330
17
100
AcDbEntity
  8
KM Kolon Tarama
100
AcDbLine
 10
-823330.9518431296
 20
-71706.03727900457
 30
0.0
 11
-823326.5324257471
 21
-71701.61786162212
 31
0.0
  0
LINE
  5
535
330
17
100
AcDbEntity
  8
KM Kolon Tarama
100
AcDbLine
 10
-823324.3227170559
 20
-71699.4081529309
 30
0.0
 11
-823319.9032996735
 21
-71694.98873554845
 31
0.0
  0
LINE
  5
536
330
17
100
AcDbEntity
  8
KM Kolon Tarama
100
AcDbLine
 10
-823317.6935909822
 20
-71692.77902685721
 30
0.0
 11
-823313.2741736
 21
-71688.35960947478
 31
0.0
  0
LINE
  5
537
330
17
100
AcDbEntity
  8
KM Kolon Tarama
100
AcDbLine
 10
-823311.0644649086
 20
-71686.14990078367
 30
0.0
 11
-823306.6450475261
 21
-71681.73048340122
 31
0.0
  0
LINE
  5
538
330
17
100
AcDbEntity
  8
KM Kolon Tarama
100
AcDbLine
 10
-823304.4353388351
 20
-71679.52077470999
 30
0.0
 11
-823300.0159214525
 21
-71675.10135732754
 31
0.0
  0
LINE
  5
539
330
17
100
AcDbEntity
  8
KM Kolon Tarama
100
AcDbLine
 10
-823297.8062127614
 20
-71672.89164863632
 30
0.0
 11
-823293.3867953789
 21
-71668.47223125398
 31
0.0
  0
LINE
  5
53A
330
17
100
AcDbEntity
  8
KM Kolon Tarama
100
AcDbLine
 10
-823112.1906826999
 20
-71487.2761185749
 30
0.0
 11
-823107.7712653175
 21
-71482.85670119256
 31
0.0
  0
LINE
  5
53B
330
17
100
AcDbEntity
  8
KM Kolon Tarama
100
AcDbLine
 10
-823105.5615566263
 20
-71480.64699250134
 30
0.0
 11
-823101.1421392439
 21
-71476.22757511889
 31
0.0
  0
LINE
  5
53C
330
17
100
AcDbEntity
  8
KM Kolon Tarama
100
AcDbLine
 10
-823098.9324305526
 20
-71474.01786642766
 30
0.0
 11
-823094.5130131704
 21
-71469.59844904521
 31
0.0
  0
LINE
  5
53D
330
17
100
AcDbEntity
  8
KM Kolon Tarama
100
AcDbLine
 10
-823092.303304479
 20
-71467.38874035398
 30
0.0
 11
-823087.8838870967
 21
-71462.96932297165
 31
0.0
  0
LINE
  5
53E
330
17
100
AcDbEntity
  8
KM Kolon Tarama
100
AcDbLine
 10
-823085.6741784055
 20
-71460.75961428043
 30
0.0
 11
-823081.2547610231
 21
-71456.34019689797
 31
0.0
  0
LINE
  5
53F
330
17
100
AcDbEntity
  8
KM Kolon Tarama
100
AcDbLine
 10
-823079.045052332
 20
-71454.13048820675
 30
0.0
 11
-823074.6256349497
 21
-71449.71107082428
 31
0.0
  0
LINE
  5
540
330
17
100
AcDbEntity
  8
KM Kolon Tarama
100
AcDbLine
 10
-823331.6049495968
 20
-71724.3680550016
 30
0.0
 11
-823330.9518431296
 21
-71723.71494853427
 31
0.0
  0
LINE
  5
541
330
17
100
AcDbEntity
  8
KM Kolon Tarama
100
AcDbLine
 10
-823328.7421344382
 20
-71721.50523984304
 30
0.0
 11
-823324.3227170559
 21
-71717.08582246059
 31
0.0
  0
LINE
  5
542
330
17
100
AcDbEntity
  8
KM Kolon Tarama
100
AcDbLine
 10
-823322.1130083647
 20
-71714.87611376937
 30
0.0
 11
-823317.6935909822
 21
-71710.45669638703
 31
0.0
  0
LINE
  5
543
330
17
100
AcDbEntity
  8
KM Kolon Tarama
100
AcDbLine
 10
-823315.483882291
 20
-71708.2469876958
 30
0.0
 11
-823311.0644649086
 21
-71703.82757031335
 31
0.0
  0
LINE
  5
544
330
17
100
AcDbEntity
  8
KM Kolon Tarama
100
AcDbLine
 10
-823308.8547562174
 20
-71701.61786162212
 30
0.0
 11
-823304.4353388351
 21
-71697.19844423966
 31
0.0
  0
LINE
  5
545
330
17
100
AcDbEntity
  8
KM Kolon Tarama
100
AcDbLine
 10
-823302.2256301438
 20
-71694.98873554857
 30
0.0
 11
-823297.8062127614
 21
-71690.56931816612
 31
0.0
  0
LINE
  5
546
330
17
100
AcDbEntity
  8
KM Kolon Tarama
100
AcDbLine
 10
-823295.5965040702
 20
-71688.3596094749
 30
0.0
 11
-823291.6048685344
 21
-71684.36797393917
 31
0.0
  0
LINE
  5
547
330
17
100
AcDbEntity
  8
KM Kolon Tarama
100
AcDbLine
 10
-823095.4128212153
 20
-71488.17592662014
 30
0.0
 11
-823092.303304479
 21
-71485.06640988379
 31
0.0
  0
LINE
  5
548
330
17
100
AcDbEntity
  8
KM Kolon Tarama
100
AcDbLine
 10
-823090.0935957876
 20
-71482.85670119256
 30
0.0
 11
-823085.6741784055
 21
-71478.43728381011
 31
0.0
  0
LINE
  5
549
330
17
100
AcDbEntity
  8
KM Kolon Tarama
100
AcDbLine
 10
-823083.4644697141
 20
-71476.22757511889
 30
0.0
 11
-823079.0450523318
 21
-71471.80815773644
 31
0.0
  0
LINE
  5
54A
330
17
100
AcDbEntity
  8
KM Kolon Tarama
100
AcDbLine
 10
-823076.8353436406
 20
-71469.59844904521
 30
0.0
 11
-823072.4159262582
 21
-71465.17903166288
 31
0.0
  0
LINE
  5
54B
330
17
100
AcDbEntity
  8
KM Kolon Tarama
100
AcDbLine
 10
-823070.2062175671
 20
-71462.96932297165
 30
0.0
 11
-823065.7868001848
 21
-71458.5499055892
 31
0.0
  0
LINE
  5
54C
330
17
100
AcDbEntity
  8
KM Kolon Tarama
100
AcDbLine
 10
-823063.5770914934
 20
-71456.34019689797
 30
0.0
 11
-823061.6012731823
 21
-71454.364378587
 31
0.0
  0
LINE
  5
54D
330
17
100
AcDbEntity
  8
KM Kolon Tarama
100
AcDbLine
 10
-823331.6049495968
 20
-71742.04572453117
 30
0.0
 11
-823328.7421344384
 21
-71739.18290937261
 31
0.0
  0
LINE
  5
54E
330
17
100
AcDbEntity
  8
KM Kolon Tarama
100
AcDbLine
 10
-823326.5324257471
 20
-71736.97320068139
 30
0.0
 11
-823322.1130083649
 21
-71732.55378329905
 31
0.0
  0
LINE
  5
54F
330
17
100
AcDbEntity
  8
KM Kolon Tarama
100
AcDbLine
 10
-823319.9032996735
 20
-71730.34407460783
 30
0.0
 11
-823315.483882291
 21
-71725.92465722538
 31
0.0
  0
LINE
  5
550
330
17
100
AcDbEntity
  8
KM Kolon Tarama
100
AcDbLine
 10
-823313.2741736
 20
-71723.71494853415
 30
0.0
 11
-823308.8547562174
 21
-71719.2955311517
 31
0.0
  0
LINE
  5
551
330
17
100
AcDbEntity
  8
KM Kolon Tarama
100
AcDbLine
 10
-823306.6450475261
 20
-71717.08582246059
 30
0.0
 11
-823302.2256301438
 21
-71712.66640507814
 31
0.0
  0
LINE
  5
552
330
17
100
AcDbEntity
  8
KM Kolon Tarama
100
AcDbLine
 10
-823300.0159214525
 20
-71710.45669638691
 30
0.0
 11
-823295.5965040702
 21
-71706.03727900446
 31
0.0
  0
LINE
  5
553
330
17
100
AcDbEntity
  8
KM Kolon Tarama
100
AcDbLine
 10
-823293.3867953789
 20
-71703.82757031322
 30
0.0
 11
-823291.6048685344
 21
-71702.04564346885
 31
0.0
  0
LINE
  5
554
330
17
100
AcDbEntity
  8
KM Kolon Tarama
100
AcDbLine
 10
-823077.7351516858
 20
-71488.17592662014
 30
0.0
 11
-823076.8353436406
 21
-71487.2761185749
 31
0.0
  0
LINE
  5
555
330
17
100
AcDbEntity
  8
KM Kolon Tarama
100
AcDbLine
 10
-823074.6256349497
 20
-71485.06640988367
 30
0.0
 11
-823070.2062175671
 21
-71480.64699250122
 31
0.0
  0
LINE
  5
556
330
17
100
AcDbEntity
  8
KM Kolon Tarama
100
AcDbLine
 10
-823067.9965088757
 20
-71478.43728381011
 30
0.0
 11
-823063.5770914934
 21
-71474.01786642766
 31
0.0
  0
LINE
  5
557
330
17
100
AcDbEntity
  8
KM Kolon Tarama
100
AcDbLine
 10
-823330.9518431296
 20
-71759.07028759352
 30
0.0
 11
-823326.5324257471
 21
-71754.65087021107
 31
0.0
  0
LINE
  5
558
330
17
100
AcDbEntity
  8
KM Kolon Tarama
100
AcDbLine
 10
-823324.3227170559
 20
-71752.44116151985
 30
0.0
 11
-823319.9032996735
 21
-71748.0217441374
 31
0.0
  0
LINE
  5
559
330
17
100
AcDbEntity
  8
KM Kolon Tarama
100
AcDbLine
 10
-823317.6935909822
 20
-71745.81203544617
 30
0.0
 11
-823313.2741736
 21
-71741.39261806382
 31
0.0
  0
LINE
  5
55A
330
17
100
AcDbEntity
  8
KM Kolon Tarama
100
AcDbLine
 10
-823311.0644649086
 20
-71739.18290937261
 30
0.0
 11
-823306.6450475261
 21
-71734.76349199016
 31
0.0
  0
LINE
  5
55B
330
17
100
AcDbEntity
  8
KM Kolon Tarama
100
AcDbLine
 10
-823304.4353388351
 20
-71732.55378329894
 30
0.0
 11
-823300.0159214525
 21
-71728.1343659166
 31
0.0
  0
LINE
  5
55C
330
17
100
AcDbEntity
  8
KM Kolon Tarama
100
AcDbLine
 10
-823297.8062127614
 20
-71725.92465722538
 30
0.0
 11
-823293.3867953789
 21
-71721.50523984293
 31
0.0
  0
LINE
  5
55D
330
17
100
AcDbEntity
  8
KM Kolon Tarama
100
AcDbLine
 10
-823331.6049495968
 20
-71777.40106359054
 30
0.0
 11
-823330.9518431296
 21
-71776.74795712321
 31
0.0
  0
LINE
  5
55E
330
17
100
AcDbEntity
  8
KM Kolon Tarama
100
AcDbLine
 10
-823328.7421344382
 20
-71774.53824843199
 30
0.0
 11
-823324.3227170559
 21
-71770.11883104953
 31
0.0
  0
LINE
  5
55F
330
17
100
AcDbEntity
  8
KM Kolon Tarama
100
AcDbLine
 10
-823322.1130083647
 20
-71767.90912235831
 30
0.0
 11
-823317.6935909822
 21
-71763.48970497597
 31
0.0
  0
LINE
  5
560
330
17
100
AcDbEntity
  8
KM Kolon Tarama
100
AcDbLine
 10
-823315.483882291
 20
-71761.27999628475
 30
0.0
 11
-823311.0644649086
 21
-71756.8605789023
 31
0.0
  0
LINE
  5
561
330
17
100
AcDbEntity
  8
KM Kolon Tarama
100
AcDbLine
 10
-823308.8547562174
 20
-71754.65087021107
 30
0.0
 11
-823304.4353388351
 21
-71750.23145282862
 31
0.0
  0
LINE
  5
562
330
17
100
AcDbEntity
  8
KM Kolon Tarama
100
AcDbLine
 10
-823302.2256301438
 20
-71748.02174413751
 30
0.0
 11
-823297.8062127614
 21
-71743.60232675506
 31
0.0
  0
LINE
  5
563
330
17
100
AcDbEntity
  8
KM Kolon Tarama
100
AcDbLine
 10
-823295.5965040702
 20
-71741.39261806382
 30
0.0
 11
-823291.6048685344
 21
-71737.40098252811
 31
0.0
  0
LINE
  5
564
330
17
100
AcDbEntity
  8
KM Kolon Tarama
100
AcDbLine
 10
-823331.6049495968
 20
-71795.07873312023
 30
0.0
 11
-823328.7421344382
 21
-71792.21591796167
 31
0.0
  0
LINE
  5
565
330
17
100
AcDbEntity
  8
KM Kolon Tarama
100
AcDbLine
 10
-823326.5324257471
 20
-71790.00620927045
 30
0.0
 11
-823322.1130083647
 21
-71785.586791888
 31
0.0
  0
LINE
  5
566
330
17
100
AcDbEntity
  8
KM Kolon Tarama
100
AcDbLine
 10
-823319.9032996735
 20
-71783.37708319677
 30
0.0
 11
-823315.483882291
 21
-71778.95766581432
 31
0.0
  0
LINE
  5
567
330
17
100
AcDbEntity
  8
KM Kolon Tarama
100
AcDbLine
 10
-823313.2741736
 20
-71776.7479571231
 30
0.0
 11
-823308.8547562174
 21
-71772.32853974076
 31
0.0
  0
LINE
  5
568
330
17
100
AcDbEntity
  8
KM Kolon Tarama
100
AcDbLine
 10
-823306.6450475261
 20
-71770.11883104953
 30
0.0
 11
-823302.2256301438
 21
-71765.69941366708
 31
0.0
  0
LINE
  5
569
330
17
100
AcDbEntity
  8
KM Kolon Tarama
100
AcDbLine
 10
-823300.0159214525
 20
-71763.48970497586
 30
0.0
 11
-823295.5965040702
 21
-71759.07028759352
 31
0.0
  0
LINE
  5
56A
330
17
100
AcDbEntity
  8
KM Kolon Tarama
100
AcDbLine
 10
-823293.3867953789
 20
-71756.8605789023
 30
0.0
 11
-823291.6048685344
 21
-71755.0786520578
 31
0.0
  0
LINE
  5
56B
330
17
100
AcDbEntity
  8
KM Kolon Tarama
100
AcDbLine
 10
-823317.0246547654
 20
-71798.17610781826
 30
0.0
 11
-823313.2741736
 21
-71794.4256266529
 31
0.0
  0
LINE
  5
56C
330
17
100
AcDbEntity
  8
KM Kolon Tarama
100
AcDbLine
 10
-823311.0644649086
 20
-71792.21591796167
 30
0.0
 11
-823306.6450475261
 21
-71787.79650057922
 31
0.0
  0
LINE
  5
56D
330
17
100
AcDbEntity
  8
KM Kolon Tarama
100
AcDbLine
 10
-823304.4353388351
 20
-71785.586791888
 30
0.0
 11
-823300.0159214525
 21
-71781.16737450555
 31
0.0
  0
LINE
  5
56E
330
17
100
AcDbEntity
  8
KM Kolon Tarama
100
AcDbLine
 10
-823297.8062127614
 20
-71778.95766581444
 30
0.0
 11
-823293.3867953789
 21
-71774.53824843199
 31
0.0
  0
LINE
  5
56F
330
17
100
AcDbEntity
  8
KM Kolon Tarama
100
AcDbLine
 10
-823299.3469852356
 20
-71798.17610781826
 30
0.0
 11
-823297.8062127612
 21
-71796.635335344
 31
0.0
  0
LINE
  5
570
330
17
100
AcDbEntity
  8
KM Kolon Tarama
100
AcDbLine
 10
-823295.5965040702
 20
-71794.42562665278
 30
0.0
 11
-823291.6048685344
 21
-71790.43399111717
 31
0.0
  0
LINE
  5
571
330
17
100
AcDbEntity
  8
KM Kolon Tarama
100
AcDbLine
 10
-823021.5970077853
 20
-71555.78146942717
 30
0.0
 11
-823021.5926263605
 21
-71555.77708800242
 31
0.0
  0
LINE
  5
572
330
17
100
AcDbEntity
  8
KM Kolon Tarama
100
AcDbLine
 10
-823019.3829176691
 20
-71553.5673793112
 30
0.0
 11
-823014.9635002867
 21
-71549.14796192874
 31
0.0
  0
LINE
  5
573
330
17
100
AcDbEntity
  8
KM Kolon Tarama
100
AcDbLine
 10
-823021.5900563162
 20
-71573.45218748797
 30
0.0
 11
-823019.3829176691
 21
-71571.24504884076
 31
0.0
  0
LINE
  5
574
330
17
100
AcDbEntity
  8
KM Kolon Tarama
100
AcDbLine
 10
-823017.1732089781
 20
-71569.03534014952
 30
0.0
 11
-823012.7537915956
 21
-71564.6159227672
 31
0.0
  0
LINE
  5
575
330
17
100
AcDbEntity
  8
KM Kolon Tarama
100
AcDbLine
 10
-823010.5440829046
 20
-71562.40621407596
 30
0.0
 11
-823006.1246655221
 21
-71557.98679669353
 31
0.0
  0
LINE
  5
576
330
17
100
AcDbEntity
  8
KM Kolon Tarama
100
AcDbLine
 10
-823003.9149568307
 20
-71555.7770880023
 30
0.0
 11
-822999.4955394486
 21
-71551.35767061997
 31
0.0
  0
LINE
  5
577
330
17
100
AcDbEntity
  8
KM Kolon Tarama
100
AcDbLine
 10
-822997.2858307572
 20
-71549.14796192874
 30
0.0
 11
-822996.3130229723
 21
-71548.17515414394
 31
0.0
  0
LINE
  5
578
330
17
100
AcDbEntity
  8
KM Kolon Tarama
100
AcDbLine
 10
-823021.5831048475
 20
-71591.12290554878
 30
0.0
 11
-823017.1732089781
 21
-71586.71300967934
 31
0.0
  0
LINE
  5
579
330
17
100
AcDbEntity
  8
KM Kolon Tarama
100
AcDbLine
 10
-823014.9635002867
 20
-71584.50330098812
 30
0.0
 11
-823010.5440829046
 21
-71580.08388360566
 31
0.0
  0
LINE
  5
57A
330
17
100
AcDbEntity
  8
KM Kolon Tarama
100
AcDbLine
 10
-823008.3343742132
 20
-71577.87417491442
 30
0.0
 11
-823003.9149568307
 21
-71573.45475753197
 31
0.0
  0
LINE
  5
57B
330
17
100
AcDbEntity
  8
KM Kolon Tarama
100
AcDbLine
 10
-823001.7052481397
 20
-71571.24504884086
 30
0.0
 11
-822997.2858307572
 21
-71566.82563145841
 31
0.0
  0
LINE
  5
57C
330
17
100
AcDbEntity
  8
KM Kolon Tarama
100
AcDbLine
 10
-822995.0761220658
 20
-71564.6159227672
 30
0.0
 11
-822990.6567046837
 21
-71560.19650538475
 31
0.0
  0
LINE
  5
57D
330
17
100
AcDbEntity
  8
KM Kolon Tarama
100
AcDbLine
 10
-822988.4469959923
 20
-71557.98679669353
 30
0.0
 11
-822984.0275786099
 21
-71553.56737931108
 31
0.0
  0
LINE
  5
57E
330
17
100
AcDbEntity
  8
KM Kolon Tarama
100
AcDbLine
 10
-822981.8178699188
 20
-71551.35767061997
 30
0.0
 11
-822981.6005264982
 21
-71551.14032719946
 31
0.0
  0
LINE
  5
57F
330
17
100
AcDbEntity
  8
KM Kolon Tarama
100
AcDbLine
 10
-823019.3829176691
 20
-71606.60038790014
 30
0.0
 11
-823014.9635002867
 21
-71602.18097051769
 31
0.0
  0
LINE
  5
580
330
17
100
AcDbEntity
  8
KM Kolon Tarama
100
AcDbLine
 10
-823012.7537915956
 20
-71599.97126182646
 30
0.0
 11
-823008.3343742132
 21
-71595.55184444413
 31
0.0
  0
LINE
  5
581
330
17
100
AcDbEntity
  8
KM Kolon Tarama
100
AcDbLine
 10
-823006.1246655218
 20
-71593.3421357529
 30
0.0
 11
-823001.7052481397
 21
-71588.92271837045
 31
0.0
  0
LINE
  5
582
330
17
100
AcDbEntity
  8
KM Kolon Tarama
100
AcDbLine
 10
-822999.4955394483
 20
-71586.71300967922
 30
0.0
 11
-822995.0761220658
 21
-71582.29359229689
 31
0.0
  0
LINE
  5
583
330
17
100
AcDbEntity
  8
KM Kolon Tarama
100
AcDbLine
 10
-822992.8664133748
 20
-71580.08388360566
 30
0.0
 11
-822988.4469959923
 21
-71575.66446622321
 31
0.0
  0
LINE
  5
584
330
17
100
AcDbEntity
  8
KM Kolon Tarama
100
AcDbLine
 10
-822986.2372873013
 20
-71573.45475753197
 30
0.0
 11
-822981.8178699188
 21
-71569.03534014952
 31
0.0
  0
LINE
  5
585
330
17
100
AcDbEntity
  8
KM Kolon Tarama
100
AcDbLine
 10
-823021.5692019099
 20
-71626.46434167039
 30
0.0
 11
-823019.3829176691
 21
-71624.27805742982
 31
0.0
  0
LINE
  5
586
330
17
100
AcDbEntity
  8
KM Kolon Tarama
100
AcDbLine
 10
-823017.1732089777
 20
-71622.0683487386
 30
0.0
 11
-823012.7537915956
 21
-71617.64893135615
 31
0.0
  0
LINE
  5
587
330
17
100
AcDbEntity
  8
KM Kolon Tarama
100
AcDbLine
 10
-823010.5440829042
 20
-71615.43922266492
 30
0.0
 11
-823006.1246655218
 21
-71611.01980528259
 31
0.0
  0
LINE
  5
588
330
17
100
AcDbEntity
  8
KM Kolon Tarama
100
AcDbLine
 10
-823003.9149568307
 20
-71608.81009659136
 30
0.0
 11
-822999.4955394483
 21
-71604.39067920891
 31
0.0
  0
LINE
  5
589
330
17
100
AcDbEntity
  8
KM Kolon Tarama
100
AcDbLine
 10
-822997.2858307572
 20
-71602.18097051769
 30
0.0
 11
-822992.8664133748
 21
-71597.76155313523
 31
0.0
  0
LINE
  5
58A
330
17
100
AcDbEntity
  8
KM Kolon Tarama
100
AcDbLine
 10
-822990.6567046837
 20
-71595.55184444401
 30
0.0
 11
-822986.2372873013
 21
-71591.13242706168
 31
0.0
  0
LINE
  5
58B
330
17
100
AcDbEntity
  8
KM Kolon Tarama
100
AcDbLine
 10
-822984.0275786099
 20
-71588.92271837045
 30
0.0
 11
-822981.5864551069
 21
-71586.48159486766
 31
0.0
  0
LINE
  5
58C
330
17
100
AcDbEntity
  8
KM Kolon Tarama
100
AcDbLine
 10
-823021.562250441
 20
-71644.13505973131
 30
0.0
 11
-823017.1732089777
 21
-71639.74601826828
 31
0.0
  0
LINE
  5
58D
330
17
100
AcDbEntity
  8
KM Kolon Tarama
100
AcDbLine
 10
-823014.9635002867
 20
-71637.53630957706
 30
0.0
 11
-823010.5440829042
 21
-71633.11689219461
 31
0.0
  0
LINE
  5
58E
330
17
100
AcDbEntity
  8
KM Kolon Tarama
100
AcDbLine
 10
-823008.3343742132
 20
-71630.90718350338
 30
0.0
 11
-823003.9149568307
 21
-71626.48776612105
 31
0.0
  0
LINE
  5
58F
330
17
100
AcDbEntity
  8
KM Kolon Tarama
100
AcDbLine
 10
-823001.7052481397
 20
-71624.27805742982
 30
0.0
 11
-822997.2858307572
 21
-71619.85864004737
 31
0.0
  0
LINE
  5
590
330
17
100
AcDbEntity
  8
KM Kolon Tarama
100
AcDbLine
 10
-822995.0761220658
 20
-71617.64893135615
 30
0.0
 11
-822990.6567046837
 21
-71613.2295139737
 31
0.0
  0
LINE
  5
591
330
17
100
AcDbEntity
  8
KM Kolon Tarama
100
AcDbLine
 10
-822988.4469959923
 20
-71611.01980528247
 30
0.0
 11
-822984.0275786099
 21
-71606.60038790014
 31
0.0
  0
LINE
  5
592
330
17
100
AcDbEntity
  8
KM Kolon Tarama
100
AcDbLine
 10
-822981.8178699188
 20
-71604.39067920891
 30
0.0
 11
-822981.5794194115
 21
-71604.15222870186
 31
0.0
  0
LINE
  5
593
330
17
100
AcDbEntity
  8
KM Kolon Tarama
100
AcDbLine
 10
-823019.3829176691
 20
-71659.6333964892
 30
0.0
 11
-823014.9635002867
 21
-71655.21397910675
 31
0.0
  0
LINE
  5
594
330
17
100
AcDbEntity
  8
KM Kolon Tarama
100
AcDbLine
 10
-823012.7537915956
 20
-71653.00427041552
 30
0.0
 11
-823008.3343742132
 21
-71648.58485303307
 31
0.0
  0
LINE
  5
595
330
17
100
AcDbEntity
  8
KM Kolon Tarama
100
AcDbLine
 10
-823006.1246655221
 20
-71646.37514434184
 30
0.0
 11
-823001.7052481397
 21
-71641.95572695951
 31
0.0
  0
LINE
  5
596
330
17
100
AcDbEntity
  8
KM Kolon Tarama
100
AcDbLine
 10
-822999.4955394486
 20
-71639.74601826828
 30
0.0
 11
-822995.0761220662
 21
-71635.32660088583
 31
0.0
  0
LINE
  5
597
330
17
100
AcDbEntity
  8
KM Kolon Tarama
100
AcDbLine
 10
-822992.8664133748
 20
-71633.11689219461
 30
0.0
 11
-822988.4469959924
 21
-71628.69747481227
 31
0.0
  0
LINE
  5
598
330
17
100
AcDbEntity
  8
KM Kolon Tarama
100
AcDbLine
 10
-822986.2372873013
 20
-71626.48776612105
 30
0.0
 11
-822981.8178699188
 21
-71622.0683487386
 31
0.0
  0
LINE
  5
599
330
17
100
AcDbEntity
  8
KM Kolon Tarama
100
AcDbLine
 10
-823021.5483475033
 20
-71679.47649585293
 30
0.0
 11
-823019.3829176691
 21
-71677.31106601888
 31
0.0
  0
LINE
  5
59A
330
17
100
AcDbEntity
  8
KM Kolon Tarama
100
AcDbLine
 10
-823017.1732089777
 20
-71675.10135732766
 30
0.0
 11
-823012.7537915956
 21
-71670.6819399452
 31
0.0
  0
LINE
  5
59B
330
17
100
AcDbEntity
  8
KM Kolon Tarama
100
AcDbLine
 10
-823010.5440829042
 20
-71668.47223125398
 30
0.0
 11
-823006.1246655218
 21
-71664.05281387165
 31
0.0
  0
LINE
  5
59C
330
17
100
AcDbEntity
  8
KM Kolon Tarama
100
AcDbLine
 10
-823003.9149568307
 20
-71661.84310518042
 30
0.0
 11
-822999.4955394483
 21
-71657.42368779797
 31
0.0
  0
LINE
  5
59D
330
17
100
AcDbEntity
  8
KM Kolon Tarama
100
AcDbLine
 10
-822997.2858307572
 20
-71655.21397910675
 30
0.0
 11
-822992.8664133748
 21
-71650.7945617243
 31
0.0
  0
LINE
  5
59E
330
17
100
AcDbEntity
  8
KM Kolon Tarama
100
AcDbLine
 10
-822990.6567046837
 20
-71648.58485303307
 30
0.0
 11
-822986.2372873013
 21
-71644.16543565074
 31
0.0
  0
LINE
  5
59F
330
17
100
AcDbEntity
  8
KM Kolon Tarama
100
AcDbLine
 10
-822984.0275786099
 20
-71641.95572695951
 30
0.0
 11
-822981.5653480208
 21
-71639.49349637015
 31
0.0
  0
LINE
  5
5A0
330
17
100
AcDbEntity
  8
KM Kolon Tarama
100
AcDbLine
 10
-823021.5413960344
 20
-71697.14721391373
 30
0.0
 11
-823017.1732089781
 21
-71692.77902685721
 31
0.0
  0
LINE
  5
5A1
330
17
100
AcDbEntity
  8
KM Kolon Tarama
100
AcDbLine
 10
-823014.9635002867
 20
-71690.569318166
 30
0.0
 11
-823010.5440829046
 21
-71686.14990078367
 31
0.0
  0
LINE
  5
5A2
330
17
100
AcDbEntity
  8
KM Kolon Tarama
100
AcDbLine
 10
-823008.3343742132
 20
-71683.94019209244
 30
0.0
 11
-823003.9149568307
 21
-71679.52077470999
 31
0.0
  0
LINE
  5
5A3
330
17
100
AcDbEntity
  8
KM Kolon Tarama
100
AcDbLine
 10
-823001.7052481397
 20
-71677.31106601877
 30
0.0
 11
-822997.2858307572
 21
-71672.89164863632
 31
0.0
  0
LINE
  5
5A4
330
17
100
AcDbEntity
  8
KM Kolon Tarama
100
AcDbLine
 10
-822995.0761220658
 20
-71670.68193994509
 30
0.0
 11
-822990.6567046837
 21
-71666.26252256276
 31
0.0
  0
LINE
  5
5A5
330
17
100
AcDbEntity
  8
KM Kolon Tarama
100
AcDbLine
 10
-822988.4469959923
 20
-71664.05281387153
 30
0.0
 11
-822984.0275786099
 21
-71659.63339648908
 31
0.0
  0
LINE
  5
5A6
330
17
100
AcDbEntity
  8
KM Kolon Tarama
100
AcDbLine
 10
-822981.8178699188
 20
-71657.42368779785
 30
0.0
 11
-822981.5583123252
 21
-71657.16413020424
 31
0.0
  0
LINE
  5
5A7
330
17
100
AcDbEntity
  8
KM Kolon Tarama
100
AcDbLine
 10
-823019.3829176691
 20
-71712.66640507814
 30
0.0
 11
-823014.9635002867
 21
-71708.24698769567
 31
0.0
  0
LINE
  5
5A8
330
17
100
AcDbEntity
  8
KM Kolon Tarama
100
AcDbLine
 10
-823012.7537915956
 20
-71706.03727900446
 30
0.0
 11
-823008.3343742132
 21
-71701.61786162212
 31
0.0
  0
LINE
  5
5A9
330
17
100
AcDbEntity
  8
KM Kolon Tarama
100
AcDbLine
 10
-823006.1246655218
 20
-71699.4081529309
 30
0.0
 11
-823001.7052481397
 21
-71694.98873554845
 31
0.0
  0
LINE
  5
5AA
330
17
100
AcDbEntity
  8
KM Kolon Tarama
100
AcDbLine
 10
-822999.4955394483
 20
-71692.77902685721
 30
0.0
 11
-822995.0761220658
 21
-71688.35960947478
 31
0.0
  0
LINE
  5
5AB
330
17
100
AcDbEntity
  8
KM Kolon Tarama
100
AcDbLine
 10
-822992.8664133748
 20
-71686.14990078355
 30
0.0
 11
-822988.4469959923
 21
-71681.73048340122
 31
0.0
  0
LINE
  5
5AC
330
17
100
AcDbEntity
  8
KM Kolon Tarama
100
AcDbLine
 10
-822986.2372873013
 20
-71679.52077470999
 30
0.0
 11
-822981.8178699188
 21
-71675.10135732754
 31
0.0
  0
LINE
  5
5AD
330
17
100
AcDbEntity
  8
KM Kolon Tarama
100
AcDbLine
 10
-823021.5274930968
 20
-71732.48865003535
 30
0.0
 11
-823019.3829176691
 21
-71730.34407460783
 31
0.0
  0
LINE
  5
5AE
330
17
100
AcDbEntity
  8
KM Kolon Tarama
100
AcDbLine
 10
-823017.1732089777
 20
-71728.1343659166
 30
0.0
 11
-823012.7537915956
 21
-71723.71494853415
 31
0.0
  0
LINE
  5
5AF
330
17
100
AcDbEntity
  8
KM Kolon Tarama
100
AcDbLine
 10
-823010.5440829042
 20
-71721.50523984304
 30
0.0
 11
-823006.1246655218
 21
-71717.08582246059
 31
0.0
  0
LINE
  5
5B0
330
17
100
AcDbEntity
  8
KM Kolon Tarama
100
AcDbLine
 10
-823003.9149568307
 20
-71714.87611376937
 30
0.0
 11
-822999.4955394483
 21
-71710.45669638691
 31
0.0
  0
LINE
  5
5B1
330
17
100
AcDbEntity
  8
KM Kolon Tarama
100
AcDbLine
 10
-822997.2858307572
 20
-71708.24698769567
 30
0.0
 11
-822992.8664133748
 21
-71703.82757031322
 31
0.0
  0
LINE
  5
5B2
330
17
100
AcDbEntity
  8
KM Kolon Tarama
100
AcDbLine
 10
-822990.6567046837
 20
-71701.61786162212
 30
0.0
 11
-822986.2372873013
 21
-71697.19844423966
 31
0.0
  0
LINE
  5
5B3
330
17
100
AcDbEntity
  8
KM Kolon Tarama
100
AcDbLine
 10
-822984.0275786099
 20
-71694.98873554845
 30
0.0
 11
-822981.5442409337
 21
-71692.50539787253
 31
0.0
  0
LINE
  5
5B4
330
17
100
AcDbEntity
  8
KM Kolon Tarama
100
AcDbLine
 10
-823021.5205416278
 20
-71750.15936809627
 30
0.0
 11
-823017.1732089777
 21
-71745.81203544629
 31
0.0
  0
LINE
  5
5B5
330
17
100
AcDbEntity
  8
KM Kolon Tarama
100
AcDbLine
 10
-823014.9635002867
 20
-71743.60232675506
 30
0.0
 11
-823010.5440829042
 21
-71739.18290937261
 31
0.0
  0
LINE
  5
5B6
330
17
100
AcDbEntity
  8
KM Kolon Tarama
100
AcDbLine
 10
-823008.3343742132
 20
-71736.97320068139
 30
0.0
 11
-823003.9149568307
 21
-71732.55378329905
 31
0.0
  0
LINE
  5
5B7
330
17
100
AcDbEntity
  8
KM Kolon Tarama
100
AcDbLine
 10
-823001.7052481397
 20
-71730.34407460783
 30
0.0
 11
-822997.2858307572
 21
-71725.92465722538
 31
0.0
  0
LINE
  5
5B8
330
17
100
AcDbEntity
  8
KM Kolon Tarama
100
AcDbLine
 10
-822995.0761220658
 20
-71723.71494853415
 30
0.0
 11
-822990.6567046837
 21
-71719.2955311517
 31
0.0
  0
LINE
  5
5B9
330
17
100
AcDbEntity
  8
KM Kolon Tarama
100
AcDbLine
 10
-822988.4469959923
 20
-71717.08582246047
 30
0.0
 11
-822984.0275786099
 21
-71712.66640507814
 31
0.0
  0
LINE
  5
5BA
330
17
100
AcDbEntity
  8
KM Kolon Tarama
100
AcDbLine
 10
-822981.8178699188
 20
-71710.45669638691
 30
0.0
 11
-822981.5372052382
 21
-71710.17603170662
 31
0.0
  0
LINE
  5
5BB
330
17
100
AcDbEntity
  8
KM Kolon Tarama
100
AcDbLine
 10
-823019.3829176691
 20
-71765.69941366708
 30
0.0
 11
-823014.9635002867
 21
-71761.27999628475
 31
0.0
  0
LINE
  5
5BC
330
17
100
AcDbEntity
  8
KM Kolon Tarama
100
AcDbLine
 10
-823012.7537915956
 20
-71759.07028759352
 30
0.0
 11
-823008.3343742132
 21
-71754.65087021107
 31
0.0
  0
LINE
  5
5BD
330
17
100
AcDbEntity
  8
KM Kolon Tarama
100
AcDbLine
 10
-823006.1246655218
 20
-71752.44116151985
 30
0.0
 11
-823001.7052481397
 21
-71748.0217441374
 31
0.0
  0
LINE
  5
5BE
330
17
100
AcDbEntity
  8
KM Kolon Tarama
100
AcDbLine
 10
-822999.4955394483
 20
-71745.81203544617
 30
0.0
 11
-822995.0761220658
 21
-71741.39261806382
 31
0.0
  0
LINE
  5
5BF
330
17
100
AcDbEntity
  8
KM Kolon Tarama
100
AcDbLine
 10
-822992.8664133748
 20
-71739.18290937261
 30
0.0
 11
-822988.4469959923
 21
-71734.76349199016
 31
0.0
  0
LINE
  5
5C0
330
17
100
AcDbEntity
  8
KM Kolon Tarama
100
AcDbLine
 10
-822986.2372873009
 20
-71732.55378329894
 30
0.0
 11
-822981.8178699188
 21
-71728.1343659166
 31
0.0
  0
LINE
  5
5C1
330
17
100
AcDbEntity
  8
KM Kolon Tarama
100
AcDbLine
 10
-823021.5066386902
 20
-71785.50080421777
 30
0.0
 11
-823019.3829176691
 21
-71783.37708319677
 31
0.0
  0
LINE
  5
5C2
330
17
100
AcDbEntity
  8
KM Kolon Tarama
100
AcDbLine
 10
-823017.1732089781
 20
-71781.16737450555
 30
0.0
 11
-823012.7537915956
 21
-71776.74795712321
 31
0.0
  0
LINE
  5
5C3
330
17
100
AcDbEntity
  8
KM Kolon Tarama
100
AcDbLine
 10
-823010.5440829046
 20
-71774.53824843199
 30
0.0
 11
-823006.1246655221
 21
-71770.11883104953
 31
0.0
  0
LINE
  5
5C4
330
17
100
AcDbEntity
  8
KM Kolon Tarama
100
AcDbLine
 10
-823003.9149568307
 20
-71767.90912235831
 30
0.0
 11
-822999.4955394486
 21
-71763.48970497586
 31
0.0
  0
LINE
  5
5C5
330
17
100
AcDbEntity
  8
KM Kolon Tarama
100
AcDbLine
 10
-822997.2858307572
 20
-71761.27999628463
 30
0.0
 11
-822992.8664133748
 21
-71756.8605789023
 31
0.0
  0
LINE
  5
5C6
330
17
100
AcDbEntity
  8
KM Kolon Tarama
100
AcDbLine
 10
-822990.6567046837
 20
-71754.65087021107
 30
0.0
 11
-822986.2372873013
 21
-71750.23145282862
 31
0.0
  0
LINE
  5
5C7
330
17
100
AcDbEntity
  8
KM Kolon Tarama
100
AcDbLine
 10
-822984.0275786099
 20
-71748.0217441374
 30
0.0
 11
-822981.5231338475
 21
-71745.51729937491
 31
0.0
  0
LINE
  5
5C8
330
17
100
AcDbEntity
  8
KM Kolon Tarama
100
AcDbLine
 10
-823014.9635002867
 20
-71796.635335344
 30
0.0
 11
-823010.5440829046
 21
-71792.21591796167
 31
0.0
  0
LINE
  5
5C9
330
17
100
AcDbEntity
  8
KM Kolon Tarama
100
AcDbLine
 10
-823008.3343742132
 20
-71790.00620927045
 30
0.0
 11
-823003.9149568307
 21
-71785.586791888
 31
0.0
  0
LINE
  5
5CA
330
17
100
AcDbEntity
  8
KM Kolon Tarama
100
AcDbLine
 10
-823001.7052481397
 20
-71783.37708319677
 30
0.0
 11
-822997.2858307572
 21
-71778.95766581444
 31
0.0
  0
LINE
  5
5CB
330
17
100
AcDbEntity
  8
KM Kolon Tarama
100
AcDbLine
 10
-822995.0761220658
 20
-71776.74795712321
 30
0.0
 11
-822990.6567046837
 21
-71772.32853974076
 31
0.0
  0
LINE
  5
5CC
330
17
100
AcDbEntity
  8
KM Kolon Tarama
100
AcDbLine
 10
-822988.4469959923
 20
-71770.11883104953
 30
0.0
 11
-822984.0275786099
 21
-71765.69941366708
 31
0.0
  0
LINE
  5
5CD
330
17
100
AcDbEntity
  8
KM Kolon Tarama
100
AcDbLine
 10
-822981.8178699188
 20
-71763.48970497586
 30
0.0
 11
-822981.5160981518
 21
-71763.18793320912
 31
0.0
  0
LINE
  5
5CE
330
17
100
AcDbEntity
  8
KM Kolon Tarama
100
AcDbLine
 10
-822998.8266032313
 20
-71798.17610781826
 30
0.0
 11
-822995.0761220658
 21
-71794.4256266529
 31
0.0
  0
LINE
  5
5CF
330
17
100
AcDbEntity
  8
KM Kolon Tarama
100
AcDbLine
 10
-822992.8664133748
 20
-71792.21591796167
 30
0.0
 11
-822988.4469959923
 21
-71787.79650057922
 31
0.0
  0
LINE
  5
5D0
330
17
100
AcDbEntity
  8
KM Kolon Tarama
100
AcDbLine
 10
-822986.2372873009
 20
-71785.586791888
 30
0.0
 11
-822981.8178699188
 21
-71781.16737450555
 31
0.0
  0
LINE
  5
5D1
330
17
100
AcDbEntity
  8
KM Kolon Tarama
100
AcDbLine
 10
-819885.5202667452
 20
-71318.84253125207
 30
0.0
 11
-819881.5965761539
 21
-71314.91884066071
 31
0.0
  0
LINE
  5
5D2
330
17
100
AcDbEntity
  8
KM Kolon Tarama
100
AcDbLine
 10
-819879.3868674627
 20
-71312.70913196947
 30
0.0
 11
-819874.9674500803
 21
-71308.28971458702
 31
0.0
  0
LINE
  5
5D3
330
17
100
AcDbEntity
  8
KM Kolon Tarama
100
AcDbLine
 10
-819883.8062848452
 20
-71334.80621888163
 30
0.0
 11
-819879.3868674627
 21
-71330.38680149917
 31
0.0
  0
LINE
  5
5D4
330
17
100
AcDbEntity
  8
KM Kolon Tarama
100
AcDbLine
 10
-819877.1771587713
 20
-71328.17709280795
 30
0.0
 11
-819872.757741389
 21
-71323.7576754255
 31
0.0
  0
LINE
  5
5D5
330
17
100
AcDbEntity
  8
KM Kolon Tarama
100
AcDbLine
 10
-819870.5480326978
 20
-71321.54796673427
 30
0.0
 11
-819866.1286153154
 21
-71317.12854935194
 31
0.0
  0
LINE
  5
5D6
330
17
100
AcDbEntity
  8
KM Kolon Tarama
100
AcDbLine
 10
-819863.9189066241
 20
-71314.91884066071
 30
0.0
 11
-819859.4994892417
 21
-71310.49942327826
 31
0.0
  0
LINE
  5
5D7
330
17
100
AcDbEntity
  8
KM Kolon Tarama
100
AcDbLine
 10
-819857.2897805506
 20
-71308.28971458702
 30
0.0
 11
-819856.2027502658
 21
-71307.20268430235
 31
0.0
  0
LINE
  5
5D8
330
17
100
AcDbEntity
  8
KM Kolon Tarama
100
AcDbLine
 10
-819878.5250807359
 20
-71347.20268430235
 30
0.0
 11
-819877.1771587713
 21
-71345.85476233764
 31
0.0
  0
LINE
  5
5D9
330
17
100
AcDbEntity
  8
KM Kolon Tarama
100
AcDbLine
 10
-819874.9674500803
 20
-71343.64505364641
 30
0.0
 11
-819870.5480326978
 21
-71339.22563626396
 31
0.0
  0
LINE
  5
5DA
330
17
100
AcDbEntity
  8
KM Kolon Tarama
100
AcDbLine
 10
-819868.3383240066
 20
-71337.01592757273
 30
0.0
 11
-819863.9189066241
 21
-71332.5965101904
 31
0.0
  0
LINE
  5
5DB
330
17
100
AcDbEntity
  8
KM Kolon Tarama
100
AcDbLine
 10
-819861.7091979331
 20
-71330.38680149917
 30
0.0
 11
-819857.2897805506
 21
-71325.96738411672
 31
0.0
  0
LINE
  5
5DC
330
17
100
AcDbEntity
  8
KM Kolon Tarama
100
AcDbLine
 10
-819855.0800718592
 20
-71323.7576754255
 30
0.0
 11
-819850.6606544771
 21
-71319.33825804305
 31
0.0
  0
LINE
  5
5DD
330
17
100
AcDbEntity
  8
KM Kolon Tarama
100
AcDbLine
 10
-819848.4509457857
 20
-71317.12854935194
 30
0.0
 11
-819844.0315284033
 21
-71312.70913196947
 31
0.0
  0
LINE
  5
5DE
330
17
100
AcDbEntity
  8
KM Kolon Tarama
100
AcDbLine
 10
-819841.8218197122
 20
-71310.49942327826
 30
0.0
 11
-819838.525080736
 21
-71307.20268430235
 31
0.0
  0
LINE
  5
5DF
330
17
100
AcDbEntity
  8
KM Kolon Tarama
100
AcDbLine
 10
-819859.4994892417
 20
-71345.85476233764
 30
0.0
 11
-819855.0800718592
 21
-71341.4353449553
 31
0.0
  0
LINE
  5
5E0
330
17
100
AcDbEntity
  8
KM Kolon Tarama
100
AcDbLine
 10
-819852.8703631682
 20
-71339.22563626408
 30
0.0
 11
-819848.4509457857
 21
-71334.80621888163
 31
0.0
  0
LINE
  5
5E1
330
17
100
AcDbEntity
  8
KM Kolon Tarama
100
AcDbLine
 10
-819846.2412370947
 20
-71332.5965101904
 30
0.0
 11
-819841.8218197122
 21
-71328.17709280795
 31
0.0
  0
LINE
  5
5E2
330
17
100
AcDbEntity
  8
KM Kolon Tarama
100
AcDbLine
 10
-819839.6121110212
 20
-71325.96738411672
 30
0.0
 11
-819835.1926936387
 21
-71321.54796673439
 31
0.0
  0
LINE
  5
5E3
330
17
100
AcDbEntity
  8
KM Kolon Tarama
100
AcDbLine
 10
-819832.9829849473
 20
-71319.33825804316
 30
0.0
 11
-819828.563567565
 21
-71314.91884066071
 31
0.0
  0
LINE
  5
5E4
330
17
100
AcDbEntity
  8
KM Kolon Tarama
100
AcDbLine
 10
-819826.3538588738
 20
-71312.70913196947
 30
0.0
 11
-819821.9344414914
 21
-71308.28971458702
 31
0.0
  0
LINE
  5
5E5
330
17
100
AcDbEntity
  8
KM Kolon Tarama
100
AcDbLine
 10
-819843.169741677
 20
-71347.20268430235
 30
0.0
 11
-819839.6121110208
 21
-71343.64505364641
 31
0.0
  0
LINE
  5
5E6
330
17
100
AcDbEntity
  8
KM Kolon Tarama
100
AcDbLine
 10
-819837.4024023298
 20
-71341.43534495519
 30
0.0
 11
-819832.9829849473
 21
-71337.01592757285
 31
0.0
  0
LINE
  5
5E7
330
17
100
AcDbEntity
  8
KM Kolon Tarama
100
AcDbLine
 10
-819830.7732762563
 20
-71334.80621888163
 30
0.0
 11
-819826.3538588738
 21
-71330.38680149917
 31
0.0
  0
LINE
  5
5E8
330
17
100
AcDbEntity
  8
KM Kolon Tarama
100
AcDbLine
 10
-819824.1441501824
 20
-71328.17709280795
 30
0.0
 11
-819819.7247328002
 21
-71323.7576754255
 31
0.0
  0
LINE
  5
5E9
330
17
100
AcDbEntity
  8
KM Kolon Tarama
100
AcDbLine
 10
-819817.5150241089
 20
-71321.54796673427
 30
0.0
 11
-819813.0956067265
 21
-71317.12854935194
 31
0.0
  0
LINE
  5
5EA
330
17
100
AcDbEntity
  8
KM Kolon Tarama
100
AcDbLine
 10
-819810.8858980353
 20
-71314.91884066071
 30
0.0
 11
-819806.4664806528
 21
-71310.49942327826
 31
0.0
  0
LINE
  5
5EB
330
17
100
AcDbEntity
  8
KM Kolon Tarama
100
AcDbLine
 10
-819804.2567719616
 20
-71308.28971458702
 30
0.0
 11
-819803.1697416769
 21
-71307.20268430223
 31
0.0
  0
LINE
  5
5EC
330
17
100
AcDbEntity
  8
KM Kolon Tarama
100
AcDbLine
 10
-819825.4920721472
 20
-71347.20268430235
 30
0.0
 11
-819824.1441501824
 21
-71345.85476233764
 31
0.0
  0
LINE
  5
5ED
330
17
100
AcDbEntity
  8
KM Kolon Tarama
100
AcDbLine
 10
-819821.9344414914
 20
-71343.64505364641
 30
0.0
 11
-819817.5150241089
 21
-71339.22563626396
 31
0.0
  0
LINE
  5
5EE
330
17
100
AcDbEntity
  8
KM Kolon Tarama
100
AcDbLine
 10
-819815.3053154175
 20
-71337.01592757285
 30
0.0
 11
-819810.8858980353
 21
-71332.5965101904
 31
0.0
  0
LINE
  5
5EF
330
17
100
AcDbEntity
  8
KM Kolon Tarama
100
AcDbLine
 10
-819808.676189344
 20
-71330.38680149917
 30
0.0
 11
-819804.2567719616
 21
-71325.96738411672
 31
0.0
  0
LINE
  5
5F0
330
17
100
AcDbEntity
  8
KM Kolon Tarama
100
AcDbLine
 10
-819802.0470632704
 20
-71323.7576754255
 30
0.0
 11
-819797.6276458879
 21
-71319.33825804305
 31
0.0
  0
LINE
  5
5F1
330
17
100
AcDbEntity
  8
KM Kolon Tarama
100
AcDbLine
 10
-819795.4179371967
 20
-71317.12854935194
 30
0.0
 11
-819790.9985198142
 21
-71312.70913196947
 31
0.0
  0
LINE
  5
5F2
330
17
100
AcDbEntity
  8
KM Kolon Tarama
100
AcDbLine
 10
-819788.7888111232
 20
-71310.49942327826
 30
0.0
 11
-819785.4920721471
 21
-71307.20268430235
 31
0.0
  0
LINE
  5
5F3
330
17
100
AcDbEntity
  8
KM Kolon Tarama
100
AcDbLine
 10
-819806.4664806528
 20
-71345.85476233764
 30
0.0
 11
-819802.0470632704
 21
-71341.43534495519
 31
0.0
  0
LINE
  5
5F4
330
17
100
AcDbEntity
  8
KM Kolon Tarama
100
AcDbLine
 10
-819799.8373545791
 20
-71339.22563626396
 30
0.0
 11
-819795.4179371967
 21
-71334.80621888151
 31
0.0
  0
LINE
  5
5F5
330
17
100
AcDbEntity
  8
KM Kolon Tarama
100
AcDbLine
 10
-819793.2082285054
 20
-71332.5965101904
 30
0.0
 11
-819788.7888111232
 21
-71328.17709280795
 31
0.0
  0
LINE
  5
5F6
330
17
100
AcDbEntity
  8
KM Kolon Tarama
100
AcDbLine
 10
-819786.5791024318
 20
-71325.96738411672
 30
0.0
 11
-819782.1596850493
 21
-71321.54796673427
 31
0.0
  0
LINE
  5
5F7
330
17
100
AcDbEntity
  8
KM Kolon Tarama
100
AcDbLine
 10
-819779.9499763583
 20
-71319.33825804305
 30
0.0
 11
-819775.5305589758
 21
-71314.91884066071
 31
0.0
  0
LINE
  5
5F8
330
17
100
AcDbEntity
  8
KM Kolon Tarama
100
AcDbLine
 10
-819773.3208502848
 20
-71312.70913196947
 30
0.0
 11
-819768.9014329023
 21
-71308.28971458702
 31
0.0
  0
LINE
  5
5F9
330
17
100
AcDbEntity
  8
KM Kolon Tarama
100
AcDbLine
 10
-819790.136733088
 20
-71347.20268430235
 30
0.0
 11
-819786.5791024318
 21
-71343.64505364641
 31
0.0
  0
LINE
  5
5FA
330
17
100
AcDbEntity
  8
KM Kolon Tarama
100
AcDbLine
 10
-819784.3693937405
 20
-71341.43534495519
 30
0.0
 11
-819779.9499763583
 21
-71337.01592757273
 31
0.0
  0
LINE
  5
5FB
330
17
100
AcDbEntity
  8
KM Kolon Tarama
100
AcDbLine
 10
-819777.7402676669
 20
-71334.80621888151
 30
0.0
 11
-819773.3208502844
 21
-71330.38680149917
 31
0.0
  0
LINE
  5
5FC
330
17
100
AcDbEntity
  8
KM Kolon Tarama
100
AcDbLine
 10
-819771.1111415934
 20
-71328.17709280795
 30
0.0
 11
-819766.6917242109
 21
-71323.7576754255
 31
0.0
  0
LINE
  5
5FD
330
17
100
AcDbEntity
  8
KM Kolon Tarama
100
AcDbLine
 10
-819764.4820155199
 20
-71321.54796673427
 30
0.0
 11
-819760.0625981374
 21
-71317.12854935194
 31
0.0
  0
LINE
  5
5FE
330
17
100
AcDbEntity
  8
KM Kolon Tarama
100
AcDbLine
 10
-819757.8528894464
 20
-71314.91884066071
 30
0.0
 11
-819753.4334720639
 21
-71310.49942327826
 31
0.0
  0
LINE
  5
5FF
330
17
100
AcDbEntity
  8
KM Kolon Tarama
100
AcDbLine
 10
-819751.2237633725
 20
-71308.28971458702
 30
0.0
 11
-819750.136733088
 21
-71307.20268430223
 31
0.0
  0
LINE
  5
600
330
17
100
AcDbEntity
  8
KM Kolon Tarama
100
AcDbLine
 10
-819772.4590635583
 20
-71347.20268430235
 30
0.0
 11
-819771.1111415934
 21
-71345.85476233764
 31
0.0
  0
LINE
  5
601
330
17
100
AcDbEntity
  8
KM Kolon Tarama
100
AcDbLine
 10
-819768.9014329023
 20
-71343.64505364641
 30
0.0
 11
-819764.4820155199
 21
-71339.22563626408
 31
0.0
  0
LINE
  5
602
330
17
100
AcDbEntity
  8
KM Kolon Tarama
100
AcDbLine
 10
-819762.2723068285
 20
-71337.01592757285
 30
0.0
 11
-819757.8528894464
 21
-71332.5965101904
 31
0.0
  0
LINE
  5
603
330
17
100
AcDbEntity
  8
KM Kolon Tarama
100
AcDbLine
 10
-819755.643180755
 20
-71330.38680149917
 30
0.0
 11
-819751.2237633725
 21
-71325.96738411672
 31
0.0
  0
LINE
  5
604
330
17
100
AcDbEntity
  8
KM Kolon Tarama
100
AcDbLine
 10
-819749.0140546815
 20
-71323.7576754255
 30
0.0
 11
-819744.594637299
 21
-71319.33825804316
 31
0.0
  0
LINE
  5
605
330
17
100
AcDbEntity
  8
KM Kolon Tarama
100
AcDbLine
 10
-819742.384928608
 20
-71317.12854935194
 30
0.0
 11
-819737.9655112255
 21
-71312.70913196947
 31
0.0
  0
LINE
  5
606
330
17
100
AcDbEntity
  8
KM Kolon Tarama
100
AcDbLine
 10
-819735.7558025343
 20
-71310.49942327826
 30
0.0
 11
-819732.4590635581
 21
-71307.20268430235
 31
0.0
  0
LINE
  5
607
330
17
100
AcDbEntity
  8
KM Kolon Tarama
100
AcDbLine
 10
-819753.4334720639
 20
-71345.85476233764
 30
0.0
 11
-819749.0140546815
 21
-71341.43534495519
 31
0.0
  0
LINE
  5
608
330
17
100
AcDbEntity
  8
KM Kolon Tarama
100
AcDbLine
 10
-819746.8043459904
 20
-71339.22563626396
 30
0.0
 11
-819742.384928608
 21
-71334.80621888163
 31
0.0
  0
LINE
  5
609
330
17
100
AcDbEntity
  8
KM Kolon Tarama
100
AcDbLine
 10
-819740.1752199166
 20
-71332.5965101904
 30
0.0
 11
-819735.7558025343
 21
-71328.17709280795
 31
0.0
  0
LINE
  5
60A
330
17
100
AcDbEntity
  8
KM Kolon Tarama
100
AcDbLine
 10
-819733.5460938431
 20
-71325.96738411672
 30
0.0
 11
-819729.1266764606
 21
-71321.54796673427
 31
0.0
  0
LINE
  5
60B
330
17
100
AcDbEntity
  8
KM Kolon Tarama
100
AcDbLine
 10
-819726.9169677694
 20
-71319.33825804305
 30
0.0
 11
-819722.4975503869
 21
-71314.91884066071
 31
0.0
  0
LINE
  5
60C
330
17
100
AcDbEntity
  8
KM Kolon Tarama
100
AcDbLine
 10
-819720.2878416957
 20
-71312.70913196947
 30
0.0
 11
-819715.8684243133
 21
-71308.28971458702
 31
0.0
  0
LINE
  5
60D
330
17
100
AcDbEntity
  8
KM Kolon Tarama
100
AcDbLine
 10
-819737.1037244989
 20
-71347.20268430235
 30
0.0
 11
-819733.5460938431
 21
-71343.64505364641
 31
0.0
  0
LINE
  5
60E
330
17
100
AcDbEntity
  8
KM Kolon Tarama
100
AcDbLine
 10
-819731.3363851517
 20
-71341.43534495519
 30
0.0
 11
-819726.9169677694
 21
-71337.01592757285
 31
0.0
  0
LINE
  5
60F
330
17
100
AcDbEntity
  8
KM Kolon Tarama
100
AcDbLine
 10
-819724.7072590782
 20
-71334.80621888163
 30
0.0
 11
-819720.2878416957
 21
-71330.38680149917
 31
0.0
  0
LINE
  5
610
330
17
100
AcDbEntity
  8
KM Kolon Tarama
100
AcDbLine
 10
-819718.0781330045
 20
-71328.17709280795
 30
0.0
 11
-819713.658715622
 21
-71323.7576754255
 31
0.0
  0
LINE
  5
611
330
17
100
AcDbEntity
  8
KM Kolon Tarama
100
AcDbLine
 10
-819711.4490069308
 20
-71321.54796673427
 30
0.0
 11
-819707.0295895484
 21
-71317.12854935194
 31
0.0
  0
LINE
  5
612
330
17
100
AcDbEntity
  8
KM Kolon Tarama
100
AcDbLine
 10
-819719.4260549691
 20
-71347.20268430235
 30
0.0
 11
-819718.0781330045
 21
-71345.85476233764
 31
0.0
  0
LINE
  5
613
330
17
100
AcDbEntity
  8
KM Kolon Tarama
100
AcDbLine
 10
-819715.8684243133
 20
-71343.64505364641
 30
0.0
 11
-819711.4490069308
 21
-71339.22563626396
 31
0.0
  0
LINE
  5
614
330
17
100
AcDbEntity
  8
KM Kolon Tarama
100
AcDbLine
 10
-819709.2392982396
 20
-71337.01592757273
 30
0.0
 11
-819705.5575767789
 21
-71333.33420611196
 31
0.0
  0
LINE
  5
615
330
17
100
AcDbEntity
  8
KM Kolon Tarama
100
AcDbLine
 10
-819885.563007954
 20
-71584.05031540594
 30
0.0
 11
-819883.7165444869
 21
-71582.20385193871
 31
0.0
  0
LINE
  5
616
330
17
100
AcDbEntity
  8
KM Kolon Tarama
100
AcDbLine
 10
-819883.8062848452
 20
-71599.97126182646
 30
0.0
 11
-819879.3868674627
 21
-71595.55184444413
 31
0.0
  0
LINE
  5
617
330
17
100
AcDbEntity
  8
KM Kolon Tarama
100
AcDbLine
 10
-819877.1771587713
 20
-71593.3421357529
 30
0.0
 11
-819872.757741389
 21
-71588.92271837045
 31
0.0
  0
LINE
  5
618
330
17
100
AcDbEntity
  8
KM Kolon Tarama
100
AcDbLine
 10
-819870.5480326978
 20
-71586.71300967922
 30
0.0
 11
-819866.1286153154
 21
-71582.29359229677
 31
0.0
  0
LINE
  5
619
330
17
100
AcDbEntity
  8
KM Kolon Tarama
100
AcDbLine
 10
-819885.563007954
 20
-71619.4056544652
 30
0.0
 11
-819883.8062848452
 21
-71617.64893135626
 31
0.0
  0
LINE
  5
61A
330
17
100
AcDbEntity
  8
KM Kolon Tarama
100
AcDbLine
 10
-819881.5965761538
 20
-71615.43922266504
 30
0.0
 11
-819877.1771587713
 21
-71611.01980528259
 31
0.0
  0
LINE
  5
61B
330
17
100
AcDbEntity
  8
KM Kolon Tarama
100
AcDbLine
 10
-819874.9674500803
 20
-71608.81009659136
 30
0.0
 11
-819870.5480326978
 21
-71604.39067920891
 31
0.0
  0
LINE
  5
61C
330
17
100
AcDbEntity
  8
KM Kolon Tarama
100
AcDbLine
 10
-819868.3383240066
 20
-71602.1809705178
 30
0.0
 11
-819863.9189066241
 21
-71597.76155313535
 31
0.0
  0
LINE
  5
61D
330
17
100
AcDbEntity
  8
KM Kolon Tarama
100
AcDbLine
 10
-819861.7091979331
 20
-71595.55184444413
 30
0.0
 11
-819857.2897805506
 21
-71591.13242706168
 31
0.0
  0
LINE
  5
61E
330
17
100
AcDbEntity
  8
KM Kolon Tarama
100
AcDbLine
 10
-819855.0800718592
 20
-71588.92271837045
 30
0.0
 11
-819850.6606544771
 21
-71584.503300988
 31
0.0
  0
LINE
  5
61F
330
17
100
AcDbEntity
  8
KM Kolon Tarama
100
AcDbLine
 10
-819848.4509457857
 20
-71582.29359229689
 30
0.0
 11
-819848.3607371382
 21
-71582.20338364935
 31
0.0
  0
LINE
  5
620
330
17
100
AcDbEntity
  8
KM Kolon Tarama
100
AcDbLine
 10
-819660.5605026518
 20
-71394.403149163
 30
0.0
 11
-819658.4159983417
 21
-71392.25864485302
 31
0.0
  0
LINE
  5
621
330
17
100
AcDbEntity
  8
KM Kolon Tarama
100
AcDbLine
 10
-819870.6833632728
 20
-71622.20367931353
 30
0.0
 11
-819868.3383240066
 21
-71619.85864004737
 31
0.0
  0
LINE
  5
622
330
17
100
AcDbEntity
  8
KM Kolon Tarama
100
AcDbLine
 10
-819866.1286153154
 20
-71617.64893135615
 30
0.0
 11
-819861.7091979331
 21
-71613.22951397381
 31
0.0
  0
LINE
  5
623
330
17
100
AcDbEntity
  8
KM Kolon Tarama
100
AcDbLine
 10
-819859.4994892417
 20
-71611.01980528259
 30
0.0
 11
-819855.0800718592
 21
-71606.60038790014
 31
0.0
  0
LINE
  5
624
330
17
100
AcDbEntity
  8
KM Kolon Tarama
100
AcDbLine
 10
-819852.8703631682
 20
-71604.39067920891
 30
0.0
 11
-819848.4509457857
 21
-71599.97126182646
 31
0.0
  0
LINE
  5
625
330
17
100
AcDbEntity
  8
KM Kolon Tarama
100
AcDbLine
 10
-819846.2412370943
 20
-71597.76155313523
 30
0.0
 11
-819841.8218197122
 21
-71593.3421357529
 31
0.0
  0
LINE
  5
626
330
17
100
AcDbEntity
  8
KM Kolon Tarama
100
AcDbLine
 10
-819839.6121110208
 20
-71591.13242706168
 30
0.0
 11
-819835.1926936384
 21
-71586.71300967922
 31
0.0
  0
LINE
  5
627
330
17
100
AcDbEntity
  8
KM Kolon Tarama
100
AcDbLine
 10
-819832.9829849473
 20
-71584.503300988
 30
0.0
 11
-819830.682833464
 21
-71582.20314950461
 31
0.0
  0
LINE
  5
628
330
17
100
AcDbEntity
  8
KM Kolon Tarama
100
AcDbLine
 10
-819660.5602000318
 20
-71412.08051607269
 30
0.0
 11
-819656.2062896508
 21
-71407.72660569136
 31
0.0
  0
LINE
  5
629
330
17
100
AcDbEntity
  8
KM Kolon Tarama
100
AcDbLine
 10
-819653.9965809593
 20
-71405.51689700026
 30
0.0
 11
-819649.5771635768
 21
-71401.0974796178
 31
0.0
  0
LINE
  5
62A
330
17
100
AcDbEntity
  8
KM Kolon Tarama
100
AcDbLine
 10
-819647.3674548859
 20
-71398.88777092658
 30
0.0
 11
-819642.9480375034
 21
-71394.46835354413
 31
0.0
  0
LINE
  5
62B
330
17
100
AcDbEntity
  8
KM Kolon Tarama
100
AcDbLine
 10
-819640.7383288123
 20
-71392.2586448529
 30
0.0
 11
-819640.6823682615
 21
-71392.20268430223
 31
0.0
  0
LINE
  5
62C
330
17
100
AcDbEntity
  8
KM Kolon Tarama
100
AcDbLine
 10
-819853.0054595986
 20
-71622.20344516891
 30
0.0
 11
-819852.8703631682
 21
-71622.0683487386
 31
0.0
  0
LINE
  5
62D
330
17
100
AcDbEntity
  8
KM Kolon Tarama
100
AcDbLine
 10
-819850.6606544768
 20
-71619.85864004737
 30
0.0
 11
-819846.2412370943
 21
-71615.43922266492
 31
0.0
  0
LINE
  5
62E
330
17
100
AcDbEntity
  8
KM Kolon Tarama
100
AcDbLine
 10
-819844.0315284033
 20
-71613.2295139737
 30
0.0
 11
-819839.6121110208
 21
-71608.81009659136
 31
0.0
  0
LINE
  5
62F
330
17
100
AcDbEntity
  8
KM Kolon Tarama
100
AcDbLine
 10
-819837.4024023298
 20
-71606.60038790014
 30
0.0
 11
-819832.9829849473
 21
-71602.18097051769
 31
0.0
  0
LINE
  5
630
330
17
100
AcDbEntity
  8
KM Kolon Tarama
100
AcDbLine
 10
-819830.7732762563
 20
-71599.97126182646
 30
0.0
 11
-819826.3538588738
 21
-71595.55184444401
 31
0.0
  0
LINE
  5
631
330
17
100
AcDbEntity
  8
KM Kolon Tarama
100
AcDbLine
 10
-819824.1441501824
 20
-71593.3421357529
 30
0.0
 11
-819819.7247328002
 21
-71588.92271837045
 31
0.0
  0
LINE
  5
632
330
17
100
AcDbEntity
  8
KM Kolon Tarama
100
AcDbLine
 10
-819817.5150241089
 20
-71586.71300967922
 30
0.0
 11
-819813.0956067265
 21
-71582.29359229677
 31
0.0
  0
LINE
  5
633
330
17
100
AcDbEntity
  8
KM Kolon Tarama
100
AcDbLine
 10
-819658.4159983417
 20
-71427.61398391228
 30
0.0
 11
-819653.9965809596
 21
-71423.19456652983
 31
0.0
  0
LINE
  5
634
330
17
100
AcDbEntity
  8
KM Kolon Tarama
100
AcDbLine
 10
-819651.7868722683
 20
-71420.9848578386
 30
0.0
 11
-819647.3674548859
 21
-71416.56544045627
 31
0.0
  0
LINE
  5
635
330
17
100
AcDbEntity
  8
KM Kolon Tarama
100
AcDbLine
 10
-819645.1577461947
 20
-71414.35573176504
 30
0.0
 11
-819640.7383288123
 21
-71409.93631438258
 31
0.0
  0
LINE
  5
636
330
17
100
AcDbEntity
  8
KM Kolon Tarama
100
AcDbLine
 10
-819638.528620121
 20
-71407.72660569136
 30
0.0
 11
-819634.1092027386
 21
-71403.30718830891
 31
0.0
  0
LINE
  5
637
330
17
100
AcDbEntity
  8
KM Kolon Tarama
100
AcDbLine
 10
-819631.8994940474
 20
-71401.09747961767
 30
0.0
 11
-819627.480076665
 21
-71396.67806223535
 31
0.0
  0
LINE
  5
638
330
17
100
AcDbEntity
  8
KM Kolon Tarama
100
AcDbLine
 10
-819625.2703679737
 20
-71394.46835354413
 30
0.0
 11
-819623.0046987317
 21
-71392.20268430223
 31
0.0
  0
LINE
  5
639
330
17
100
AcDbEntity
  8
KM Kolon Tarama
100
AcDbLine
 10
-819835.1926936384
 20
-71622.0683487386
 30
0.0
 11
-819830.7732762563
 21
-71617.64893135615
 31
0.0
  0
LINE
  5
63A
330
17
100
AcDbEntity
  8
KM Kolon Tarama
100
AcDbLine
 10
-819828.5635675649
 20
-71615.43922266492
 30
0.0
 11
-819824.1441501824
 21
-71611.01980528259
 31
0.0
  0
LINE
  5
63B
330
17
100
AcDbEntity
  8
KM Kolon Tarama
100
AcDbLine
 10
-819821.9344414914
 20
-71608.81009659136
 30
0.0
 11
-819817.5150241089
 21
-71604.39067920891
 31
0.0
  0
LINE
  5
63C
330
17
100
AcDbEntity
  8
KM Kolon Tarama
100
AcDbLine
 10
-819815.3053154175
 20
-71602.18097051769
 30
0.0
 11
-819810.8858980353
 21
-71597.76155313535
 31
0.0
  0
LINE
  5
63D
330
17
100
AcDbEntity
  8
KM Kolon Tarama
100
AcDbLine
 10
-819808.676189344
 20
-71595.55184444413
 30
0.0
 11
-819804.2567719616
 21
-71591.13242706168
 31
0.0
  0
LINE
  5
63E
330
17
100
AcDbEntity
  8
KM Kolon Tarama
100
AcDbLine
 10
-819802.0470632704
 20
-71588.92271837045
 30
0.0
 11
-819797.6276458879
 21
-71584.503300988
 31
0.0
  0
LINE
  5
63F
330
17
100
AcDbEntity
  8
KM Kolon Tarama
100
AcDbLine
 10
-819795.4179371967
 20
-71582.29359229677
 30
0.0
 11
-819795.327026115
 21
-71582.20268121525
 31
0.0
  0
LINE
  5
640
330
17
100
AcDbEntity
  8
KM Kolon Tarama
100
AcDbLine
 10
-819660.559594792
 20
-71447.4352498923
 30
0.0
 11
-819658.4159983417
 21
-71445.29165344196
 31
0.0
  0
LINE
  5
641
330
17
100
AcDbEntity
  8
KM Kolon Tarama
100
AcDbLine
 10
-819656.2062896508
 20
-71443.08194475072
 30
0.0
 11
-819651.7868722683
 21
-71438.66252736827
 31
0.0
  0
LINE
  5
642
330
17
100
AcDbEntity
  8
KM Kolon Tarama
100
AcDbLine
 10
-819649.5771635768
 20
-71436.45281867706
 30
0.0
 11
-819645.1577461947
 21
-71432.03340129471
 31
0.0
  0
LINE
  5
643
330
17
100
AcDbEntity
  8
KM Kolon Tarama
100
AcDbLine
 10
-819642.9480375034
 20
-71429.8236926035
 30
0.0
 11
-819638.528620121
 21
-71425.40427522105
 31
0.0
  0
LINE
  5
644
330
17
100
AcDbEntity
  8
KM Kolon Tarama
100
AcDbLine
 10
-819636.3189114298
 20
-71423.19456652983
 30
0.0
 11
-819631.8994940474
 21
-71418.77514914738
 31
0.0
  0
LINE
  5
645
330
17
100
AcDbEntity
  8
KM Kolon Tarama
100
AcDbLine
 10
-819629.6897853562
 20
-71416.56544045627
 30
0.0
 11
-819625.2703679737
 21
-71412.14602307382
 31
0.0
  0
LINE
  5
646
330
17
100
AcDbEntity
  8
KM Kolon Tarama
100
AcDbLine
 10
-819623.0606592825
 20
-71409.93631438258
 30
0.0
 11
-819620.5558683891
 21
-71407.43152348918
 31
0.0
  0
LINE
  5
647
330
17
100
AcDbEntity
  8
KM Kolon Tarama
100
AcDbLine
 10
-819817.6496522499
 20
-71622.20297687953
 30
0.0
 11
-819815.3053154177
 21
-71619.85864004737
 31
0.0
  0
LINE
  5
648
330
17
100
AcDbEntity
  8
KM Kolon Tarama
100
AcDbLine
 10
-819813.0956067265
 20
-71617.64893135626
 30
0.0
 11
-819808.676189344
 21
-71613.22951397381
 31
0.0
  0
LINE
  5
649
330
17
100
AcDbEntity
  8
KM Kolon Tarama
100
AcDbLine
 10
-819806.4664806528
 20
-71611.01980528259
 30
0.0
 11
-819802.0470632704
 21
-71606.60038790014
 31
0.0
  0
LINE
  5
64A
330
17
100
AcDbEntity
  8
KM Kolon Tarama
100
AcDbLine
 10
-819799.8373545791
 20
-71604.39067920891
 30
0.0
 11
-819795.4179371967
 21
-71599.97126182646
 31
0.0
  0
LINE
  5
64B
330
17
100
AcDbEntity
  8
KM Kolon Tarama
100
AcDbLine
 10
-819793.2082285054
 20
-71597.76155313535
 30
0.0
 11
-819788.7888111232
 21
-71593.3421357529
 31
0.0
  0
LINE
  5
64C
330
17
100
AcDbEntity
  8
KM Kolon Tarama
100
AcDbLine
 10
-819786.5791024318
 20
-71591.13242706168
 30
0.0
 11
-819782.1596850493
 21
-71586.71300967922
 31
0.0
  0
LINE
  5
64D
330
17
100
AcDbEntity
  8
KM Kolon Tarama
100
AcDbLine
 10
-819779.9499763583
 20
-71584.503300988
 30
0.0
 11
-819777.649122441
 21
-71582.20244707062
 31
0.0
  0
LINE
  5
64E
330
17
100
AcDbEntity
  8
KM Kolon Tarama
100
AcDbLine
 10
-819660.5592921724
 20
-71465.11261680198
 30
0.0
 11
-819656.2062896508
 21
-71460.75961428043
 31
0.0
  0
LINE
  5
64F
330
17
100
AcDbEntity
  8
KM Kolon Tarama
100
AcDbLine
 10
-819653.9965809596
 20
-71458.5499055892
 30
0.0
 11
-819649.5771635772
 21
-71454.13048820675
 31
0.0
  0
LINE
  5
650
330
17
100
AcDbEntity
  8
KM Kolon Tarama
100
AcDbLine
 10
-819647.3674548859
 20
-71451.92077951564
 30
0.0
 11
-819642.9480375035
 21
-71447.50136213319
 31
0.0
  0
LINE
  5
651
330
17
100
AcDbEntity
  8
KM Kolon Tarama
100
AcDbLine
 10
-819640.7383288123
 20
-71445.29165344196
 30
0.0
 11
-819636.3189114298
 21
-71440.87223605951
 31
0.0
  0
LINE
  5
652
330
17
100
AcDbEntity
  8
KM Kolon Tarama
100
AcDbLine
 10
-819634.1092027386
 20
-71438.66252736827
 30
0.0
 11
-819629.6897853562
 21
-71434.24310998584
 31
0.0
  0
LINE
  5
653
330
17
100
AcDbEntity
  8
KM Kolon Tarama
100
AcDbLine
 10
-819627.480076665
 20
-71432.03340129471
 30
0.0
 11
-819623.0606592825
 21
-71427.61398391228
 31
0.0
  0
LINE
  5
654
330
17
100
AcDbEntity
  8
KM Kolon Tarama
100
AcDbLine
 10
-819620.8509505913
 20
-71425.40427522105
 30
0.0
 11
-819620.5560744351
 21
-71425.1093990649
 31
0.0
  0
LINE
  5
655
330
17
100
AcDbEntity
  8
KM Kolon Tarama
100
AcDbLine
 10
-819799.9717485755
 20
-71622.20274273492
 30
0.0
 11
-819799.8373545791
 21
-71622.0683487386
 31
0.0
  0
LINE
  5
656
330
17
100
AcDbEntity
  8
KM Kolon Tarama
100
AcDbLine
 10
-819797.6276458879
 20
-71619.85864004737
 30
0.0
 11
-819793.2082285054
 21
-71615.43922266492
 31
0.0
  0
LINE
  5
657
330
17
100
AcDbEntity
  8
KM Kolon Tarama
100
AcDbLine
 10
-819790.9985198142
 20
-71613.22951397381
 30
0.0
 11
-819786.5791024318
 21
-71608.81009659136
 31
0.0
  0
LINE
  5
658
330
17
100
AcDbEntity
  8
KM Kolon Tarama
100
AcDbLine
 10
-819784.3693937405
 20
-71606.60038790014
 30
0.0
 11
-819779.9499763583
 21
-71602.18097051769
 31
0.0
  0
LINE
  5
659
330
17
100
AcDbEntity
  8
KM Kolon Tarama
100
AcDbLine
 10
-819777.7402676669
 20
-71599.97126182646
 30
0.0
 11
-819773.3208502844
 21
-71595.55184444401
 31
0.0
  0
LINE
  5
65A
330
17
100
AcDbEntity
  8
KM Kolon Tarama
100
AcDbLine
 10
-819771.1111415934
 20
-71593.3421357529
 30
0.0
 11
-819766.6917242109
 21
-71588.92271837045
 31
0.0
  0
LINE
  5
65B
330
17
100
AcDbEntity
  8
KM Kolon Tarama
100
AcDbLine
 10
-819764.4820155199
 20
-71586.71300967922
 30
0.0
 11
-819760.0625981374
 21
-71582.29359229677
 31
0.0
  0
LINE
  5
65C
330
17
100
AcDbEntity
  8
KM Kolon Tarama
100
AcDbLine
 10
-819658.4159983417
 20
-71480.64699250134
 30
0.0
 11
-819653.9965809596
 21
-71476.22757511889
 31
0.0
  0
LINE
  5
65D
330
17
100
AcDbEntity
  8
KM Kolon Tarama
100
AcDbLine
 10
-819651.7868722683
 20
-71474.01786642766
 30
0.0
 11
-819647.3674548859
 21
-71469.59844904521
 31
0.0
  0
LINE
  5
65E
330
17
100
AcDbEntity
  8
KM Kolon Tarama
100
AcDbLine
 10
-819645.1577461947
 20
-71467.3887403541
 30
0.0
 11
-819640.7383288123
 21
-71462.96932297165
 31
0.0
  0
LINE
  5
65F
330
17
100
AcDbEntity
  8
KM Kolon Tarama
100
AcDbLine
 10
-819638.5286201211
 20
-71460.75961428043
 30
0.0
 11
-819634.1092027386
 21
-71456.34019689797
 31
0.0
  0
LINE
  5
660
330
17
100
AcDbEntity
  8
KM Kolon Tarama
100
AcDbLine
 10
-819631.8994940474
 20
-71454.13048820675
 30
0.0
 11
-819627.480076665
 21
-71449.71107082441
 31
0.0
  0
LINE
  5
661
330
17
100
AcDbEntity
  8
KM Kolon Tarama
100
AcDbLine
 10
-819625.2703679737
 20
-71447.50136213319
 30
0.0
 11
-819620.8509505915
 21
-71443.08194475072
 31
0.0
  0
LINE
  5
662
330
17
100
AcDbEntity
  8
KM Kolon Tarama
100
AcDbLine
 10
-819782.1596850493
 20
-71622.0683487386
 30
0.0
 11
-819777.7402676672
 21
-71617.64893135626
 31
0.0
  0
LINE
  5
663
330
17
100
AcDbEntity
  8
KM Kolon Tarama
100
AcDbLine
 10
-819775.5305589758
 20
-71615.43922266504
 30
0.0
 11
-819771.1111415934
 21
-71611.01980528259
 31
0.0
  0
LINE
  5
664
330
17
100
AcDbEntity
  8
KM Kolon Tarama
100
AcDbLine
 10
-819768.9014329023
 20
-71608.81009659136
 30
0.0
 11
-819764.4820155199
 21
-71604.39067920891
 31
0.0
  0
LINE
  5
665
330
17
100
AcDbEntity
  8
KM Kolon Tarama
100
AcDbLine
 10
-819762.2723068285
 20
-71602.18097051769
 30
0.0
 11
-819757.8528894464
 21
-71597.76155313535
 31
0.0
  0
LINE
  5
666
330
17
100
AcDbEntity
  8
KM Kolon Tarama
100
AcDbLine
 10
-819755.643180755
 20
-71595.55184444413
 30
0.0
 11
-819751.2237633725
 21
-71591.13242706168
 31
0.0
  0
LINE
  5
667
330
17
100
AcDbEntity
  8
KM Kolon Tarama
100
AcDbLine
 10
-819749.0140546815
 20
-71588.92271837045
 30
0.0
 11
-819744.594637299
 21
-71584.503300988
 31
0.0
  0
LINE
  5
668
330
17
100
AcDbEntity
  8
KM Kolon Tarama
100
AcDbLine
 10
-819742.384928608
 20
-71582.29359229689
 30
0.0
 11
-819742.2933150923
 21
-71582.20197878114
 31
0.0
  0
LINE
  5
669
330
17
100
AcDbEntity
  8
KM Kolon Tarama
100
AcDbLine
 10
-819660.5586869322
 20
-71500.46735062159
 30
0.0
 11
-819658.4159983417
 21
-71498.32466203102
 31
0.0
  0
LINE
  5
66A
330
17
100
AcDbEntity
  8
KM Kolon Tarama
100
AcDbLine
 10
-819656.2062896508
 20
-71496.1149533398
 30
0.0
 11
-819651.7868722683
 21
-71491.69553595735
 31
0.0
  0
LINE
  5
66B
330
17
100
AcDbEntity
  8
KM Kolon Tarama
100
AcDbLine
 10
-819649.5771635772
 20
-71489.48582726612
 30
0.0
 11
-819645.1577461947
 21
-71485.06640988367
 31
0.0
  0
LINE
  5
66C
330
17
100
AcDbEntity
  8
KM Kolon Tarama
100
AcDbLine
 10
-819642.9480375035
 20
-71482.85670119256
 30
0.0
 11
-819638.5286201211
 21
-71478.43728381011
 31
0.0
  0
LINE
  5
66D
330
17
100
AcDbEntity
  8
KM Kolon Tarama
100
AcDbLine
 10
-819636.3189114298
 20
-71476.22757511889
 30
0.0
 11
-819631.8994940474
 21
-71471.80815773644
 31
0.0
  0
LINE
  5
66E
330
17
100
AcDbEntity
  8
KM Kolon Tarama
100
AcDbLine
 10
-819629.6897853562
 20
-71469.59844904521
 30
0.0
 11
-819625.2703679737
 21
-71465.17903166288
 31
0.0
  0
LINE
  5
66F
330
17
100
AcDbEntity
  8
KM Kolon Tarama
100
AcDbLine
 10
-819623.0606592825
 20
-71462.96932297165
 30
0.0
 11
-819620.5564865277
 21
-71460.46515021671
 31
0.0
  0
LINE
  5
670
330
17
100
AcDbEntity
  8
KM Kolon Tarama
100
AcDbLine
 10
-819764.6159412268
 20
-71622.20227444544
 30
0.0
 11
-819762.2723068285
 21
-71619.85864004737
 31
0.0
  0
LINE
  5
671
330
17
100
AcDbEntity
  8
KM Kolon Tarama
100
AcDbLine
 10
-819760.0625981374
 20
-71617.64893135615
 30
0.0
 11
-819755.643180755
 21
-71613.2295139737
 31
0.0
  0
LINE
  5
672
330
17
100
AcDbEntity
  8
KM Kolon Tarama
100
AcDbLine
 10
-819753.4334720639
 20
-71611.01980528247
 30
0.0
 11
-819749.0140546815
 21
-71606.60038790014
 31
0.0
  0
LINE
  5
673
330
17
100
AcDbEntity
  8
KM Kolon Tarama
100
AcDbLine
 10
-819746.8043459904
 20
-71604.39067920891
 30
0.0
 11
-819742.384928608
 21
-71599.97126182646
 31
0.0
  0
LINE
  5
674
330
17
100
AcDbEntity
  8
KM Kolon Tarama
100
AcDbLine
 10
-819740.1752199166
 20
-71597.76155313523
 30
0.0
 11
-819735.7558025343
 21
-71593.3421357529
 31
0.0
  0
LINE
  5
675
330
17
100
AcDbEntity
  8
KM Kolon Tarama
100
AcDbLine
 10
-819733.5460938431
 20
-71591.13242706168
 30
0.0
 11
-819729.1266764606
 21
-71586.71300967922
 31
0.0
  0
LINE
  5
676
330
17
100
AcDbEntity
  8
KM Kolon Tarama
100
AcDbLine
 10
-819726.9169677694
 20
-71584.503300988
 30
0.0
 11
-819724.6154114179
 21
-71582.20174463652
 31
0.0
  0
LINE
  5
677
330
17
100
AcDbEntity
  8
KM Kolon Tarama
100
AcDbLine
 10
-819660.5583843125
 20
-71518.1447175314
 30
0.0
 11
-819656.2062896508
 21
-71513.79262286949
 31
0.0
  0
LINE
  5
678
330
17
100
AcDbEntity
  8
KM Kolon Tarama
100
AcDbLine
 10
-819653.9965809596
 20
-71511.58291417826
 30
0.0
 11
-819649.5771635772
 21
-71507.16349679581
 31
0.0
  0
LINE
  5
679
330
17
100
AcDbEntity
  8
KM Kolon Tarama
100
AcDbLine
 10
-819647.3674548859
 20
-71504.95378810458
 30
0.0
 11
-819642.9480375035
 21
-71500.53437072213
 31
0.0
  0
LINE
  5
67A
330
17
100
AcDbEntity
  8
KM Kolon Tarama
100
AcDbLine
 10
-819640.7383288123
 20
-71498.32466203102
 30
0.0
 11
-819636.3189114298
 21
-71493.90524464857
 31
0.0
  0
LINE
  5
67B
330
17
100
AcDbEntity
  8
KM Kolon Tarama
100
AcDbLine
 10
-819634.1092027386
 20
-71491.69553595735
 30
0.0
 11
-819629.6897853562
 21
-71487.2761185749
 31
0.0
  0
LINE
  5
67C
330
17
100
AcDbEntity
  8
KM Kolon Tarama
100
AcDbLine
 10
-819627.480076665
 20
-71485.06640988367
 30
0.0
 11
-819623.0606592825
 21
-71480.64699250134
 31
0.0
  0
LINE
  5
67D
330
17
100
AcDbEntity
  8
KM Kolon Tarama
100
AcDbLine
 10
-819620.8509505913
 20
-71478.43728381011
 30
0.0
 11
-819620.5566925739
 21
-71478.14302579255
 31
0.0
  0
LINE
  5
67E
330
17
100
AcDbEntity
  8
KM Kolon Tarama
100
AcDbLine
 10
-819746.9380375524
 20
-71622.20204030082
 30
0.0
 11
-819746.8043459904
 21
-71622.0683487386
 31
0.0
  0
LINE
  5
67F
330
17
100
AcDbEntity
  8
KM Kolon Tarama
100
AcDbLine
 10
-819744.594637299
 20
-71619.85864004737
 30
0.0
 11
-819740.1752199166
 21
-71615.43922266504
 31
0.0
  0
LINE
  5
680
330
17
100
AcDbEntity
  8
KM Kolon Tarama
100
AcDbLine
 10
-819737.9655112255
 20
-71613.22951397381
 30
0.0
 11
-819733.5460938431
 21
-71608.81009659136
 31
0.0
  0
LINE
  5
681
330
17
100
AcDbEntity
  8
KM Kolon Tarama
100
AcDbLine
 10
-819731.3363851517
 20
-71606.60038790014
 30
0.0
 11
-819726.9169677694
 21
-71602.18097051769
 31
0.0
  0
LINE
  5
682
330
17
100
AcDbEntity
  8
KM Kolon Tarama
100
AcDbLine
 10
-819724.7072590782
 20
-71599.97126182646
 30
0.0
 11
-819720.2878416957
 21
-71595.55184444413
 31
0.0
  0
LINE
  5
683
330
17
100
AcDbEntity
  8
KM Kolon Tarama
100
AcDbLine
 10
-819718.0781330045
 20
-71593.3421357529
 30
0.0
 11
-819713.658715622
 21
-71588.92271837045
 31
0.0
  0
LINE
  5
684
330
17
100
AcDbEntity
  8
KM Kolon Tarama
100
AcDbLine
 10
-819711.4490069308
 20
-71586.71300967922
 30
0.0
 11
-819707.0295895484
 21
-71582.29359229689
 31
0.0
  0
LINE
  5
685
330
17
100
AcDbEntity
  8
KM Kolon Tarama
100
AcDbLine
 10
-819658.4159983417
 20
-71533.68000109028
 30
0.0
 11
-819653.9965809596
 21
-71529.26058370795
 31
0.0
  0
LINE
  5
686
330
17
100
AcDbEntity
  8
KM Kolon Tarama
100
AcDbLine
 10
-819651.7868722683
 20
-71527.05087501672
 30
0.0
 11
-819647.3674548859
 21
-71522.63145763427
 31
0.0
  0
LINE
  5
687
330
17
100
AcDbEntity
  8
KM Kolon Tarama
100
AcDbLine
 10
-819645.1577461947
 20
-71520.42174894304
 30
0.0
 11
-819640.7383288123
 21
-71516.0023315606
 31
0.0
  0
LINE
  5
688
330
17
100
AcDbEntity
  8
KM Kolon Tarama
100
AcDbLine
 10
-819638.528620121
 20
-71513.79262286937
 30
0.0
 11
-819634.1092027386
 21
-71509.37320548703
 31
0.0
  0
LINE
  5
689
330
17
100
AcDbEntity
  8
KM Kolon Tarama
100
AcDbLine
 10
-819631.8994940474
 20
-71507.16349679581
 30
0.0
 11
-819627.480076665
 21
-71502.74407941336
 31
0.0
  0
LINE
  5
68A
330
17
100
AcDbEntity
  8
KM Kolon Tarama
100
AcDbLine
 10
-819625.2703679737
 20
-71500.53437072213
 30
0.0
 11
-819620.8509505913
 21
-71496.11495333968
 31
0.0
  0
LINE
  5
68B
330
17
100
AcDbEntity
  8
KM Kolon Tarama
100
AcDbLine
 10
-819729.1266764606
 20
-71622.0683487386
 30
0.0
 11
-819724.7072590782
 21
-71617.64893135615
 31
0.0
  0
LINE
  5
68C
330
17
100
AcDbEntity
  8
KM Kolon Tarama
100
AcDbLine
 10
-819722.4975503869
 20
-71615.43922266492
 30
0.0
 11
-819718.0781330045
 21
-71611.01980528259
 31
0.0
  0
LINE
  5
68D
330
17
100
AcDbEntity
  8
KM Kolon Tarama
100
AcDbLine
 10
-819715.8684243133
 20
-71608.81009659136
 30
0.0
 11
-819711.4490069308
 21
-71604.39067920891
 31
0.0
  0
LINE
  5
68E
330
17
100
AcDbEntity
  8
KM Kolon Tarama
100
AcDbLine
 10
-819709.2392982396
 20
-71602.18097051769
 30
0.0
 11
-819705.5571806778
 21
-71598.49885295588
 31
0.0
  0
LINE
  5
68F
330
17
100
AcDbEntity
  8
KM Kolon Tarama
100
AcDbLine
 10
-819642.9480375035
 20
-71535.8897097815
 30
0.0
 11
-819638.5286201211
 21
-71531.47029239906
 31
0.0
  0
LINE
  5
690
330
17
100
AcDbEntity
  8
KM Kolon Tarama
100
AcDbLine
 10
-819636.3189114298
 20
-71529.26058370795
 30
0.0
 11
-819631.8994940474
 21
-71524.8411663255
 31
0.0
  0
LINE
  5
691
330
17
100
AcDbEntity
  8
KM Kolon Tarama
100
AcDbLine
 10
-819629.6897853562
 20
-71522.63145763427
 30
0.0
 11
-819625.2703679737
 21
-71518.21204025182
 31
0.0
  0
LINE
  5
692
330
17
100
AcDbEntity
  8
KM Kolon Tarama
100
AcDbLine
 10
-819623.0606592825
 20
-71516.0023315606
 30
0.0
 11
-819620.5571046663
 21
-71513.49877694424
 31
0.0
  0
LINE
  5
693
330
17
100
AcDbEntity
  8
KM Kolon Tarama
100
AcDbLine
 10
-819711.5822302036
 20
-71622.20157201144
 30
0.0
 11
-819709.2392982396
 21
-71619.85864004737
 31
0.0
  0
LINE
  5
694
330
17
100
AcDbEntity
  8
KM Kolon Tarama
100
AcDbLine
 10
-819707.0295895484
 20
-71617.64893135615
 30
0.0
 11
-819705.5571806778
 21
-71616.17652248556
 31
0.0
  0
LINE
  5
695
330
17
100
AcDbEntity
  8
KM Kolon Tarama
100
AcDbLine
 10
-819626.5833424944
 20
-71537.20268430223
 30
0.0
 11
-819623.0606592825
 21
-71533.68000109028
 31
0.0
  0
LINE
  5
696
330
17
100
AcDbEntity
  8
KM Kolon Tarama
100
AcDbLine
 10
-819620.8509505913
 20
-71531.47029239906
 30
0.0
 11
-819620.5573107123
 21
-71531.1766525202
 31
0.0
  0
LINE
  5
697
330
17
100
AcDbEntity
  8
KM Kolon Tarama
100
AcDbLine
 10
-817492.553733145
 20
-71418.4274013344
 30
0.0
 11
-817488.4820635756
 21
-71414.35573176504
 31
0.0
  0
LINE
  5
698
330
17
100
AcDbEntity
  8
KM Kolon Tarama
100
AcDbLine
 10
-817486.2723548843
 20
-71412.14602307382
 30
0.0
 11
-817481.8529375022
 21
-71407.72660569148
 31
0.0
  0
LINE
  5
699
330
17
100
AcDbEntity
  8
KM Kolon Tarama
100
AcDbLine
 10
-817479.6432288107
 20
-71405.51689700026
 30
0.0
 11
-817477.3000745167
 21
-71403.17374270596
 31
0.0
  0
LINE
  5
69A
330
17
100
AcDbEntity
  8
KM Kolon Tarama
100
AcDbLine
 10
-817490.6917722671
 20
-71434.24310998595
 30
0.0
 11
-817486.2723548847
 21
-71429.8236926035
 31
0.0
  0
LINE
  5
69B
330
17
100
AcDbEntity
  8
KM Kolon Tarama
100
AcDbLine
 10
-817484.0626461932
 20
-71427.61398391228
 30
0.0
 11
-817479.6432288109
 21
-71423.19456652994
 31
0.0
  0
LINE
  5
69C
330
17
100
AcDbEntity
  8
KM Kolon Tarama
100
AcDbLine
 10
-817477.4335201198
 20
-71420.9848578387
 30
0.0
 11
-817473.0141027373
 21
-71416.56544045627
 31
0.0
  0
LINE
  5
69D
330
17
100
AcDbEntity
  8
KM Kolon Tarama
100
AcDbLine
 10
-817470.804394046
 20
-71414.35573176504
 30
0.0
 11
-817466.3849766636
 21
-71409.93631438258
 31
0.0
  0
LINE
  5
69E
330
17
100
AcDbEntity
  8
KM Kolon Tarama
100
AcDbLine
 10
-817464.1752679724
 20
-71407.72660569136
 30
0.0
 11
-817459.7558505901
 21
-71403.30718830903
 31
0.0
  0
LINE
  5
69F
330
17
100
AcDbEntity
  8
KM Kolon Tarama
100
AcDbLine
 10
-817492.5422020123
 20
-71453.77120926126
 30
0.0
 11
-817490.6917722668
 21
-71451.92077951564
 31
0.0
  0
LINE
  5
6A0
330
17
100
AcDbEntity
  8
KM Kolon Tarama
100
AcDbLine
 10
-817488.4820635756
 20
-71449.71107082441
 30
0.0
 11
-817484.0626461932
 21
-71445.29165344196
 31
0.0
  0
LINE
  5
6A1
330
17
100
AcDbEntity
  8
KM Kolon Tarama
100
AcDbLine
 10
-817481.8529375022
 20
-71443.08194475072
 30
0.0
 11
-817477.4335201198
 21
-71438.66252736827
 31
0.0
  0
LINE
  5
6A2
330
17
100
AcDbEntity
  8
KM Kolon Tarama
100
AcDbLine
 10
-817475.2238114283
 20
-71436.45281867706
 30
0.0
 11
-817470.804394046
 21
-71432.03340129471
 31
0.0
  0
LINE
  5
6A3
330
17
100
AcDbEntity
  8
KM Kolon Tarama
100
AcDbLine
 10
-817468.5946853549
 20
-71429.8236926035
 30
0.0
 11
-817464.1752679724
 21
-71425.40427522105
 31
0.0
  0
LINE
  5
6A4
330
17
100
AcDbEntity
  8
KM Kolon Tarama
100
AcDbLine
 10
-817461.9655592811
 20
-71423.19456652983
 30
0.0
 11
-817457.5461418987
 21
-71418.77514914738
 31
0.0
  0
LINE
  5
6A5
330
17
100
AcDbEntity
  8
KM Kolon Tarama
100
AcDbLine
 10
-817455.3364332075
 20
-71416.56544045627
 30
0.0
 11
-817452.5282303127
 21
-71413.7572375614
 31
0.0
  0
LINE
  5
6A6
330
17
100
AcDbEntity
  8
KM Kolon Tarama
100
AcDbLine
 10
-817492.5364364462
 20
-71471.44311322468
 30
0.0
 11
-817488.4820635756
 21
-71467.3887403541
 31
0.0
  0
LINE
  5
6A7
330
17
100
AcDbEntity
  8
KM Kolon Tarama
100
AcDbLine
 10
-817486.2723548843
 20
-71465.17903166288
 30
0.0
 11
-817481.8529375022
 21
-71460.75961428043
 31
0.0
  0
LINE
  5
6A8
330
17
100
AcDbEntity
  8
KM Kolon Tarama
100
AcDbLine
 10
-817479.6432288107
 20
-71458.5499055892
 30
0.0
 11
-817475.2238114283
 21
-71454.13048820675
 31
0.0
  0
LINE
  5
6A9
330
17
100
AcDbEntity
  8
KM Kolon Tarama
100
AcDbLine
 10
-817473.0141027373
 20
-71451.92077951564
 30
0.0
 11
-817468.5946853549
 21
-71447.50136213319
 31
0.0
  0
LINE
  5
6AA
330
17
100
AcDbEntity
  8
KM Kolon Tarama
100
AcDbLine
 10
-817466.3849766636
 20
-71445.29165344196
 30
0.0
 11
-817461.9655592811
 21
-71440.87223605951
 31
0.0
  0
LINE
  5
6AB
330
17
100
AcDbEntity
  8
KM Kolon Tarama
100
AcDbLine
 10
-817459.7558505901
 20
-71438.66252736827
 30
0.0
 11
-817455.3364332076
 21
-71434.24310998595
 31
0.0
  0
LINE
  5
6AC
330
17
100
AcDbEntity
  8
KM Kolon Tarama
100
AcDbLine
 10
-817453.1267245162
 20
-71432.03340129471
 30
0.0
 11
-817452.5282303127
 21
-71431.4349070912
 31
0.0
  0
LINE
  5
6AD
330
17
100
AcDbEntity
  8
KM Kolon Tarama
100
AcDbLine
 10
-817490.6917722671
 20
-71487.2761185749
 30
0.0
 11
-817486.2723548847
 21
-71482.85670119256
 31
0.0
  0
LINE
  5
6AE
330
17
100
AcDbEntity
  8
KM Kolon Tarama
100
AcDbLine
 10
-817484.0626461932
 20
-71480.64699250134
 30
0.0
 11
-817479.6432288109
 21
-71476.22757511889
 31
0.0
  0
LINE
  5
6AF
330
17
100
AcDbEntity
  8
KM Kolon Tarama
100
AcDbLine
 10
-817477.4335201198
 20
-71474.01786642766
 30
0.0
 11
-817473.0141027373
 21
-71469.59844904521
 31
0.0
  0
LINE
  5
6B0
330
17
100
AcDbEntity
  8
KM Kolon Tarama
100
AcDbLine
 10
-817470.804394046
 20
-71467.38874035398
 30
0.0
 11
-817466.3849766636
 21
-71462.96932297165
 31
0.0
  0
LINE
  5
6B1
330
17
100
AcDbEntity
  8
KM Kolon Tarama
100
AcDbLine
 10
-817464.1752679724
 20
-71460.75961428043
 30
0.0
 11
-817459.7558505901
 21
-71456.34019689797
 31
0.0
  0
LINE
  5
6B2
330
17
100
AcDbEntity
  8
KM Kolon Tarama
100
AcDbLine
 10
-817457.5461418987
 20
-71454.13048820675
 30
0.0
 11
-817453.1267245162
 21
-71449.71107082428
 31
0.0
  0
LINE
  5
6B3
330
17
100
AcDbEntity
  8
KM Kolon Tarama
100
AcDbLine
 10
-817481.8529375022
 20
-71496.1149533398
 30
0.0
 11
-817477.4335201198
 21
-71491.69553595735
 31
0.0
  0
LINE
  5
6B4
330
17
100
AcDbEntity
  8
KM Kolon Tarama
100
AcDbLine
 10
-817475.2238114283
 20
-71489.48582726612
 30
0.0
 11
-817470.804394046
 21
-71485.06640988379
 31
0.0
  0
LINE
  5
6B5
330
17
100
AcDbEntity
  8
KM Kolon Tarama
100
AcDbLine
 10
-817468.5946853549
 20
-71482.85670119256
 30
0.0
 11
-817464.1752679724
 21
-71478.43728381011
 31
0.0
  0
LINE
  5
6B6
330
17
100
AcDbEntity
  8
KM Kolon Tarama
100
AcDbLine
 10
-817461.9655592811
 20
-71476.22757511889
 30
0.0
 11
-817457.5461418987
 21
-71471.80815773644
 31
0.0
  0
LINE
  5
6B7
330
17
100
AcDbEntity
  8
KM Kolon Tarama
100
AcDbLine
 10
-817455.3364332076
 20
-71469.59844904521
 30
0.0
 11
-817452.5282303127
 21
-71466.79024615057
 31
0.0
  0
LINE
  5
6B8
330
17
100
AcDbEntity
  8
KM Kolon Tarama
100
AcDbLine
 10
-817466.2343243673
 20
-71498.17400973476
 30
0.0
 11
-817461.9655592811
 21
-71493.90524464857
 31
0.0
  0
LINE
  5
6B9
330
17
100
AcDbEntity
  8
KM Kolon Tarama
100
AcDbLine
 10
-817459.7558505901
 20
-71491.69553595746
 30
0.0
 11
-817455.3364332076
 21
-71487.27611857501
 31
0.0
  0
LINE
  5
6BA
330
17
100
AcDbEntity
  8
KM Kolon Tarama
100
AcDbLine
 10
-817453.1267245162
 20
-71485.06640988379
 30
0.0
 11
-817452.5282303127
 21
-71484.46791568026
 31
0.0
  0
LINE
  5
6BB
330
17
100
AcDbEntity
  8
KM Kolon Tarama
100
AcDbLine
 10
-817490.6917722671
 20
-71646.37514434196
 30
0.0
 11
-817486.2723548847
 21
-71641.95572695951
 31
0.0
  0
LINE
  5
6BC
330
17
100
AcDbEntity
  8
KM Kolon Tarama
100
AcDbLine
 10
-817484.0626461932
 20
-71639.74601826828
 30
0.0
 11
-817482.4924114941
 21
-71638.17578356911
 31
0.0
  0
LINE
  5
6BD
330
17
100
AcDbEntity
  8
KM Kolon Tarama
100
AcDbLine
 10
-817402.5258938106
 20
-71558.20926588574
 30
0.0
 11
-817400.0937159274
 21
-71555.77708800242
 31
0.0
  0
LINE
  5
6BE
330
17
100
AcDbEntity
  8
KM Kolon Tarama
100
AcDbLine
 10
-817397.884007236
 20
-71553.5673793112
 30
0.0
 11
-817393.4645898535
 21
-71549.14796192874
 31
0.0
  0
LINE
  5
6BF
330
17
100
AcDbEntity
  8
KM Kolon Tarama
100
AcDbLine
 10
-817492.5330847793
 20
-71665.89412638394
 30
0.0
 11
-817490.6917722671
 21
-71664.05281387165
 31
0.0
  0
LINE
  5
6C0
330
17
100
AcDbEntity
  8
KM Kolon Tarama
100
AcDbLine
 10
-817488.4820635756
 20
-71661.84310518042
 30
0.0
 11
-817484.0626461932
 21
-71657.42368779797
 31
0.0
  0
LINE
  5
6C1
330
17
100
AcDbEntity
  8
KM Kolon Tarama
100
AcDbLine
 10
-817481.8529375022
 20
-71655.21397910675
 30
0.0
 11
-817477.4335201198
 21
-71650.7945617243
 31
0.0
  0
LINE
  5
6C2
330
17
100
AcDbEntity
  8
KM Kolon Tarama
100
AcDbLine
 10
-817475.2238114283
 20
-71648.58485303307
 30
0.0
 11
-817470.804394046
 21
-71644.16543565074
 31
0.0
  0
LINE
  5
6C3
330
17
100
AcDbEntity
  8
KM Kolon Tarama
100
AcDbLine
 10
-817468.5946853549
 20
-71641.95572695951
 30
0.0
 11
-817464.8147419643
 21
-71638.17578356888
 31
0.0
  0
LINE
  5
6C4
330
17
100
AcDbEntity
  8
KM Kolon Tarama
100
AcDbLine
 10
-817402.3034246184
 20
-71575.66446622321
 30
0.0
 11
-817397.8840072363
 21
-71571.24504884086
 31
0.0
  0
LINE
  5
6C5
330
17
100
AcDbEntity
  8
KM Kolon Tarama
100
AcDbLine
 10
-817395.6742985449
 20
-71569.03534014965
 30
0.0
 11
-817391.2548811625
 21
-71564.6159227672
 31
0.0
  0
LINE
  5
6C6
330
17
100
AcDbEntity
  8
KM Kolon Tarama
100
AcDbLine
 10
-817389.0451724714
 20
-71562.40621407596
 30
0.0
 11
-817384.625755089
 21
-71557.98679669353
 31
0.0
  0
LINE
  5
6C7
330
17
100
AcDbEntity
  8
KM Kolon Tarama
100
AcDbLine
 10
-817382.4160463976
 20
-71555.77708800242
 30
0.0
 11
-817377.9966290153
 21
-71551.35767061997
 31
0.0
  0
LINE
  5
6C8
330
17
100
AcDbEntity
  8
KM Kolon Tarama
100
AcDbLine
 10
-817375.7869203242
 20
-71549.14796192874
 30
0.0
 11
-817374.8141125392
 21
-71548.17515414381
 31
0.0
  0
LINE
  5
6C9
330
17
100
AcDbEntity
  8
KM Kolon Tarama
100
AcDbLine
 10
-817492.5365098671
 20
-71683.57522100152
 30
0.0
 11
-817488.4820635756
 21
-71679.52077470999
 31
0.0
  0
LINE
  5
6CA
330
17
100
AcDbEntity
  8
KM Kolon Tarama
100
AcDbLine
 10
-817486.2723548843
 20
-71677.31106601877
 30
0.0
 11
-817481.8529375022
 21
-71672.89164863632
 31
0.0
  0
LINE
  5
6CB
330
17
100
AcDbEntity
  8
KM Kolon Tarama
100
AcDbLine
 10
-817479.6432288107
 20
-71670.6819399452
 30
0.0
 11
-817475.2238114283
 21
-71666.26252256276
 31
0.0
  0
LINE
  5
6CC
330
17
100
AcDbEntity
  8
KM Kolon Tarama
100
AcDbLine
 10
-817473.0141027373
 20
-71664.05281387153
 30
0.0
 11
-817468.5946853549
 21
-71659.63339648908
 31
0.0
  0
LINE
  5
6CD
330
17
100
AcDbEntity
  8
KM Kolon Tarama
100
AcDbLine
 10
-817466.3849766636
 20
-71657.42368779785
 30
0.0
 11
-817461.9655592811
 21
-71653.00427041552
 31
0.0
  0
LINE
  5
6CE
330
17
100
AcDbEntity
  8
KM Kolon Tarama
100
AcDbLine
 10
-817459.7558505901
 20
-71650.7945617243
 30
0.0
 11
-817455.3364332076
 21
-71646.37514434184
 31
0.0
  0
LINE
  5
6CF
330
17
100
AcDbEntity
  8
KM Kolon Tarama
100
AcDbLine
 10
-817453.1267245162
 20
-71644.16543565062
 30
0.0
 11
-817452.5292346791
 21
-71643.56794581353
 31
0.0
  0
LINE
  5
6D0
330
17
100
AcDbEntity
  8
KM Kolon Tarama
100
AcDbLine
 10
-817217.5286413165
 20
-71408.56735245057
 30
0.0
 11
-817216.6878945569
 21
-71407.72660569136
 31
0.0
  0
LINE
  5
6D1
330
17
100
AcDbEntity
  8
KM Kolon Tarama
100
AcDbLine
 10
-817214.4781858659
 20
-71405.51689700013
 30
0.0
 11
-817212.1350315714
 21
-71403.17374270583
 31
0.0
  0
LINE
  5
6D2
330
17
100
AcDbEntity
  8
KM Kolon Tarama
100
AcDbLine
 10
-817397.1359280255
 20
-71588.17463915981
 30
0.0
 11
-817395.6742985449
 21
-71586.71300967922
 31
0.0
  0
LINE
  5
6D3
330
17
100
AcDbEntity
  8
KM Kolon Tarama
100
AcDbLine
 10
-817393.4645898535
 20
-71584.503300988
 30
0.0
 11
-817389.0451724714
 21
-71580.08388360566
 31
0.0
  0
LINE
  5
6D4
330
17
100
AcDbEntity
  8
KM Kolon Tarama
100
AcDbLine
 10
-817386.83546378
 20
-71577.87417491442
 30
0.0
 11
-817382.4160463976
 21
-71573.45475753197
 31
0.0
  0
LINE
  5
6D5
330
17
100
AcDbEntity
  8
KM Kolon Tarama
100
AcDbLine
 10
-817380.2063377065
 20
-71571.24504884076
 30
0.0
 11
-817375.7869203241
 21
-71566.82563145841
 31
0.0
  0
LINE
  5
6D6
330
17
100
AcDbEntity
  8
KM Kolon Tarama
100
AcDbLine
 10
-817373.5772116327
 20
-71564.6159227672
 30
0.0
 11
-817369.1577942504
 21
-71560.19650538475
 31
0.0
  0
LINE
  5
6D7
330
17
100
AcDbEntity
  8
KM Kolon Tarama
100
AcDbLine
 10
-817366.9480855593
 20
-71557.98679669353
 30
0.0
 11
-817362.5286681768
 21
-71553.56737931108
 31
0.0
  0
LINE
  5
6D8
330
17
100
AcDbEntity
  8
KM Kolon Tarama
100
AcDbLine
 10
-817360.3189594855
 20
-71551.35767061985
 30
0.0
 11
-817357.1364430095
 21
-71548.17515414394
 31
0.0
  0
LINE
  5
6D9
330
17
100
AcDbEntity
  8
KM Kolon Tarama
100
AcDbLine
 10
-817490.6917722671
 20
-71699.4081529309
 30
0.0
 11
-817486.2723548847
 21
-71694.98873554845
 31
0.0
  0
LINE
  5
6DA
330
17
100
AcDbEntity
  8
KM Kolon Tarama
100
AcDbLine
 10
-817484.0626461932
 20
-71692.77902685721
 30
0.0
 11
-817479.6432288109
 21
-71688.3596094749
 31
0.0
  0
LINE
  5
6DB
330
17
100
AcDbEntity
  8
KM Kolon Tarama
100
AcDbLine
 10
-817477.4335201198
 20
-71686.14990078367
 30
0.0
 11
-817473.0141027373
 21
-71681.73048340122
 31
0.0
  0
LINE
  5
6DC
330
17
100
AcDbEntity
  8
KM Kolon Tarama
100
AcDbLine
 10
-817470.804394046
 20
-71679.52077470999
 30
0.0
 11
-817466.3849766636
 21
-71675.10135732754
 31
0.0
  0
LINE
  5
6DD
330
17
100
AcDbEntity
  8
KM Kolon Tarama
100
AcDbLine
 10
-817464.1752679724
 20
-71672.89164863632
 30
0.0
 11
-817459.7558505901
 21
-71668.47223125398
 31
0.0
  0
LINE
  5
6DE
330
17
100
AcDbEntity
  8
KM Kolon Tarama
100
AcDbLine
 10
-817457.5461418987
 20
-71666.26252256276
 30
0.0
 11
-817453.1267245162
 21
-71661.8431051803
 31
0.0
  0
LINE
  5
6DF
330
17
100
AcDbEntity
  8
KM Kolon Tarama
100
AcDbLine
 10
-817217.5288631439
 20
-71426.24524380802
 30
0.0
 11
-817214.4781858659
 21
-71423.19456652994
 31
0.0
  0
LINE
  5
6E0
330
17
100
AcDbEntity
  8
KM Kolon Tarama
100
AcDbLine
 10
-817212.2684771748
 20
-71420.9848578387
 30
0.0
 11
-817207.8490597924
 21
-71416.56544045627
 31
0.0
  0
LINE
  5
6E1
330
17
100
AcDbEntity
  8
KM Kolon Tarama
100
AcDbLine
 10
-817205.6393511009
 20
-71414.35573176504
 30
0.0
 11
-817201.2199337187
 21
-71409.9363143827
 31
0.0
  0
LINE
  5
6E2
330
17
100
AcDbEntity
  8
KM Kolon Tarama
100
AcDbLine
 10
-817199.0102250275
 20
-71407.72660569148
 30
0.0
 11
-817194.590807645
 21
-71403.30718830903
 31
0.0
  0
LINE
  5
6E3
330
17
100
AcDbEntity
  8
KM Kolon Tarama
100
AcDbLine
 10
-817377.9966290153
 20
-71586.71300967922
 30
0.0
 11
-817373.5772116327
 21
-71582.29359229689
 31
0.0
  0
LINE
  5
6E4
330
17
100
AcDbEntity
  8
KM Kolon Tarama
100
AcDbLine
 10
-817371.3675029416
 20
-71580.08388360566
 30
0.0
 11
-817366.9480855593
 21
-71575.66446622321
 31
0.0
  0
LINE
  5
6E5
330
17
100
AcDbEntity
  8
KM Kolon Tarama
100
AcDbLine
 10
-817364.738376868
 20
-71573.45475753197
 30
0.0
 11
-817360.3189594855
 21
-71569.03534014952
 31
0.0
  0
LINE
  5
6E6
330
17
100
AcDbEntity
  8
KM Kolon Tarama
100
AcDbLine
 10
-817358.1092507944
 20
-71566.82563145841
 30
0.0
 11
-817353.689833412
 21
-71562.40621407596
 31
0.0
  0
LINE
  5
6E7
330
17
100
AcDbEntity
  8
KM Kolon Tarama
100
AcDbLine
 10
-817351.4801247206
 20
-71560.19650538475
 30
0.0
 11
-817347.0607073383
 21
-71555.7770880023
 31
0.0
  0
LINE
  5
6E8
330
17
100
AcDbEntity
  8
KM Kolon Tarama
100
AcDbLine
 10
-817344.850998647
 20
-71553.56737931108
 30
0.0
 11
-817340.4315812646
 21
-71549.14796192863
 31
0.0
  0
LINE
  5
6E9
330
17
100
AcDbEntity
  8
KM Kolon Tarama
100
AcDbLine
 10
-817492.5433600432
 20
-71718.93741023692
 30
0.0
 11
-817490.6917722671
 21
-71717.08582246059
 31
0.0
  0
LINE
  5
6EA
330
17
100
AcDbEntity
  8
KM Kolon Tarama
100
AcDbLine
 10
-817488.4820635756
 20
-71714.87611376937
 30
0.0
 11
-817484.0626461932
 21
-71710.45669638691
 31
0.0
  0
LINE
  5
6EB
330
17
100
AcDbEntity
  8
KM Kolon Tarama
100
AcDbLine
 10
-817481.8529375022
 20
-71708.24698769567
 30
0.0
 11
-817477.4335201198
 21
-71703.82757031322
 31
0.0
  0
LINE
  5
6EC
330
17
100
AcDbEntity
  8
KM Kolon Tarama
100
AcDbLine
 10
-817475.2238114283
 20
-71701.61786162212
 30
0.0
 11
-817470.804394046
 21
-71697.19844423966
 31
0.0
  0
LINE
  5
6ED
330
17
100
AcDbEntity
  8
KM Kolon Tarama
100
AcDbLine
 10
-817468.5946853549
 20
-71694.98873554845
 30
0.0
 11
-817464.1752679724
 21
-71690.569318166
 31
0.0
  0
LINE
  5
6EE
330
17
100
AcDbEntity
  8
KM Kolon Tarama
100
AcDbLine
 10
-817461.9655592811
 20
-71688.35960947478
 30
0.0
 11
-817457.5461418987
 21
-71683.94019209244
 31
0.0
  0
LINE
  5
6EF
330
17
100
AcDbEntity
  8
KM Kolon Tarama
100
AcDbLine
 10
-817455.3364332076
 20
-71681.73048340122
 30
0.0
 11
-817452.535821338
 21
-71678.92987153155
 31
0.0
  0
LINE
  5
6F0
330
17
100
AcDbEntity
  8
KM Kolon Tarama
100
AcDbLine
 10
-817216.6878945573
 20
-71443.08194475072
 30
0.0
 11
-817212.2684771748
 21
-71438.6625273684
 31
0.0
  0
LINE
  5
6F1
330
17
100
AcDbEntity
  8
KM Kolon Tarama
100
AcDbLine
 10
-817210.0587684836
 20
-71436.45281867716
 30
0.0
 11
-817205.6393511011
 21
-71432.03340129471
 31
0.0
  0
LINE
  5
6F2
330
17
100
AcDbEntity
  8
KM Kolon Tarama
100
AcDbLine
 10
-817203.4296424099
 20
-71429.8236926035
 30
0.0
 11
-817199.0102250275
 21
-71425.40427522105
 31
0.0
  0
LINE
  5
6F3
330
17
100
AcDbEntity
  8
KM Kolon Tarama
100
AcDbLine
 10
-817196.8005163362
 20
-71423.19456652983
 30
0.0
 11
-817192.3810989538
 21
-71418.77514914749
 31
0.0
  0
LINE
  5
6F4
330
17
100
AcDbEntity
  8
KM Kolon Tarama
100
AcDbLine
 10
-817190.1713902625
 20
-71416.56544045627
 30
0.0
 11
-817185.7519728801
 21
-71412.14602307382
 31
0.0
  0
LINE
  5
6F5
330
17
100
AcDbEntity
  8
KM Kolon Tarama
100
AcDbLine
 10
-817183.5422641889
 20
-71409.93631438258
 30
0.0
 11
-817179.1228468067
 21
-71405.51689700026
 31
0.0
  0
LINE
  5
6F6
330
17
100
AcDbEntity
  8
KM Kolon Tarama
100
AcDbLine
 10
-817361.780588966
 20
-71588.17463915981
 30
0.0
 11
-817358.1092507944
 21
-71584.50330098812
 31
0.0
  0
LINE
  5
6F7
330
17
100
AcDbEntity
  8
KM Kolon Tarama
100
AcDbLine
 10
-817355.899542103
 20
-71582.29359229689
 30
0.0
 11
-817351.4801247206
 21
-71577.87417491442
 31
0.0
  0
LINE
  5
6F8
330
17
100
AcDbEntity
  8
KM Kolon Tarama
100
AcDbLine
 10
-817349.2704160295
 20
-71575.66446622321
 30
0.0
 11
-817344.850998647
 21
-71571.24504884076
 31
0.0
  0
LINE
  5
6F9
330
17
100
AcDbEntity
  8
KM Kolon Tarama
100
AcDbLine
 10
-817342.6412899559
 20
-71569.03534014952
 30
0.0
 11
-817338.2218725734
 21
-71564.6159227672
 31
0.0
  0
LINE
  5
6FA
330
17
100
AcDbEntity
  8
KM Kolon Tarama
100
AcDbLine
 10
-817336.0121638824
 20
-71562.40621407596
 30
0.0
 11
-817331.5927464999
 21
-71557.98679669353
 31
0.0
  0
LINE
  5
6FB
330
17
100
AcDbEntity
  8
KM Kolon Tarama
100
AcDbLine
 10
-817329.3830378085
 20
-71555.7770880023
 30
0.0
 11
-817324.9636204264
 21
-71551.35767061997
 31
0.0
  0
LINE
  5
6FC
330
17
100
AcDbEntity
  8
KM Kolon Tarama
100
AcDbLine
 10
-817322.753911735
 20
-71549.14796192874
 30
0.0
 11
-817321.7811039503
 21
-71548.17515414394
 31
0.0
  0
LINE
  5
6FD
330
17
100
AcDbEntity
  8
KM Kolon Tarama
100
AcDbLine
 10
-817492.5467851311
 20
-71736.6185048545
 30
0.0
 11
-817488.4820635756
 21
-71732.55378329905
 31
0.0
  0
LINE
  5
6FE
330
17
100
AcDbEntity
  8
KM Kolon Tarama
100
AcDbLine
 10
-817486.2723548843
 20
-71730.34407460783
 30
0.0
 11
-817481.8529375022
 21
-71725.92465722538
 31
0.0
  0
LINE
  5
6FF
330
17
100
AcDbEntity
  8
KM Kolon Tarama
100
AcDbLine
 10
-817479.6432288107
 20
-71723.71494853415
 30
0.0
 11
-817475.2238114283
 21
-71719.2955311517
 31
0.0
  0
LINE
  5
700
330
17
100
AcDbEntity
  8
KM Kolon Tarama
100
AcDbLine
 10
-817473.0141027373
 20
-71717.08582246059
 30
0.0
 11
-817468.5946853549
 21
-71712.66640507814
 31
0.0
  0
LINE
  5
701
330
17
100
AcDbEntity
  8
KM Kolon Tarama
100
AcDbLine
 10
-817466.3849766636
 20
-71710.45669638691
 30
0.0
 11
-817461.9655592811
 21
-71706.03727900446
 31
0.0
  0
LINE
  5
702
330
17
100
AcDbEntity
  8
KM Kolon Tarama
100
AcDbLine
 10
-817459.7558505901
 20
-71703.82757031322
 30
0.0
 11
-817455.3364332076
 21
-71699.4081529309
 31
0.0
  0
LINE
  5
703
330
17
100
AcDbEntity
  8
KM Kolon Tarama
100
AcDbLine
 10
-817453.1267245162
 20
-71697.19844423966
 30
0.0
 11
-817452.5391146671
 21
-71696.6108343905
 31
0.0
  0
LINE
  5
704
330
17
100
AcDbEntity
  8
KM Kolon Tarama
100
AcDbLine
 10
-817087.5272671016
 20
-71331.59898682497
 30
0.0
 11
-817084.1053730844
 21
-71328.17709280795
 31
0.0
  0
LINE
  5
705
330
17
100
AcDbEntity
  8
KM Kolon Tarama
100
AcDbLine
 10
-817081.8956643934
 20
-71325.96738411672
 30
0.0
 11
-817079.1018608579
 21
-71323.17358058132
 31
0.0
  0
LINE
  5
706
330
17
100
AcDbEntity
  8
KM Kolon Tarama
100
AcDbLine
 10
-817344.1029194362
 20
-71588.17463915981
 30
0.0
 11
-817342.6412899559
 21
-71586.71300967934
 31
0.0
  0
LINE
  5
707
330
17
100
AcDbEntity
  8
KM Kolon Tarama
100
AcDbLine
 10
-817340.4315812646
 20
-71584.50330098812
 30
0.0
 11
-817336.0121638824
 21
-71580.08388360566
 31
0.0
  0
LINE
  5
708
330
17
100
AcDbEntity
  8
KM Kolon Tarama
100
AcDbLine
 10
-817333.802455191
 20
-71577.87417491442
 30
0.0
 11
-817329.3830378085
 21
-71573.45475753197
 31
0.0
  0
LINE
  5
709
330
17
100
AcDbEntity
  8
KM Kolon Tarama
100
AcDbLine
 10
-817327.1733291175
 20
-71571.24504884076
 30
0.0
 11
-817322.753911735
 21
-71566.82563145841
 31
0.0
  0
LINE
  5
70A
330
17
100
AcDbEntity
  8
KM Kolon Tarama
100
AcDbLine
 10
-817320.5442030436
 20
-71564.6159227672
 30
0.0
 11
-817316.1247856615
 21
-71560.19650538475
 31
0.0
  0
LINE
  5
70B
330
17
100
AcDbEntity
  8
KM Kolon Tarama
100
AcDbLine
 10
-817313.9150769701
 20
-71557.98679669353
 30
0.0
 11
-817309.4956595877
 21
-71553.56737931108
 31
0.0
  0
LINE
  5
70C
330
17
100
AcDbEntity
  8
KM Kolon Tarama
100
AcDbLine
 10
-817307.2859508966
 20
-71551.35767061997
 30
0.0
 11
-817304.1034344205
 21
-71548.17515414381
 31
0.0
  0
LINE
  5
70D
330
17
100
AcDbEntity
  8
KM Kolon Tarama
100
AcDbLine
 10
-817217.5293067992
 20
-71461.60102652258
 30
0.0
 11
-817216.6878945569
 21
-71460.75961428043
 31
0.0
  0
LINE
  5
70E
330
17
100
AcDbEntity
  8
KM Kolon Tarama
100
AcDbLine
 10
-817214.4781858659
 20
-71458.5499055892
 30
0.0
 11
-817210.0587684833
 21
-71454.13048820675
 31
0.0
  0
LINE
  5
70F
330
17
100
AcDbEntity
  8
KM Kolon Tarama
100
AcDbLine
 10
-817207.8490597924
 20
-71451.92077951564
 30
0.0
 11
-817203.4296424099
 21
-71447.50136213319
 31
0.0
  0
LINE
  5
710
330
17
100
AcDbEntity
  8
KM Kolon Tarama
100
AcDbLine
 10
-817201.2199337187
 20
-71445.29165344196
 30
0.0
 11
-817196.8005163362
 21
-71440.87223605951
 31
0.0
  0
LINE
  5
711
330
17
100
AcDbEntity
  8
KM Kolon Tarama
100
AcDbLine
 10
-817194.590807645
 20
-71438.66252736827
 30
0.0
 11
-817190.1713902625
 21
-71434.24310998584
 31
0.0
  0
LINE
  5
712
330
17
100
AcDbEntity
  8
KM Kolon Tarama
100
AcDbLine
 10
-817187.9616815713
 20
-71432.03340129471
 30
0.0
 11
-817183.5422641889
 21
-71427.61398391228
 31
0.0
  0
LINE
  5
713
330
17
100
AcDbEntity
  8
KM Kolon Tarama
100
AcDbLine
 10
-817181.3325554976
 20
-71425.40427522105
 30
0.0
 11
-817177.5288573938
 21
-71421.60057711741
 31
0.0
  0
LINE
  5
714
330
17
100
AcDbEntity
  8
KM Kolon Tarama
100
AcDbLine
 10
-817490.6917722668
 20
-71752.44116151996
 30
0.0
 11
-817486.2723548843
 21
-71748.02174413751
 31
0.0
  0
LINE
  5
715
330
17
100
AcDbEntity
  8
KM Kolon Tarama
100
AcDbLine
 10
-817484.0626461932
 20
-71745.81203544629
 30
0.0
 11
-817479.6432288107
 21
-71741.39261806382
 31
0.0
  0
LINE
  5
716
330
17
100
AcDbEntity
  8
KM Kolon Tarama
100
AcDbLine
 10
-817477.4335201198
 20
-71739.18290937261
 30
0.0
 11
-817473.0141027373
 21
-71734.76349199016
 31
0.0
  0
LINE
  5
717
330
17
100
AcDbEntity
  8
KM Kolon Tarama
100
AcDbLine
 10
-817470.804394046
 20
-71732.55378329905
 30
0.0
 11
-817466.3849766636
 21
-71728.1343659166
 31
0.0
  0
LINE
  5
718
330
17
100
AcDbEntity
  8
KM Kolon Tarama
100
AcDbLine
 10
-817464.1752679724
 20
-71725.92465722538
 30
0.0
 11
-817459.7558505901
 21
-71721.50523984293
 31
0.0
  0
LINE
  5
719
330
17
100
AcDbEntity
  8
KM Kolon Tarama
100
AcDbLine
 10
-817457.5461418987
 20
-71719.2955311517
 30
0.0
 11
-817453.1267245162
 21
-71714.87611376937
 31
0.0
  0
LINE
  5
71A
330
17
100
AcDbEntity
  8
KM Kolon Tarama
100
AcDbLine
 10
-817086.3150817758
 20
-71348.06447102886
 30
0.0
 11
-817081.8956643934
 21
-71343.64505364641
 31
0.0
  0
LINE
  5
71B
330
17
100
AcDbEntity
  8
KM Kolon Tarama
100
AcDbLine
 10
-817079.685955702
 20
-71341.43534495519
 30
0.0
 11
-817075.2665383199
 21
-71337.01592757285
 31
0.0
  0
LINE
  5
71C
330
17
100
AcDbEntity
  8
KM Kolon Tarama
100
AcDbLine
 10
-817073.0568296285
 20
-71334.80621888163
 30
0.0
 11
-817068.637412246
 21
-71330.38680149917
 31
0.0
  0
LINE
  5
71D
330
17
100
AcDbEntity
  8
KM Kolon Tarama
100
AcDbLine
 10
-817066.427703555
 20
-71328.17709280795
 30
0.0
 11
-817062.0082861725
 21
-71323.7576754255
 31
0.0
  0
LINE
  5
71E
330
17
100
AcDbEntity
  8
KM Kolon Tarama
100
AcDbLine
 10
-817324.9636204261
 20
-71586.71300967934
 30
0.0
 11
-817320.5442030436
 21
-71582.29359229689
 31
0.0
  0
LINE
  5
71F
330
17
100
AcDbEntity
  8
KM Kolon Tarama
100
AcDbLine
 10
-817318.3344943526
 20
-71580.08388360566
 30
0.0
 11
-817313.9150769701
 21
-71575.66446622321
 31
0.0
  0
LINE
  5
720
330
17
100
AcDbEntity
  8
KM Kolon Tarama
100
AcDbLine
 10
-817311.7053682791
 20
-71573.45475753197
 30
0.0
 11
-817307.2859508966
 21
-71569.03534014952
 31
0.0
  0
LINE
  5
721
330
17
100
AcDbEntity
  8
KM Kolon Tarama
100
AcDbLine
 10
-817305.0762422056
 20
-71566.82563145841
 30
0.0
 11
-817300.6568248231
 21
-71562.40621407596
 31
0.0
  0
LINE
  5
722
330
17
100
AcDbEntity
  8
KM Kolon Tarama
100
AcDbLine
 10
-817298.4471161317
 20
-71560.19650538475
 30
0.0
 11
-817294.0276987494
 21
-71555.7770880023
 31
0.0
  0
LINE
  5
723
330
17
100
AcDbEntity
  8
KM Kolon Tarama
100
AcDbLine
 10
-817291.8179900582
 20
-71553.56737931108
 30
0.0
 11
-817287.3985726758
 21
-71549.14796192874
 31
0.0
  0
LINE
  5
724
330
17
100
AcDbEntity
  8
KM Kolon Tarama
100
AcDbLine
 10
-817217.529528627
 20
-71479.27891788003
 30
0.0
 11
-817214.4781858659
 21
-71476.22757511889
 31
0.0
  0
LINE
  5
725
330
17
100
AcDbEntity
  8
KM Kolon Tarama
100
AcDbLine
 10
-817212.2684771748
 20
-71474.01786642766
 30
0.0
 11
-817207.8490597924
 21
-71469.59844904521
 31
0.0
  0
LINE
  5
726
330
17
100
AcDbEntity
  8
KM Kolon Tarama
100
AcDbLine
 10
-817205.6393511009
 20
-71467.3887403541
 30
0.0
 11
-817201.2199337187
 21
-71462.96932297165
 31
0.0
  0
LINE
  5
727
330
17
100
AcDbEntity
  8
KM Kolon Tarama
100
AcDbLine
 10
-817199.0102250275
 20
-71460.75961428043
 30
0.0
 11
-817194.590807645
 21
-71456.34019689797
 31
0.0
  0
LINE
  5
728
330
17
100
AcDbEntity
  8
KM Kolon Tarama
100
AcDbLine
 10
-817192.3810989538
 20
-71454.13048820675
 30
0.0
 11
-817187.9616815713
 21
-71449.71107082441
 31
0.0
  0
LINE
  5
729
330
17
100
AcDbEntity
  8
KM Kolon Tarama
100
AcDbLine
 10
-817185.7519728801
 20
-71447.50136213319
 30
0.0
 11
-817181.3325554976
 21
-71443.08194475072
 31
0.0
  0
LINE
  5
72A
330
17
100
AcDbEntity
  8
KM Kolon Tarama
100
AcDbLine
 10
-817179.1228468064
 20
-71440.87223605951
 30
0.0
 11
-817177.528635572
 21
-71439.27802482492
 31
0.0
  0
LINE
  5
72B
330
17
100
AcDbEntity
  8
KM Kolon Tarama
100
AcDbLine
 10
-817492.5536353072
 20
-71771.9806940899
 30
0.0
 11
-817490.6917722668
 21
-71770.11883104953
 31
0.0
  0
LINE
  5
72C
330
17
100
AcDbEntity
  8
KM Kolon Tarama
100
AcDbLine
 10
-817488.4820635756
 20
-71767.90912235831
 30
0.0
 11
-817484.0626461932
 21
-71763.48970497597
 31
0.0
  0
LINE
  5
72D
330
17
100
AcDbEntity
  8
KM Kolon Tarama
100
AcDbLine
 10
-817481.8529375022
 20
-71761.27999628475
 30
0.0
 11
-817477.4335201198
 21
-71756.8605789023
 31
0.0
  0
LINE
  5
72E
330
17
100
AcDbEntity
  8
KM Kolon Tarama
100
AcDbLine
 10
-817475.2238114283
 20
-71754.65087021107
 30
0.0
 11
-817470.804394046
 21
-71750.23145282862
 31
0.0
  0
LINE
  5
72F
330
17
100
AcDbEntity
  8
KM Kolon Tarama
100
AcDbLine
 10
-817468.5946853549
 20
-71748.02174413751
 30
0.0
 11
-817464.1752679724
 21
-71743.60232675506
 31
0.0
  0
LINE
  5
730
330
17
100
AcDbEntity
  8
KM Kolon Tarama
100
AcDbLine
 10
-817461.9655592811
 20
-71741.39261806382
 30
0.0
 11
-817457.5461418987
 21
-71736.97320068139
 31
0.0
  0
LINE
  5
731
330
17
100
AcDbEntity
  8
KM Kolon Tarama
100
AcDbLine
 10
-817455.3364332075
 20
-71734.76349199016
 30
0.0
 11
-817452.5457013258
 21
-71731.9727601083
 31
0.0
  0
LINE
  5
732
330
17
100
AcDbEntity
  8
KM Kolon Tarama
100
AcDbLine
 10
-817083.7460068145
 20
-71363.17306559719
 30
0.0
 11
-817079.685955702
 21
-71359.11301448487
 31
0.0
  0
LINE
  5
733
330
17
100
AcDbEntity
  8
KM Kolon Tarama
100
AcDbLine
 10
-817077.4762470109
 20
-71356.90330579365
 30
0.0
 11
-817073.0568296285
 21
-71352.48388841131
 31
0.0
  0
LINE
  5
734
330
17
100
AcDbEntity
  8
KM Kolon Tarama
100
AcDbLine
 10
-817070.8471209371
 20
-71350.27417972009
 30
0.0
 11
-817066.427703555
 21
-71345.85476233764
 31
0.0
  0
LINE
  5
735
330
17
100
AcDbEntity
  8
KM Kolon Tarama
100
AcDbLine
 10
-817064.2179948636
 20
-71343.64505364641
 30
0.0
 11
-817059.7985774811
 21
-71339.22563626396
 31
0.0
  0
LINE
  5
736
330
17
100
AcDbEntity
  8
KM Kolon Tarama
100
AcDbLine
 10
-817057.5888687901
 20
-71337.01592757273
 30
0.0
 11
-817053.1694514076
 21
-71332.5965101904
 31
0.0
  0
LINE
  5
737
330
17
100
AcDbEntity
  8
KM Kolon Tarama
100
AcDbLine
 10
-817050.9597427166
 20
-71330.38680149917
 30
0.0
 11
-817046.5403253341
 21
-71325.96738411672
 31
0.0
  0
LINE
  5
738
330
17
100
AcDbEntity
  8
KM Kolon Tarama
100
AcDbLine
 10
-817044.3306166431
 20
-71323.7576754255
 30
0.0
 11
-817043.7465217985
 21
-71323.1735805812
 31
0.0
  0
LINE
  5
739
330
17
100
AcDbEntity
  8
KM Kolon Tarama
100
AcDbLine
 10
-817308.7475803772
 20
-71588.17463915981
 30
0.0
 11
-817305.0762422056
 21
-71584.503300988
 31
0.0
  0
LINE
  5
73A
330
17
100
AcDbEntity
  8
KM Kolon Tarama
100
AcDbLine
 10
-817302.8665335142
 20
-71582.29359229689
 30
0.0
 11
-817298.4471161317
 21
-71577.87417491442
 31
0.0
  0
LINE
  5
73B
330
17
100
AcDbEntity
  8
KM Kolon Tarama
100
AcDbLine
 10
-817296.2374074407
 20
-71575.66446622321
 30
0.0
 11
-817291.8179900582
 21
-71571.24504884076
 31
0.0
  0
LINE
  5
73C
330
17
100
AcDbEntity
  8
KM Kolon Tarama
100
AcDbLine
 10
-817289.608281367
 20
-71569.03534014952
 30
0.0
 11
-817285.1888639845
 21
-71564.6159227672
 31
0.0
  0
LINE
  5
73D
330
17
100
AcDbEntity
  8
KM Kolon Tarama
100
AcDbLine
 10
-817282.9791552935
 20
-71562.40621407596
 30
0.0
 11
-817278.559737911
 21
-71557.98679669353
 31
0.0
  0
LINE
  5
73E
330
17
100
AcDbEntity
  8
KM Kolon Tarama
100
AcDbLine
 10
-817276.3500292196
 20
-71555.7770880023
 30
0.0
 11
-817271.9306118374
 21
-71551.35767061985
 31
0.0
  0
LINE
  5
73F
330
17
100
AcDbEntity
  8
KM Kolon Tarama
100
AcDbLine
 10
-817269.7209031461
 20
-71549.14796192863
 30
0.0
 11
-817268.7480953612
 21
-71548.17515414394
 31
0.0
  0
LINE
  5
740
330
17
100
AcDbEntity
  8
KM Kolon Tarama
100
AcDbLine
 10
-817216.6878945569
 20
-71496.1149533398
 30
0.0
 11
-817212.2684771748
 21
-71491.69553595735
 31
0.0
  0
LINE
  5
741
330
17
100
AcDbEntity
  8
KM Kolon Tarama
100
AcDbLine
 10
-817210.0587684833
 20
-71489.48582726612
 30
0.0
 11
-817205.6393511009
 21
-71485.06640988367
 31
0.0
  0
LINE
  5
742
330
17
100
AcDbEntity
  8
KM Kolon Tarama
100
AcDbLine
 10
-817203.4296424099
 20
-71482.85670119256
 30
0.0
 11
-817199.0102250275
 21
-71478.43728381011
 31
0.0
  0
LINE
  5
743
330
17
100
AcDbEntity
  8
KM Kolon Tarama
100
AcDbLine
 10
-817196.8005163362
 20
-71476.22757511889
 30
0.0
 11
-817192.3810989538
 21
-71471.80815773644
 31
0.0
  0
LINE
  5
744
330
17
100
AcDbEntity
  8
KM Kolon Tarama
100
AcDbLine
 10
-817190.1713902625
 20
-71469.59844904521
 30
0.0
 11
-817185.7519728801
 21
-71465.17903166288
 31
0.0
  0
LINE
  5
745
330
17
100
AcDbEntity
  8
KM Kolon Tarama
100
AcDbLine
 10
-817183.5422641889
 20
-71462.96932297165
 30
0.0
 11
-817179.1228468067
 21
-71458.5499055892
 31
0.0
  0
LINE
  5
746
330
17
100
AcDbEntity
  8
KM Kolon Tarama
100
AcDbLine
 10
-817492.5570603951
 20
-71789.66178870748
 30
0.0
 11
-817488.4820635756
 21
-71785.586791888
 31
0.0
  0
LINE
  5
747
330
17
100
AcDbEntity
  8
KM Kolon Tarama
100
AcDbLine
 10
-817486.2723548843
 20
-71783.37708319677
 30
0.0
 11
-817481.8529375022
 21
-71778.95766581432
 31
0.0
  0
LINE
  5
748
330
17
100
AcDbEntity
  8
KM Kolon Tarama
100
AcDbLine
 10
-817479.6432288107
 20
-71776.7479571231
 30
0.0
 11
-817475.2238114283
 21
-71772.32853974076
 31
0.0
  0
LINE
  5
749
330
17
100
AcDbEntity
  8
KM Kolon Tarama
100
AcDbLine
 10
-817473.0141027373
 20
-71770.11883104953
 30
0.0
 11
-817468.5946853549
 21
-71765.69941366708
 31
0.0
  0
LINE
  5
74A
330
17
100
AcDbEntity
  8
KM Kolon Tarama
100
AcDbLine
 10
-817466.3849766636
 20
-71763.48970497586
 30
0.0
 11
-817461.9655592811
 21
-71759.07028759341
 31
0.0
  0
LINE
  5
74B
330
17
100
AcDbEntity
  8
KM Kolon Tarama
100
AcDbLine
 10
-817459.7558505901
 20
-71756.86057890218
 30
0.0
 11
-817455.3364332076
 21
-71752.44116151985
 31
0.0
  0
LINE
  5
74C
330
17
100
AcDbEntity
  8
KM Kolon Tarama
100
AcDbLine
 10
-817453.1267245162
 20
-71750.23145282862
 30
0.0
 11
-817452.5489946551
 21
-71749.65372296725
 31
0.0
  0
LINE
  5
74D
330
17
100
AcDbEntity
  8
KM Kolon Tarama
100
AcDbLine
 10
-817066.0683372847
 20
-71363.17306559719
 30
0.0
 11
-817064.2179948636
 21
-71361.3227231761
 31
0.0
  0
LINE
  5
74E
330
17
100
AcDbEntity
  8
KM Kolon Tarama
100
AcDbLine
 10
-817062.0082861725
 20
-71359.11301448487
 30
0.0
 11
-817057.5888687901
 21
-71354.69359710242
 31
0.0
  0
LINE
  5
74F
330
17
100
AcDbEntity
  8
KM Kolon Tarama
100
AcDbLine
 10
-817055.379160099
 20
-71352.48388841131
 30
0.0
 11
-817050.9597427166
 21
-71348.06447102886
 31
0.0
  0
LINE
  5
750
330
17
100
AcDbEntity
  8
KM Kolon Tarama
100
AcDbLine
 10
-817048.7500340252
 20
-71345.85476233764
 30
0.0
 11
-817044.3306166431
 21
-71341.43534495519
 31
0.0
  0
LINE
  5
751
330
17
100
AcDbEntity
  8
KM Kolon Tarama
100
AcDbLine
 10
-817042.1209079517
 20
-71339.22563626396
 30
0.0
 11
-817037.7014905692
 21
-71334.80621888151
 31
0.0
  0
LINE
  5
752
330
17
100
AcDbEntity
  8
KM Kolon Tarama
100
AcDbLine
 10
-817035.4917818782
 20
-71332.5965101904
 30
0.0
 11
-817031.0723644957
 21
-71328.17709280795
 31
0.0
  0
LINE
  5
753
330
17
100
AcDbEntity
  8
KM Kolon Tarama
100
AcDbLine
 10
-817028.8626558043
 20
-71325.96738411672
 30
0.0
 11
-817026.0688522689
 21
-71323.1735805812
 31
0.0
  0
LINE
  5
754
330
17
100
AcDbEntity
  8
KM Kolon Tarama
100
AcDbLine
 10
-817291.0699108473
 20
-71588.17463915981
 30
0.0
 11
-817289.6082813668
 21
-71586.71300967922
 31
0.0
  0
LINE
  5
755
330
17
100
AcDbEntity
  8
KM Kolon Tarama
100
AcDbLine
 10
-817287.3985726758
 20
-71584.503300988
 30
0.0
 11
-817282.9791552933
 21
-71580.08388360566
 31
0.0
  0
LINE
  5
756
330
17
100
AcDbEntity
  8
KM Kolon Tarama
100
AcDbLine
 10
-817280.7694466021
 20
-71577.87417491442
 30
0.0
 11
-817276.3500292196
 21
-71573.45475753197
 31
0.0
  0
LINE
  5
757
330
17
100
AcDbEntity
  8
KM Kolon Tarama
100
AcDbLine
 10
-817274.1403205286
 20
-71571.24504884076
 30
0.0
 11
-817269.7209031461
 21
-71566.82563145841
 31
0.0
  0
LINE
  5
758
330
17
100
AcDbEntity
  8
KM Kolon Tarama
100
AcDbLine
 10
-817201.0692814223
 20
-71498.17400973476
 30
0.0
 11
-817196.8005163362
 21
-71493.90524464857
 31
0.0
  0
LINE
  5
759
330
17
100
AcDbEntity
  8
KM Kolon Tarama
100
AcDbLine
 10
-817194.590807645
 20
-71491.69553595735
 30
0.0
 11
-817190.1713902625
 21
-71487.27611857501
 31
0.0
  0
LINE
  5
75A
330
17
100
AcDbEntity
  8
KM Kolon Tarama
100
AcDbLine
 10
-817187.9616815713
 20
-71485.06640988379
 30
0.0
 11
-817183.5422641889
 21
-71480.64699250134
 31
0.0
  0
LINE
  5
75B
330
17
100
AcDbEntity
  8
KM Kolon Tarama
100
AcDbLine
 10
-817181.3325554976
 20
-71478.43728381011
 30
0.0
 11
-817177.5281919277
 21
-71474.63292024005
 31
0.0
  0
LINE
  5
75C
330
17
100
AcDbEntity
  8
KM Kolon Tarama
100
AcDbLine
 10
-817483.3937099762
 20
-71798.17610781826
 30
0.0
 11
-817479.6432288107
 21
-71794.4256266529
 31
0.0
  0
LINE
  5
75D
330
17
100
AcDbEntity
  8
KM Kolon Tarama
100
AcDbLine
 10
-817477.4335201198
 20
-71792.21591796167
 30
0.0
 11
-817473.0141027373
 21
-71787.79650057922
 31
0.0
  0
LINE
  5
75E
330
17
100
AcDbEntity
  8
KM Kolon Tarama
100
AcDbLine
 10
-817470.804394046
 20
-71785.586791888
 30
0.0
 11
-817466.3849766636
 21
-71781.16737450555
 31
0.0
  0
LINE
  5
75F
330
17
100
AcDbEntity
  8
KM Kolon Tarama
100
AcDbLine
 10
-817464.1752679724
 20
-71778.95766581432
 30
0.0
 11
-817459.7558505901
 21
-71774.53824843199
 31
0.0
  0
LINE
  5
760
330
17
100
AcDbEntity
  8
KM Kolon Tarama
100
AcDbLine
 10
-817457.5461418987
 20
-71772.32853974076
 30
0.0
 11
-817453.1267245162
 21
-71767.90912235831
 31
0.0
  0
LINE
  5
761
330
17
100
AcDbEntity
  8
KM Kolon Tarama
100
AcDbLine
 10
-817046.5403253341
 20
-71361.3227231761
 30
0.0
 11
-817042.1209079517
 21
-71356.90330579365
 31
0.0
  0
LINE
  5
762
330
17
100
AcDbEntity
  8
KM Kolon Tarama
100
AcDbLine
 10
-817039.9111992606
 20
-71354.69359710242
 30
0.0
 11
-817035.4917818782
 21
-71350.27417971997
 31
0.0
  0
LINE
  5
763
330
17
100
AcDbEntity
  8
KM Kolon Tarama
100
AcDbLine
 10
-817033.282073187
 20
-71348.06447102886
 30
0.0
 11
-817028.8626558045
 21
-71343.64505364641
 31
0.0
  0
LINE
  5
764
330
17
100
AcDbEntity
  8
KM Kolon Tarama
100
AcDbLine
 10
-817026.6529471133
 20
-71341.43534495519
 30
0.0
 11
-817022.2335297308
 21
-71337.01592757273
 31
0.0
  0
LINE
  5
765
330
17
100
AcDbEntity
  8
KM Kolon Tarama
100
AcDbLine
 10
-817020.0238210396
 20
-71334.80621888151
 30
0.0
 11
-817015.6044036573
 21
-71330.38680149917
 31
0.0
  0
LINE
  5
766
330
17
100
AcDbEntity
  8
KM Kolon Tarama
100
AcDbLine
 10
-817013.3946949659
 20
-71328.17709280795
 30
0.0
 11
-817008.9752775835
 21
-71323.7576754255
 31
0.0
  0
LINE
  5
767
330
17
100
AcDbEntity
  8
KM Kolon Tarama
100
AcDbLine
 10
-817271.9306118372
 20
-71586.71300967934
 30
0.0
 11
-817267.5297180447
 21
-71582.31211588671
 31
0.0
  0
LINE
  5
768
330
17
100
AcDbEntity
  8
KM Kolon Tarama
100
AcDbLine
 10
-817183.3916118927
 20
-71498.17400973463
 30
0.0
 11
-817181.3325554976
 21
-71496.1149533398
 31
0.0
  0
LINE
  5
769
330
17
100
AcDbEntity
  8
KM Kolon Tarama
100
AcDbLine
 10
-817179.1228468067
 20
-71493.90524464857
 30
0.0
 11
-817177.5279701056
 21
-71492.31036794768
 31
0.0
  0
LINE
  5
76A
330
17
100
AcDbEntity
  8
KM Kolon Tarama
100
AcDbLine
 10
-817465.7160404468
 20
-71798.17610781826
 30
0.0
 11
-817464.1752679724
 21
-71796.635335344
 31
0.0
  0
LINE
  5
76B
330
17
100
AcDbEntity
  8
KM Kolon Tarama
100
AcDbLine
 10
-817461.9655592811
 20
-71794.4256266529
 30
0.0
 11
-817457.5461418987
 21
-71790.00620927045
 31
0.0
  0
LINE
  5
76C
330
17
100
AcDbEntity
  8
KM Kolon Tarama
100
AcDbLine
 10
-817455.3364332075
 20
-71787.79650057922
 30
0.0
 11
-817452.5555813136
 21
-71785.01564868528
 31
0.0
  0
LINE
  5
76D
330
17
100
AcDbEntity
  8
KM Kolon Tarama
100
AcDbLine
 10
-817030.7129982257
 20
-71363.17306559719
 30
0.0
 11
-817026.6529471133
 21
-71359.11301448487
 31
0.0
  0
LINE
  5
76E
330
17
100
AcDbEntity
  8
KM Kolon Tarama
100
AcDbLine
 10
-817024.4432384222
 20
-71356.90330579365
 30
0.0
 11
-817020.0238210396
 21
-71352.4838884112
 31
0.0
  0
LINE
  5
76F
330
17
100
AcDbEntity
  8
KM Kolon Tarama
100
AcDbLine
 10
-817017.8141123484
 20
-71350.27417971997
 30
0.0
 11
-817013.3946949659
 21
-71345.85476233764
 31
0.0
  0
LINE
  5
770
330
17
100
AcDbEntity
  8
KM Kolon Tarama
100
AcDbLine
 10
-817011.1849862747
 20
-71343.64505364641
 30
0.0
 11
-817006.7655688924
 21
-71339.22563626396
 31
0.0
  0
LINE
  5
771
330
17
100
AcDbEntity
  8
KM Kolon Tarama
100
AcDbLine
 10
-817004.555860201
 20
-71337.01592757273
 30
0.0
 11
-817000.1364428186
 21
-71332.5965101904
 31
0.0
  0
LINE
  5
772
330
17
100
AcDbEntity
  8
KM Kolon Tarama
100
AcDbLine
 10
-816997.9267341275
 20
-71330.38680149917
 30
0.0
 11
-816993.5073167451
 21
-71325.96738411672
 31
0.0
  0
LINE
  5
773
330
17
100
AcDbEntity
  8
KM Kolon Tarama
100
AcDbLine
 10
-816991.2976080537
 20
-71323.7576754255
 30
0.0
 11
-816990.7135132097
 21
-71323.1735805812
 31
0.0
  0
LINE
  5
774
330
17
100
AcDbEntity
  8
KM Kolon Tarama
100
AcDbLine
 10
-817013.0353286959
 20
-71363.17306559719
 30
0.0
 11
-817011.1849862747
 21
-71361.3227231761
 31
0.0
  0
LINE
  5
775
330
17
100
AcDbEntity
  8
KM Kolon Tarama
100
AcDbLine
 10
-817008.9752775835
 20
-71359.11301448487
 30
0.0
 11
-817004.555860201
 21
-71354.69359710254
 31
0.0
  0
LINE
  5
776
330
17
100
AcDbEntity
  8
KM Kolon Tarama
100
AcDbLine
 10
-817002.34615151
 20
-71352.48388841131
 30
0.0
 11
-816997.9267341275
 21
-71348.06447102886
 31
0.0
  0
LINE
  5
777
330
17
100
AcDbEntity
  8
KM Kolon Tarama
100
AcDbLine
 10
-816995.7170254361
 20
-71345.85476233764
 30
0.0
 11
-816991.297608054
 21
-71341.43534495519
 31
0.0
  0
LINE
  5
778
330
17
100
AcDbEntity
  8
KM Kolon Tarama
100
AcDbLine
 10
-816989.0878993626
 20
-71339.22563626396
 30
0.0
 11
-816984.6684819802
 21
-71334.80621888163
 31
0.0
  0
LINE
  5
779
330
17
100
AcDbEntity
  8
KM Kolon Tarama
100
AcDbLine
 10
-816982.4587732891
 20
-71332.5965101904
 30
0.0
 11
-816978.0393559067
 21
-71328.17709280795
 31
0.0
  0
LINE
  5
77A
330
17
100
AcDbEntity
  8
KM Kolon Tarama
100
AcDbLine
 10
-816975.8296472153
 20
-71325.96738411672
 30
0.0
 11
-816973.0358436799
 21
-71323.17358058132
 31
0.0
  0
LINE
  5
77B
330
17
100
AcDbEntity
  8
KM Kolon Tarama
100
AcDbLine
 10
-816993.5073167451
 20
-71361.3227231761
 30
0.0
 11
-816989.0878993626
 21
-71356.90330579365
 31
0.0
  0
LINE
  5
77C
330
17
100
AcDbEntity
  8
KM Kolon Tarama
100
AcDbLine
 10
-816986.8781906712
 20
-71354.69359710242
 30
0.0
 11
-816982.4587732891
 21
-71350.27417972009
 31
0.0
  0
LINE
  5
77D
330
17
100
AcDbEntity
  8
KM Kolon Tarama
100
AcDbLine
 10
-816980.2490645977
 20
-71348.06447102886
 30
0.0
 11
-816975.8296472153
 21
-71343.64505364641
 31
0.0
  0
LINE
  5
77E
330
17
100
AcDbEntity
  8
KM Kolon Tarama
100
AcDbLine
 10
-816973.6199385242
 20
-71341.43534495519
 30
0.0
 11
-816969.2005211418
 21
-71337.01592757273
 31
0.0
  0
LINE
  5
77F
330
17
100
AcDbEntity
  8
KM Kolon Tarama
100
AcDbLine
 10
-816966.9908124506
 20
-71334.80621888151
 30
0.0
 11
-816962.5713950683
 21
-71330.38680149917
 31
0.0
  0
LINE
  5
780
330
17
100
AcDbEntity
  8
KM Kolon Tarama
100
AcDbLine
 10
-816960.3616863772
 20
-71328.17709280795
 30
0.0
 11
-816955.9422689948
 21
-71323.7576754255
 31
0.0
  0
LINE
  5
781
330
17
100
AcDbEntity
  8
KM Kolon Tarama
100
AcDbLine
 10
-816977.6799896364
 20
-71363.17306559719
 30
0.0
 11
-816973.6199385242
 21
-71359.11301448487
 31
0.0
  0
LINE
  5
782
330
17
100
AcDbEntity
  8
KM Kolon Tarama
100
AcDbLine
 10
-816971.4102298327
 20
-71356.90330579365
 30
0.0
 11
-816966.9908124504
 21
-71352.48388841131
 31
0.0
  0
LINE
  5
783
330
17
100
AcDbEntity
  8
KM Kolon Tarama
100
AcDbLine
 10
-816964.7811037593
 20
-71350.27417972009
 30
0.0
 11
-816960.3616863769
 21
-71345.85476233764
 31
0.0
  0
LINE
  5
784
330
17
100
AcDbEntity
  8
KM Kolon Tarama
100
AcDbLine
 10
-816958.1519776857
 20
-71343.64505364641
 30
0.0
 11
-816953.7325603034
 21
-71339.22563626396
 31
0.0
  0
LINE
  5
785
330
17
100
AcDbEntity
  8
KM Kolon Tarama
100
AcDbLine
 10
-816951.5228516123
 20
-71337.01592757273
 30
0.0
 11
-816947.1034342299
 21
-71332.5965101904
 31
0.0
  0
LINE
  5
786
330
17
100
AcDbEntity
  8
KM Kolon Tarama
100
AcDbLine
 10
-816944.8937255385
 20
-71330.38680149917
 30
0.0
 11
-816940.4743081562
 21
-71325.96738411672
 31
0.0
  0
LINE
  5
787
330
17
100
AcDbEntity
  8
KM Kolon Tarama
100
AcDbLine
 10
-816938.264599465
 20
-71323.7576754255
 30
0.0
 11
-816937.6805046205
 21
-71323.1735805812
 31
0.0
  0
LINE
  5
788
330
17
100
AcDbEntity
  8
KM Kolon Tarama
100
AcDbLine
 10
-816960.0023201068
 20
-71363.17306559719
 30
0.0
 11
-816958.1519776857
 21
-71361.3227231761
 31
0.0
  0
LINE
  5
789
330
17
100
AcDbEntity
  8
KM Kolon Tarama
100
AcDbLine
 10
-816955.9422689944
 20
-71359.11301448487
 30
0.0
 11
-816951.5228516123
 21
-71354.69359710242
 31
0.0
  0
LINE
  5
78A
330
17
100
AcDbEntity
  8
KM Kolon Tarama
100
AcDbLine
 10
-816949.3131429208
 20
-71352.4838884112
 30
0.0
 11
-816944.8937255385
 21
-71348.06447102886
 31
0.0
  0
LINE
  5
78B
330
17
100
AcDbEntity
  8
KM Kolon Tarama
100
AcDbLine
 10
-816942.6840168474
 20
-71345.85476233764
 30
0.0
 11
-816938.264599465
 21
-71341.43534495519
 31
0.0
  0
LINE
  5
78C
330
17
100
AcDbEntity
  8
KM Kolon Tarama
100
AcDbLine
 10
-816936.0548907738
 20
-71339.22563626396
 30
0.0
 11
-816931.6354733913
 21
-71334.80621888151
 31
0.0
  0
LINE
  5
78D
330
17
100
AcDbEntity
  8
KM Kolon Tarama
100
AcDbLine
 10
-816929.4257647
 20
-71332.5965101904
 30
0.0
 11
-816925.0063473176
 21
-71328.17709280795
 31
0.0
  0
LINE
  5
78E
330
17
100
AcDbEntity
  8
KM Kolon Tarama
100
AcDbLine
 10
-816922.7966386264
 20
-71325.96738411672
 30
0.0
 11
-816920.002835091
 21
-71323.1735805812
 31
0.0
  0
LINE
  5
78F
330
17
100
AcDbEntity
  8
KM Kolon Tarama
100
AcDbLine
 10
-817217.5297642194
 20
-71638.37817923957
 30
0.0
 11
-817217.327368549
 21
-71638.175783569
 31
0.0
  0
LINE
  5
790
330
17
100
AcDbEntity
  8
KM Kolon Tarama
100
AcDbLine
 10
-816940.4743081562
 20
-71361.3227231761
 30
0.0
 11
-816936.0548907738
 21
-71356.90330579365
 31
0.0
  0
LINE
  5
791
330
17
100
AcDbEntity
  8
KM Kolon Tarama
100
AcDbLine
 10
-816933.8451820825
 20
-71354.69359710242
 30
0.0
 11
-816929.4257647
 21
-71350.27417971997
 31
0.0
  0
LINE
  5
792
330
17
100
AcDbEntity
  8
KM Kolon Tarama
100
AcDbLine
 10
-816927.2160560089
 20
-71348.06447102886
 30
0.0
 11
-816922.7966386264
 21
-71343.64505364641
 31
0.0
  0
LINE
  5
793
330
17
100
AcDbEntity
  8
KM Kolon Tarama
100
AcDbLine
 10
-816920.5869299351
 20
-71341.43534495519
 30
0.0
 11
-816916.1675125527
 21
-71337.01592757273
 31
0.0
  0
LINE
  5
794
330
17
100
AcDbEntity
  8
KM Kolon Tarama
100
AcDbLine
 10
-816913.9578038615
 20
-71334.80621888151
 30
0.0
 11
-816909.5383864793
 21
-71330.38680149917
 31
0.0
  0
LINE
  5
795
330
17
100
AcDbEntity
  8
KM Kolon Tarama
100
AcDbLine
 10
-816907.3286777878
 20
-71328.17709280795
 30
0.0
 11
-816902.9092604053
 21
-71323.7576754255
 31
0.0
  0
LINE
  5
796
330
17
100
AcDbEntity
  8
KM Kolon Tarama
100
AcDbLine
 10
-817216.6878945569
 20
-71655.21397910675
 30
0.0
 11
-817212.2684771748
 21
-71650.7945617243
 31
0.0
  0
LINE
  5
797
330
17
100
AcDbEntity
  8
KM Kolon Tarama
100
AcDbLine
 10
-817210.0587684833
 20
-71648.58485303307
 30
0.0
 11
-817205.6393511009
 21
-71644.16543565074
 31
0.0
  0
LINE
  5
798
330
17
100
AcDbEntity
  8
KM Kolon Tarama
100
AcDbLine
 10
-817203.4296424099
 20
-71641.95572695951
 30
0.0
 11
-817199.6496990194
 21
-71638.175783569
 31
0.0
  0
LINE
  5
799
330
17
100
AcDbEntity
  8
KM Kolon Tarama
100
AcDbLine
 10
-816924.6469810476
 20
-71363.17306559719
 30
0.0
 11
-816920.5869299351
 21
-71359.11301448487
 31
0.0
  0
LINE
  5
79A
330
17
100
AcDbEntity
  8
KM Kolon Tarama
100
AcDbLine
 10
-816918.377221244
 20
-71356.90330579376
 30
0.0
 11
-816913.9578038615
 21
-71352.48388841131
 31
0.0
  0
LINE
  5
79B
330
17
100
AcDbEntity
  8
KM Kolon Tarama
100
AcDbLine
 10
-816911.7480951702
 20
-71350.27417972009
 30
0.0
 11
-816907.3286777878
 21
-71345.85476233764
 31
0.0
  0
LINE
  5
79C
330
17
100
AcDbEntity
  8
KM Kolon Tarama
100
AcDbLine
 10
-816905.1189690968
 20
-71343.64505364641
 30
0.0
 11
-816900.6995517144
 21
-71339.22563626396
 31
0.0
  0
LINE
  5
79D
330
17
100
AcDbEntity
  8
KM Kolon Tarama
100
AcDbLine
 10
-816898.4898430232
 20
-71337.01592757285
 30
0.0
 11
-816894.0704256408
 21
-71332.5965101904
 31
0.0
  0
LINE
  5
79E
330
17
100
AcDbEntity
  8
KM Kolon Tarama
100
AcDbLine
 10
-816891.8607169494
 20
-71330.38680149917
 30
0.0
 11
-816887.4412995673
 21
-71325.96738411672
 31
0.0
  0
LINE
  5
79F
330
17
100
AcDbEntity
  8
KM Kolon Tarama
100
AcDbLine
 10
-816885.2315908759
 20
-71323.7576754255
 30
0.0
 11
-816884.6474960318
 21
-71323.17358058132
 31
0.0
  0
LINE
  5
7A0
330
17
100
AcDbEntity
  8
KM Kolon Tarama
100
AcDbLine
 10
-817217.5295006393
 20
-71673.7332547186
 30
0.0
 11
-817216.6878945573
 21
-71672.89164863643
 31
0.0
  0
LINE
  5
7A1
330
17
100
AcDbEntity
  8
KM Kolon Tarama
100
AcDbLine
 10
-817214.4781858659
 20
-71670.6819399452
 30
0.0
 11
-817210.0587684836
 21
-71666.26252256276
 31
0.0
  0
LINE
  5
7A2
330
17
100
AcDbEntity
  8
KM Kolon Tarama
100
AcDbLine
 10
-817207.8490597924
 20
-71664.05281387153
 30
0.0
 11
-817203.4296424099
 21
-71659.63339648908
 31
0.0
  0
LINE
  5
7A3
330
17
100
AcDbEntity
  8
KM Kolon Tarama
100
AcDbLine
 10
-817201.2199337187
 20
-71657.42368779785
 30
0.0
 11
-817196.8005163362
 21
-71653.00427041552
 31
0.0
  0
LINE
  5
7A4
330
17
100
AcDbEntity
  8
KM Kolon Tarama
100
AcDbLine
 10
-817194.590807645
 20
-71650.7945617243
 30
0.0
 11
-817190.1713902625
 21
-71646.37514434184
 31
0.0
  0
LINE
  5
7A5
330
17
100
AcDbEntity
  8
KM Kolon Tarama
100
AcDbLine
 10
-817187.9616815713
 20
-71644.16543565062
 30
0.0
 11
-817183.5422641889
 21
-71639.74601826828
 31
0.0
  0
LINE
  5
7A6
330
17
100
AcDbEntity
  8
KM Kolon Tarama
100
AcDbLine
 10
-816906.9693115179
 20
-71363.17306559719
 30
0.0
 11
-816905.1189690968
 21
-71361.3227231761
 31
0.0
  0
LINE
  5
7A7
330
17
100
AcDbEntity
  8
KM Kolon Tarama
100
AcDbLine
 10
-816902.9092604053
 20
-71359.11301448487
 30
0.0
 11
-816898.4898430232
 21
-71354.69359710242
 31
0.0
  0
LINE
  5
7A8
330
17
100
AcDbEntity
  8
KM Kolon Tarama
100
AcDbLine
 10
-816896.2801343319
 20
-71352.48388841131
 30
0.0
 11
-816891.8607169494
 21
-71348.06447102886
 31
0.0
  0
LINE
  5
7A9
330
17
100
AcDbEntity
  8
KM Kolon Tarama
100
AcDbLine
 10
-816889.6510082585
 20
-71345.85476233764
 30
0.0
 11
-816885.2315908759
 21
-71341.43534495519
 31
0.0
  0
LINE
  5
7AA
330
17
100
AcDbEntity
  8
KM Kolon Tarama
100
AcDbLine
 10
-816883.0218821845
 20
-71339.22563626396
 30
0.0
 11
-816878.6024648024
 21
-71334.80621888151
 31
0.0
  0
LINE
  5
7AB
330
17
100
AcDbEntity
  8
KM Kolon Tarama
100
AcDbLine
 10
-816876.392756111
 20
-71332.5965101904
 30
0.0
 11
-816871.9733387287
 21
-71328.17709280795
 31
0.0
  0
LINE
  5
7AC
330
17
100
AcDbEntity
  8
KM Kolon Tarama
100
AcDbLine
 10
-816869.7636300375
 20
-71325.96738411672
 30
0.0
 11
-816866.969826502
 21
-71323.1735805812
 31
0.0
  0
LINE
  5
7AD
330
17
100
AcDbEntity
  8
KM Kolon Tarama
100
AcDbLine
 10
-817217.5293688494
 20
-71691.4107924581
 30
0.0
 11
-817214.4781858659
 21
-71688.35960947478
 31
0.0
  0
LINE
  5
7AE
330
17
100
AcDbEntity
  8
KM Kolon Tarama
100
AcDbLine
 10
-817212.2684771748
 20
-71686.14990078367
 30
0.0
 11
-817207.8490597924
 21
-71681.73048340122
 31
0.0
  0
LINE
  5
7AF
330
17
100
AcDbEntity
  8
KM Kolon Tarama
100
AcDbLine
 10
-817205.6393511009
 20
-71679.52077470999
 30
0.0
 11
-817201.2199337187
 21
-71675.10135732754
 31
0.0
  0
LINE
  5
7B0
330
17
100
AcDbEntity
  8
KM Kolon Tarama
100
AcDbLine
 10
-817199.0102250275
 20
-71672.89164863632
 30
0.0
 11
-817194.590807645
 21
-71668.47223125398
 31
0.0
  0
LINE
  5
7B1
330
17
100
AcDbEntity
  8
KM Kolon Tarama
100
AcDbLine
 10
-817192.3810989538
 20
-71666.26252256276
 30
0.0
 11
-817187.9616815713
 21
-71661.8431051803
 31
0.0
  0
LINE
  5
7B2
330
17
100
AcDbEntity
  8
KM Kolon Tarama
100
AcDbLine
 10
-817185.7519728801
 20
-71659.63339648908
 30
0.0
 11
-817181.3325554976
 21
-71655.21397910663
 31
0.0
  0
LINE
  5
7B3
330
17
100
AcDbEntity
  8
KM Kolon Tarama
100
AcDbLine
 10
-817179.1228468067
 20
-71653.0042704154
 30
0.0
 11
-817177.5290886197
 21
-71651.41051222861
 31
0.0
  0
LINE
  5
7B4
330
17
100
AcDbEntity
  8
KM Kolon Tarama
100
AcDbLine
 10
-816887.441299567
 20
-71361.3227231761
 30
0.0
 11
-816883.0218821845
 21
-71356.90330579365
 31
0.0
  0
LINE
  5
7B5
330
17
100
AcDbEntity
  8
KM Kolon Tarama
100
AcDbLine
 10
-816880.8121734936
 20
-71354.69359710242
 30
0.0
 11
-816876.392756111
 21
-71350.27417972009
 31
0.0
  0
LINE
  5
7B6
330
17
100
AcDbEntity
  8
KM Kolon Tarama
100
AcDbLine
 10
-816874.18304742
 20
-71348.06447102886
 30
0.0
 11
-816869.7636300375
 21
-71343.64505364641
 31
0.0
  0
LINE
  5
7B7
330
17
100
AcDbEntity
  8
KM Kolon Tarama
100
AcDbLine
 10
-816867.5539213466
 20
-71341.43534495519
 30
0.0
 11
-816863.134503964
 21
-71337.01592757273
 31
0.0
  0
LINE
  5
7B8
330
17
100
AcDbEntity
  8
KM Kolon Tarama
100
AcDbLine
 10
-816860.9247952726
 20
-71334.80621888151
 30
0.0
 11
-816856.5053778904
 21
-71330.38680149917
 31
0.0
  0
LINE
  5
7B9
330
17
100
AcDbEntity
  8
KM Kolon Tarama
100
AcDbLine
 10
-816854.2956691991
 20
-71328.17709280795
 30
0.0
 11
-816849.8762518167
 21
-71323.7576754255
 31
0.0
  0
LINE
  5
7BA
330
17
100
AcDbEntity
  8
KM Kolon Tarama
100
AcDbLine
 10
-817216.6878945573
 20
-71708.24698769567
 30
0.0
 11
-817212.2684771748
 21
-71703.82757031335
 31
0.0
  0
LINE
  5
7BB
330
17
100
AcDbEntity
  8
KM Kolon Tarama
100
AcDbLine
 10
-817210.0587684836
 20
-71701.61786162212
 30
0.0
 11
-817205.6393511011
 21
-71697.19844423966
 31
0.0
  0
LINE
  5
7BC
330
17
100
AcDbEntity
  8
KM Kolon Tarama
100
AcDbLine
 10
-817203.4296424099
 20
-71694.98873554845
 30
0.0
 11
-817199.0102250275
 21
-71690.569318166
 31
0.0
  0
LINE
  5
7BD
330
17
100
AcDbEntity
  8
KM Kolon Tarama
100
AcDbLine
 10
-817196.8005163362
 20
-71688.35960947478
 30
0.0
 11
-817192.3810989538
 21
-71683.94019209244
 31
0.0
  0
LINE
  5
7BE
330
17
100
AcDbEntity
  8
KM Kolon Tarama
100
AcDbLine
 10
-817190.1713902625
 20
-71681.73048340122
 30
0.0
 11
-817185.7519728801
 21
-71677.31106601877
 31
0.0
  0
LINE
  5
7BF
330
17
100
AcDbEntity
  8
KM Kolon Tarama
100
AcDbLine
 10
-817183.5422641889
 20
-71675.10135732754
 30
0.0
 11
-817179.1228468067
 21
-71670.6819399452
 31
0.0
  0
LINE
  5
7C0
330
17
100
AcDbEntity
  8
KM Kolon Tarama
100
AcDbLine
 10
-816871.6139724585
 20
-71363.17306559719
 30
0.0
 11
-816867.5539213466
 21
-71359.11301448487
 31
0.0
  0
LINE
  5
7C1
330
17
100
AcDbEntity
  8
KM Kolon Tarama
100
AcDbLine
 10
-816865.3442126551
 20
-71356.90330579365
 30
0.0
 11
-816860.9247952726
 21
-71352.4838884112
 31
0.0
  0
LINE
  5
7C2
330
17
100
AcDbEntity
  8
KM Kolon Tarama
100
AcDbLine
 10
-816858.7150865817
 20
-71350.27417971997
 30
0.0
 11
-816854.2956691991
 21
-71345.85476233764
 31
0.0
  0
LINE
  5
7C3
330
17
100
AcDbEntity
  8
KM Kolon Tarama
100
AcDbLine
 10
-816852.0859605077
 20
-71343.64505364641
 30
0.0
 11
-816847.6665431255
 21
-71339.22563626396
 31
0.0
  0
LINE
  5
7C4
330
17
100
AcDbEntity
  8
KM Kolon Tarama
100
AcDbLine
 10
-816845.4568344342
 20
-71337.01592757273
 30
0.0
 11
-816841.0374170518
 21
-71332.5965101904
 31
0.0
  0
LINE
  5
7C5
330
17
100
AcDbEntity
  8
KM Kolon Tarama
100
AcDbLine
 10
-816838.8277083606
 20
-71330.38680149917
 30
0.0
 11
-816834.408290978
 21
-71325.96738411672
 31
0.0
  0
LINE
  5
7C6
330
17
100
AcDbEntity
  8
KM Kolon Tarama
100
AcDbLine
 10
-816832.198582287
 20
-71323.7576754255
 30
0.0
 11
-816831.6144874427
 21
-71323.1735805812
 31
0.0
  0
LINE
  5
7C7
330
17
100
AcDbEntity
  8
KM Kolon Tarama
100
AcDbLine
 10
-817217.5291052688
 20
-71726.76586793723
 30
0.0
 11
-817216.6878945573
 21
-71725.92465722538
 31
0.0
  0
LINE
  5
7C8
330
17
100
AcDbEntity
  8
KM Kolon Tarama
100
AcDbLine
 10
-817214.4781858659
 20
-71723.71494853415
 30
0.0
 11
-817210.0587684836
 21
-71719.29553115182
 31
0.0
  0
LINE
  5
7C9
330
17
100
AcDbEntity
  8
KM Kolon Tarama
100
AcDbLine
 10
-817207.8490597924
 20
-71717.08582246059
 30
0.0
 11
-817203.4296424099
 21
-71712.66640507814
 31
0.0
  0
LINE
  5
7CA
330
17
100
AcDbEntity
  8
KM Kolon Tarama
100
AcDbLine
 10
-817201.2199337187
 20
-71710.45669638691
 30
0.0
 11
-817196.8005163362
 21
-71706.03727900446
 31
0.0
  0
LINE
  5
7CB
330
17
100
AcDbEntity
  8
KM Kolon Tarama
100
AcDbLine
 10
-817194.590807645
 20
-71703.82757031322
 30
0.0
 11
-817190.1713902625
 21
-71699.4081529309
 31
0.0
  0
LINE
  5
7CC
330
17
100
AcDbEntity
  8
KM Kolon Tarama
100
AcDbLine
 10
-817187.9616815713
 20
-71697.19844423966
 30
0.0
 11
-817183.5422641889
 21
-71692.77902685721
 31
0.0
  0
LINE
  5
7CD
330
17
100
AcDbEntity
  8
KM Kolon Tarama
100
AcDbLine
 10
-817181.3325554976
 20
-71690.569318166
 30
0.0
 11
-817177.5290886197
 21
-71686.76585128799
 31
0.0
  0
LINE
  5
7CE
330
17
100
AcDbEntity
  8
KM Kolon Tarama
100
AcDbLine
 10
-816853.936302929
 20
-71363.17306559719
 30
0.0
 11
-816852.0859605077
 21
-71361.3227231761
 31
0.0
  0
LINE
  5
7CF
330
17
100
AcDbEntity
  8
KM Kolon Tarama
100
AcDbLine
 10
-816849.8762518167
 20
-71359.11301448487
 30
0.0
 11
-816845.4568344342
 21
-71354.69359710242
 31
0.0
  0
LINE
  5
7D0
330
17
100
AcDbEntity
  8
KM Kolon Tarama
100
AcDbLine
 10
-816843.247125743
 20
-71352.4838884112
 30
0.0
 11
-816838.8277083606
 21
-71348.06447102886
 31
0.0
  0
LINE
  5
7D1
330
17
100
AcDbEntity
  8
KM Kolon Tarama
100
AcDbLine
 10
-816836.6179996693
 20
-71345.85476233764
 30
0.0
 11
-816832.198582287
 21
-71341.43534495519
 31
0.0
  0
LINE
  5
7D2
330
17
100
AcDbEntity
  8
KM Kolon Tarama
100
AcDbLine
 10
-816829.9888735957
 20
-71339.22563626396
 30
0.0
 11
-816825.5694562134
 21
-71334.80621888151
 31
0.0
  0
LINE
  5
7D3
330
17
100
AcDbEntity
  8
KM Kolon Tarama
100
AcDbLine
 10
-816823.359747522
 20
-71332.5965101904
 30
0.0
 11
-816818.9403301395
 21
-71328.17709280795
 31
0.0
  0
LINE
  5
7D4
330
17
100
AcDbEntity
  8
KM Kolon Tarama
100
AcDbLine
 10
-816816.7306214485
 20
-71325.96738411672
 30
0.0
 11
-816813.9368179131
 21
-71323.1735805812
 31
0.0
  0
LINE
  5
7D5
330
17
100
AcDbEntity
  8
KM Kolon Tarama
100
AcDbLine
 10
-817217.5289734786
 20
-71744.44340567675
 30
0.0
 11
-817214.4781858659
 21
-71741.39261806382
 31
0.0
  0
LINE
  5
7D6
330
17
100
AcDbEntity
  8
KM Kolon Tarama
100
AcDbLine
 10
-817212.2684771748
 20
-71739.18290937261
 30
0.0
 11
-817207.8490597924
 21
-71734.76349199016
 31
0.0
  0
LINE
  5
7D7
330
17
100
AcDbEntity
  8
KM Kolon Tarama
100
AcDbLine
 10
-817205.6393511009
 20
-71732.55378329905
 30
0.0
 11
-817201.2199337187
 21
-71728.1343659166
 31
0.0
  0
LINE
  5
7D8
330
17
100
AcDbEntity
  8
KM Kolon Tarama
100
AcDbLine
 10
-817199.0102250275
 20
-71725.92465722538
 30
0.0
 11
-817194.590807645
 21
-71721.50523984293
 31
0.0
  0
LINE
  5
7D9
330
17
100
AcDbEntity
  8
KM Kolon Tarama
100
AcDbLine
 10
-817192.3810989538
 20
-71719.2955311517
 30
0.0
 11
-817187.9616815713
 21
-71714.87611376937
 31
0.0
  0
LINE
  5
7DA
330
17
100
AcDbEntity
  8
KM Kolon Tarama
100
AcDbLine
 10
-817185.7519728801
 20
-71712.66640507814
 30
0.0
 11
-817181.3325554976
 21
-71708.24698769567
 31
0.0
  0
LINE
  5
7DB
330
17
100
AcDbEntity
  8
KM Kolon Tarama
100
AcDbLine
 10
-817179.1228468067
 20
-71706.03727900446
 30
0.0
 11
-817177.5290886197
 21
-71704.44352081756
 31
0.0
  0
LINE
  5
7DC
330
17
100
AcDbEntity
  8
KM Kolon Tarama
100
AcDbLine
 10
-816834.408290978
 20
-71361.3227231761
 30
0.0
 11
-816829.9888735957
 21
-71356.90330579376
 31
0.0
  0
LINE
  5
7DD
330
17
100
AcDbEntity
  8
KM Kolon Tarama
100
AcDbLine
 10
-816827.7791649044
 20
-71354.69359710254
 30
0.0
 11
-816823.359747522
 21
-71350.27417972009
 31
0.0
  0
LINE
  5
7DE
330
17
100
AcDbEntity
  8
KM Kolon Tarama
100
AcDbLine
 10
-816821.1500388309
 20
-71348.06447102886
 30
0.0
 11
-816816.7306214485
 21
-71343.64505364641
 31
0.0
  0
LINE
  5
7DF
330
17
100
AcDbEntity
  8
KM Kolon Tarama
100
AcDbLine
 10
-816814.5209127574
 20
-71341.43534495519
 30
0.0
 11
-816810.101495375
 21
-71337.01592757285
 31
0.0
  0
LINE
  5
7E0
330
17
100
AcDbEntity
  8
KM Kolon Tarama
100
AcDbLine
 10
-816807.8917866836
 20
-71334.80621888163
 30
0.0
 11
-816803.4723693015
 21
-71330.38680149917
 31
0.0
  0
LINE
  5
7E1
330
17
100
AcDbEntity
  8
KM Kolon Tarama
100
AcDbLine
 10
-816801.2626606101
 20
-71328.17709280795
 30
0.0
 11
-816796.8432432276
 21
-71323.7576754255
 31
0.0
  0
LINE
  5
7E2
330
17
100
AcDbEntity
  8
KM Kolon Tarama
100
AcDbLine
 10
-817216.6878945573
 20
-71761.27999628475
 30
0.0
 11
-817212.2684771748
 21
-71756.8605789023
 31
0.0
  0
LINE
  5
7E3
330
17
100
AcDbEntity
  8
KM Kolon Tarama
100
AcDbLine
 10
-817210.0587684836
 20
-71754.65087021107
 30
0.0
 11
-817205.6393511011
 21
-71750.23145282862
 31
0.0
  0
LINE
  5
7E4
330
17
100
AcDbEntity
  8
KM Kolon Tarama
100
AcDbLine
 10
-817203.4296424099
 20
-71748.02174413751
 30
0.0
 11
-817199.0102250275
 21
-71743.60232675506
 31
0.0
  0
LINE
  5
7E5
330
17
100
AcDbEntity
  8
KM Kolon Tarama
100
AcDbLine
 10
-817196.8005163362
 20
-71741.39261806382
 30
0.0
 11
-817192.3810989538
 21
-71736.97320068139
 31
0.0
  0
LINE
  5
7E6
330
17
100
AcDbEntity
  8
KM Kolon Tarama
100
AcDbLine
 10
-817190.1713902625
 20
-71734.76349199016
 30
0.0
 11
-817185.7519728801
 21
-71730.34407460783
 31
0.0
  0
LINE
  5
7E7
330
17
100
AcDbEntity
  8
KM Kolon Tarama
100
AcDbLine
 10
-817183.5422641889
 20
-71728.1343659166
 30
0.0
 11
-817179.1228468067
 21
-71723.71494853415
 31
0.0
  0
LINE
  5
7E8
330
17
100
AcDbEntity
  8
KM Kolon Tarama
100
AcDbLine
 10
-816818.5809638693
 20
-71363.17306559719
 30
0.0
 11
-816814.5209127571
 21
-71359.11301448487
 31
0.0
  0
LINE
  5
7E9
330
17
100
AcDbEntity
  8
KM Kolon Tarama
100
AcDbLine
 10
-816812.311204066
 20
-71356.90330579365
 30
0.0
 11
-816807.8917866836
 21
-71352.48388841131
 31
0.0
  0
LINE
  5
7EA
330
17
100
AcDbEntity
  8
KM Kolon Tarama
100
AcDbLine
 10
-816805.6820779925
 20
-71350.27417972009
 30
0.0
 11
-816801.2626606101
 21
-71345.85476233764
 31
0.0
  0
LINE
  5
7EB
330
17
100
AcDbEntity
  8
KM Kolon Tarama
100
AcDbLine
 10
-816799.0529519187
 20
-71343.64505364641
 30
0.0
 11
-816794.6335345366
 21
-71339.22563626396
 31
0.0
  0
LINE
  5
7EC
330
17
100
AcDbEntity
  8
KM Kolon Tarama
100
AcDbLine
 10
-816792.4238258452
 20
-71337.01592757273
 30
0.0
 11
-816788.0044084627
 21
-71332.5965101904
 31
0.0
  0
LINE
  5
7ED
330
17
100
AcDbEntity
  8
KM Kolon Tarama
100
AcDbLine
 10
-816785.7946997717
 20
-71330.38680149917
 30
0.0
 11
-816783.5197368892
 21
-71328.1118386169
 31
0.0
  0
LINE
  5
7EE
330
17
100
AcDbEntity
  8
KM Kolon Tarama
100
AcDbLine
 10
-817217.5287098985
 20
-71779.79848115577
 30
0.0
 11
-817216.6878945569
 21
-71778.95766581444
 31
0.0
  0
LINE
  5
7EF
330
17
100
AcDbEntity
  8
KM Kolon Tarama
100
AcDbLine
 10
-817214.4781858659
 20
-71776.74795712321
 30
0.0
 11
-817210.0587684833
 21
-71772.32853974076
 31
0.0
  0
LINE
  5
7F0
330
17
100
AcDbEntity
  8
KM Kolon Tarama
100
AcDbLine
 10
-817207.8490597924
 20
-71770.11883104953
 30
0.0
 11
-817203.4296424099
 21
-71765.69941366708
 31
0.0
  0
LINE
  5
7F1
330
17
100
AcDbEntity
  8
KM Kolon Tarama
100
AcDbLine
 10
-817201.2199337187
 20
-71763.48970497597
 30
0.0
 11
-817196.8005163362
 21
-71759.07028759352
 31
0.0
  0
LINE
  5
7F2
330
17
100
AcDbEntity
  8
KM Kolon Tarama
100
AcDbLine
 10
-817194.590807645
 20
-71756.8605789023
 30
0.0
 11
-817190.1713902625
 21
-71752.44116151985
 31
0.0
  0
LINE
  5
7F3
330
17
100
AcDbEntity
  8
KM Kolon Tarama
100
AcDbLine
 10
-817187.9616815713
 20
-71750.23145282862
 30
0.0
 11
-817183.5422641889
 21
-71745.81203544617
 31
0.0
  0
LINE
  5
7F4
330
17
100
AcDbEntity
  8
KM Kolon Tarama
100
AcDbLine
 10
-817181.3325554976
 20
-71743.60232675506
 30
0.0
 11
-817177.5290886197
 21
-71739.79885987693
 31
0.0
  0
LINE
  5
7F5
330
17
100
AcDbEntity
  8
KM Kolon Tarama
100
AcDbLine
 10
-816800.9032943398
 20
-71363.17306559719
 30
0.0
 11
-816799.0529519187
 21
-71361.3227231761
 31
0.0
  0
LINE
  5
7F6
330
17
100
AcDbEntity
  8
KM Kolon Tarama
100
AcDbLine
 10
-816796.8432432276
 20
-71359.11301448487
 30
0.0
 11
-816792.4238258452
 21
-71354.69359710242
 31
0.0
  0
LINE
  5
7F7
330
17
100
AcDbEntity
  8
KM Kolon Tarama
100
AcDbLine
 10
-816790.2141171538
 20
-71352.48388841131
 30
0.0
 11
-816785.7946997717
 21
-71348.06447102886
 31
0.0
  0
LINE
  5
7F8
330
17
100
AcDbEntity
  8
KM Kolon Tarama
100
AcDbLine
 10
-816783.5849910803
 20
-71345.85476233764
 30
0.0
 11
-816783.5197368892
 21
-71345.78950814658
 31
0.0
  0
LINE
  5
7F9
330
17
100
AcDbEntity
  8
KM Kolon Tarama
100
AcDbLine
 10
-817217.5285781085
 20
-71797.47601889528
 30
0.0
 11
-817214.4781858659
 21
-71794.42562665278
 31
0.0
  0
LINE
  5
7FA
330
17
100
AcDbEntity
  8
KM Kolon Tarama
100
AcDbLine
 10
-817212.2684771748
 20
-71792.21591796156
 30
0.0
 11
-817207.8490597924
 21
-71787.7965005791
 31
0.0
  0
LINE
  5
7FB
330
17
100
AcDbEntity
  8
KM Kolon Tarama
100
AcDbLine
 10
-817205.6393511009
 20
-71785.586791888
 30
0.0
 11
-817201.2199337187
 21
-71781.16737450555
 31
0.0
  0
LINE
  5
7FC
330
17
100
AcDbEntity
  8
KM Kolon Tarama
100
AcDbLine
 10
-817199.0102250275
 20
-71778.95766581432
 30
0.0
 11
-817194.590807645
 21
-71774.53824843187
 31
0.0
  0
LINE
  5
7FD
330
17
100
AcDbEntity
  8
KM Kolon Tarama
100
AcDbLine
 10
-817192.3810989538
 20
-71772.32853974064
 30
0.0
 11
-817187.9616815713
 21
-71767.90912235831
 31
0.0
  0
LINE
  5
7FE
330
17
100
AcDbEntity
  8
KM Kolon Tarama
100
AcDbLine
 10
-817185.7519728801
 20
-71765.69941366708
 30
0.0
 11
-817181.3325554976
 21
-71761.27999628463
 31
0.0
  0
LINE
  5
7FF
330
17
100
AcDbEntity
  8
KM Kolon Tarama
100
AcDbLine
 10
-817179.1228468067
 20
-71759.07028759341
 30
0.0
 11
-817177.5290886197
 21
-71757.4765294065
 31
0.0
  0
LINE
  5
800
330
17
100
AcDbEntity
  8
KM Kolon Tarama
100
AcDbLine
 10
-817200.4508616984
 20
-71798.07597201504
 30
0.0
 11
-817199.0102250275
 21
-71796.635335344
 31
0.0
  0
LINE
  5
801
330
17
100
AcDbEntity
  8
KM Kolon Tarama
100
AcDbLine
 10
-817196.8005163362
 20
-71794.4256266529
 30
0.0
 11
-817192.3810989538
 21
-71790.00620927045
 31
0.0
  0
LINE
  5
802
330
17
100
AcDbEntity
  8
KM Kolon Tarama
100
AcDbLine
 10
-817190.1713902625
 20
-71787.79650057922
 30
0.0
 11
-817185.7519728801
 21
-71783.37708319677
 31
0.0
  0
LINE
  5
803
330
17
100
AcDbEntity
  8
KM Kolon Tarama
100
AcDbLine
 10
-817183.5422641889
 20
-71781.16737450555
 30
0.0
 11
-817179.1228468067
 21
-71776.74795712321
 31
0.0
  0
LINE
  5
804
330
17
100
AcDbEntity
  8
KM Kolon Tarama
100
AcDbLine
 10
-817181.3325554976
 20
-71796.635335344
 30
0.0
 11
-817177.5290886197
 21
-71792.83186846599
 31
0.0
  0
LINE
  5
805
330
17
100
AcDbEntity
  8
KM Kolon Tarama
100
AcDbLine
 10
-816693.5191074642
 20
-71414.88790448848
 30
0.0
 11
-816692.9869347409
 21
-71414.35573176504
 31
0.0
  0
LINE
  5
806
330
17
100
AcDbEntity
  8
KM Kolon Tarama
100
AcDbLine
 10
-816690.7772260497
 20
-71412.14602307382
 30
0.0
 11
-816686.3578086672
 21
-71407.72660569136
 31
0.0
  0
LINE
  5
807
330
17
100
AcDbEntity
  8
KM Kolon Tarama
100
AcDbLine
 10
-816684.148099976
 20
-71405.51689700013
 30
0.0
 11
-816681.8049456818
 21
-71403.17374270583
 31
0.0
  0
LINE
  5
808
330
17
100
AcDbEntity
  8
KM Kolon Tarama
100
AcDbLine
 10
-816693.5191074642
 20
-71432.56557401817
 30
0.0
 11
-816690.7772260497
 21
-71429.8236926035
 31
0.0
  0
LINE
  5
809
330
17
100
AcDbEntity
  8
KM Kolon Tarama
100
AcDbLine
 10
-816688.5675173585
 20
-71427.61398391228
 30
0.0
 11
-816684.148099976
 21
-71423.19456652983
 31
0.0
  0
LINE
  5
80A
330
17
100
AcDbEntity
  8
KM Kolon Tarama
100
AcDbLine
 10
-816681.9383912848
 20
-71420.9848578387
 30
0.0
 11
-816677.5189739023
 21
-71416.56544045627
 31
0.0
  0
LINE
  5
80B
330
17
100
AcDbEntity
  8
KM Kolon Tarama
100
AcDbLine
 10
-816675.3092652111
 20
-71414.35573176504
 30
0.0
 11
-816670.8898478288
 21
-71409.93631438258
 31
0.0
  0
LINE
  5
80C
330
17
100
AcDbEntity
  8
KM Kolon Tarama
100
AcDbLine
 10
-816668.6801391374
 20
-71407.72660569136
 30
0.0
 11
-816664.260721755
 21
-71403.30718830891
 31
0.0
  0
LINE
  5
80D
330
17
100
AcDbEntity
  8
KM Kolon Tarama
100
AcDbLine
 10
-816692.9869347409
 20
-71449.71107082441
 30
0.0
 11
-816688.5675173585
 21
-71445.29165344196
 31
0.0
  0
LINE
  5
80E
330
17
100
AcDbEntity
  8
KM Kolon Tarama
100
AcDbLine
 10
-816686.3578086672
 20
-71443.08194475072
 30
0.0
 11
-816681.9383912848
 21
-71438.66252736827
 31
0.0
  0
LINE
  5
80F
330
17
100
AcDbEntity
  8
KM Kolon Tarama
100
AcDbLine
 10
-816679.7286825937
 20
-71436.45281867706
 30
0.0
 11
-816675.3092652113
 21
-71432.03340129471
 31
0.0
  0
LINE
  5
810
330
17
100
AcDbEntity
  8
KM Kolon Tarama
100
AcDbLine
 10
-816673.0995565199
 20
-71429.8236926035
 30
0.0
 11
-816668.6801391375
 21
-71425.40427522105
 31
0.0
  0
LINE
  5
811
330
17
100
AcDbEntity
  8
KM Kolon Tarama
100
AcDbLine
 10
-816666.4704304464
 20
-71423.19456652983
 30
0.0
 11
-816662.0510130639
 21
-71418.77514914738
 31
0.0
  0
LINE
  5
812
330
17
100
AcDbEntity
  8
KM Kolon Tarama
100
AcDbLine
 10
-816659.8413043726
 20
-71416.56544045627
 30
0.0
 11
-816655.4218869903
 21
-71412.14602307382
 31
0.0
  0
LINE
  5
813
330
17
100
AcDbEntity
  8
KM Kolon Tarama
100
AcDbLine
 10
-816693.5191074642
 20
-71467.92091307754
 30
0.0
 11
-816692.9869347409
 21
-71467.3887403541
 31
0.0
  0
LINE
  5
814
330
17
100
AcDbEntity
  8
KM Kolon Tarama
100
AcDbLine
 10
-816690.7772260497
 20
-71465.17903166288
 30
0.0
 11
-816686.3578086672
 21
-71460.75961428043
 31
0.0
  0
LINE
  5
815
330
17
100
AcDbEntity
  8
KM Kolon Tarama
100
AcDbLine
 10
-816684.148099976
 20
-71458.5499055892
 30
0.0
 11
-816679.7286825937
 21
-71454.13048820675
 31
0.0
  0
LINE
  5
816
330
17
100
AcDbEntity
  8
KM Kolon Tarama
100
AcDbLine
 10
-816677.5189739023
 20
-71451.92077951564
 30
0.0
 11
-816673.0995565199
 21
-71447.50136213319
 31
0.0
  0
LINE
  5
817
330
17
100
AcDbEntity
  8
KM Kolon Tarama
100
AcDbLine
 10
-816670.8898478288
 20
-71445.29165344196
 30
0.0
 11
-816666.4704304464
 21
-71440.87223605951
 31
0.0
  0
LINE
  5
818
330
17
100
AcDbEntity
  8
KM Kolon Tarama
100
AcDbLine
 10
-816664.260721755
 20
-71438.66252736827
 30
0.0
 11
-816659.8413043726
 21
-71434.24310998584
 31
0.0
  0
LINE
  5
819
330
17
100
AcDbEntity
  8
KM Kolon Tarama
100
AcDbLine
 10
-816657.6315956815
 20
-71432.03340129471
 30
0.0
 11
-816653.5181198327
 21
-71427.91992544604
 31
0.0
  0
LINE
  5
81A
330
17
100
AcDbEntity
  8
KM Kolon Tarama
100
AcDbLine
 10
-816693.5191074642
 20
-71485.59858260723
 30
0.0
 11
-816690.7772260497
 21
-71482.85670119256
 31
0.0
  0
LINE
  5
81B
330
17
100
AcDbEntity
  8
KM Kolon Tarama
100
AcDbLine
 10
-816688.5675173585
 20
-71480.64699250134
 30
0.0
 11
-816684.148099976
 21
-71476.22757511889
 31
0.0
  0
LINE
  5
81C
330
17
100
AcDbEntity
  8
KM Kolon Tarama
100
AcDbLine
 10
-816681.9383912848
 20
-71474.01786642766
 30
0.0
 11
-816677.5189739023
 21
-71469.59844904521
 31
0.0
  0
LINE
  5
81D
330
17
100
AcDbEntity
  8
KM Kolon Tarama
100
AcDbLine
 10
-816675.3092652111
 20
-71467.3887403541
 30
0.0
 11
-816670.8898478288
 21
-71462.96932297165
 31
0.0
  0
LINE
  5
81E
330
17
100
AcDbEntity
  8
KM Kolon Tarama
100
AcDbLine
 10
-816668.6801391374
 20
-71460.75961428043
 30
0.0
 11
-816664.260721755
 21
-71456.34019689797
 31
0.0
  0
LINE
  5
81F
330
17
100
AcDbEntity
  8
KM Kolon Tarama
100
AcDbLine
 10
-816662.0510130639
 20
-71454.13048820675
 30
0.0
 11
-816657.6315956815
 21
-71449.71107082441
 31
0.0
  0
LINE
  5
820
330
17
100
AcDbEntity
  8
KM Kolon Tarama
100
AcDbLine
 10
-816655.4218869903
 20
-71447.50136213319
 30
0.0
 11
-816653.5178980106
 21
-71445.59737315343
 31
0.0
  0
LINE
  5
821
330
17
100
AcDbEntity
  8
KM Kolon Tarama
100
AcDbLine
 10
-816686.3578086672
 20
-71496.1149533398
 30
0.0
 11
-816681.9383912848
 21
-71491.69553595735
 31
0.0
  0
LINE
  5
822
330
17
100
AcDbEntity
  8
KM Kolon Tarama
100
AcDbLine
 10
-816679.7286825937
 20
-71489.48582726612
 30
0.0
 11
-816675.3092652113
 21
-71485.06640988379
 31
0.0
  0
LINE
  5
823
330
17
100
AcDbEntity
  8
KM Kolon Tarama
100
AcDbLine
 10
-816673.0995565199
 20
-71482.85670119256
 30
0.0
 11
-816668.6801391375
 21
-71478.43728381011
 31
0.0
  0
LINE
  5
824
330
17
100
AcDbEntity
  8
KM Kolon Tarama
100
AcDbLine
 10
-816666.4704304464
 20
-71476.22757511889
 30
0.0
 11
-816662.0510130639
 21
-71471.80815773644
 31
0.0
  0
LINE
  5
825
330
17
100
AcDbEntity
  8
KM Kolon Tarama
100
AcDbLine
 10
-816659.8413043726
 20
-71469.59844904521
 30
0.0
 11
-816655.4218869903
 21
-71465.17903166288
 31
0.0
  0
LINE
  5
826
330
17
100
AcDbEntity
  8
KM Kolon Tarama
100
AcDbLine
 10
-816670.7391955325
 20
-71498.17400973476
 30
0.0
 11
-816666.4704304464
 21
-71493.90524464857
 31
0.0
  0
LINE
  5
827
330
17
100
AcDbEntity
  8
KM Kolon Tarama
100
AcDbLine
 10
-816664.260721755
 20
-71491.69553595735
 30
0.0
 11
-816659.8413043726
 21
-71487.27611857501
 31
0.0
  0
LINE
  5
828
330
17
100
AcDbEntity
  8
KM Kolon Tarama
100
AcDbLine
 10
-816657.6315956815
 20
-71485.06640988379
 30
0.0
 11
-816653.5174543665
 21
-71480.95226856868
 31
0.0
  0
LINE
  5
829
330
17
100
AcDbEntity
  8
KM Kolon Tarama
100
AcDbLine
 10
-816693.519058843
 20
-71644.69755975285
 30
0.0
 11
-816690.7772260497
 21
-71641.95572695951
 31
0.0
  0
LINE
  5
82A
330
17
100
AcDbEntity
  8
KM Kolon Tarama
100
AcDbLine
 10
-816688.5675173585
 20
-71639.74601826828
 30
0.0
 11
-816686.9972826589
 21
-71638.175783569
 31
0.0
  0
LINE
  5
82B
330
17
100
AcDbEntity
  8
KM Kolon Tarama
100
AcDbLine
 10
-816602.3888784013
 20
-71553.5673793112
 30
0.0
 11
-816597.9694610189
 21
-71549.14796192874
 31
0.0
  0
LINE
  5
82C
330
17
100
AcDbEntity
  8
KM Kolon Tarama
100
AcDbLine
 10
-816692.9869347409
 20
-71661.84310518042
 30
0.0
 11
-816688.5675173585
 21
-71657.42368779797
 31
0.0
  0
LINE
  5
82D
330
17
100
AcDbEntity
  8
KM Kolon Tarama
100
AcDbLine
 10
-816686.3578086672
 20
-71655.21397910675
 30
0.0
 11
-816681.9383912848
 21
-71650.7945617243
 31
0.0
  0
LINE
  5
82E
330
17
100
AcDbEntity
  8
KM Kolon Tarama
100
AcDbLine
 10
-816679.7286825937
 20
-71648.58485303319
 30
0.0
 11
-816675.3092652113
 21
-71644.16543565074
 31
0.0
  0
LINE
  5
82F
330
17
100
AcDbEntity
  8
KM Kolon Tarama
100
AcDbLine
 10
-816673.0995565199
 20
-71641.95572695951
 30
0.0
 11
-816669.3196131294
 21
-71638.175783569
 31
0.0
  0
LINE
  5
830
330
17
100
AcDbEntity
  8
KM Kolon Tarama
100
AcDbLine
 10
-816603.5172859464
 20
-71572.3734563859
 30
0.0
 11
-816602.3888784013
 21
-71571.24504884086
 31
0.0
  0
LINE
  5
831
330
17
100
AcDbEntity
  8
KM Kolon Tarama
100
AcDbLine
 10
-816600.17916971
 20
-71569.03534014965
 30
0.0
 11
-816595.7597523275
 21
-71564.6159227672
 31
0.0
  0
LINE
  5
832
330
17
100
AcDbEntity
  8
KM Kolon Tarama
100
AcDbLine
 10
-816593.5500436365
 20
-71562.40621407596
 30
0.0
 11
-816589.130626254
 21
-71557.98679669353
 31
0.0
  0
LINE
  5
833
330
17
100
AcDbEntity
  8
KM Kolon Tarama
100
AcDbLine
 10
-816586.920917563
 20
-71555.77708800242
 30
0.0
 11
-816582.5015001805
 21
-71551.35767061997
 31
0.0
  0
LINE
  5
834
330
17
100
AcDbEntity
  8
KM Kolon Tarama
100
AcDbLine
 10
-816580.2917914891
 20
-71549.14796192874
 30
0.0
 11
-816579.3189837044
 21
-71548.17515414394
 31
0.0
  0
LINE
  5
835
330
17
100
AcDbEntity
  8
KM Kolon Tarama
100
AcDbLine
 10
-816693.5187952626
 20
-71680.05263523187
 30
0.0
 11
-816692.9869347409
 21
-71679.52077470999
 31
0.0
  0
LINE
  5
836
330
17
100
AcDbEntity
  8
KM Kolon Tarama
100
AcDbLine
 10
-816690.7772260495
 20
-71677.31106601877
 30
0.0
 11
-816686.3578086671
 21
-71672.89164863643
 31
0.0
  0
LINE
  5
837
330
17
100
AcDbEntity
  8
KM Kolon Tarama
100
AcDbLine
 10
-816684.148099976
 20
-71670.6819399452
 30
0.0
 11
-816679.7286825936
 21
-71666.26252256276
 31
0.0
  0
LINE
  5
838
330
17
100
AcDbEntity
  8
KM Kolon Tarama
100
AcDbLine
 10
-816677.5189739023
 20
-71664.05281387153
 30
0.0
 11
-816673.0995565199
 21
-71659.63339648908
 31
0.0
  0
LINE
  5
839
330
17
100
AcDbEntity
  8
KM Kolon Tarama
100
AcDbLine
 10
-816670.8898478288
 20
-71657.42368779785
 30
0.0
 11
-816666.4704304464
 21
-71653.00427041552
 31
0.0
  0
LINE
  5
83A
330
17
100
AcDbEntity
  8
KM Kolon Tarama
100
AcDbLine
 10
-816664.260721755
 20
-71650.7945617243
 30
0.0
 11
-816659.8413043726
 21
-71646.37514434184
 31
0.0
  0
LINE
  5
83B
330
17
100
AcDbEntity
  8
KM Kolon Tarama
100
AcDbLine
 10
-816657.6315956815
 20
-71644.16543565062
 30
0.0
 11
-816653.5184303555
 21
-71640.05227032467
 31
0.0
  0
LINE
  5
83C
330
17
100
AcDbEntity
  8
KM Kolon Tarama
100
AcDbLine
 10
-816601.6407991907
 20
-71588.17463915981
 30
0.0
 11
-816600.17916971
 21
-71586.71300967934
 31
0.0
  0
LINE
  5
83D
330
17
100
AcDbEntity
  8
KM Kolon Tarama
100
AcDbLine
 10
-816597.9694610189
 20
-71584.50330098812
 30
0.0
 11
-816593.5500436365
 21
-71580.08388360566
 31
0.0
  0
LINE
  5
83E
330
17
100
AcDbEntity
  8
KM Kolon Tarama
100
AcDbLine
 10
-816591.3403349451
 20
-71577.87417491442
 30
0.0
 11
-816586.920917563
 21
-71573.45475753197
 31
0.0
  0
LINE
  5
83F
330
17
100
AcDbEntity
  8
KM Kolon Tarama
100
AcDbLine
 10
-816584.7112088716
 20
-71571.24504884076
 30
0.0
 11
-816580.2917914891
 21
-71566.82563145841
 31
0.0
  0
LINE
  5
840
330
17
100
AcDbEntity
  8
KM Kolon Tarama
100
AcDbLine
 10
-816578.0820827981
 20
-71564.6159227672
 30
0.0
 11
-816573.6626654156
 21
-71560.19650538475
 31
0.0
  0
LINE
  5
841
330
17
100
AcDbEntity
  8
KM Kolon Tarama
100
AcDbLine
 10
-816571.4529567242
 20
-71557.98679669353
 30
0.0
 11
-816567.033539342
 21
-71553.56737931108
 31
0.0
  0
LINE
  5
842
330
17
100
AcDbEntity
  8
KM Kolon Tarama
100
AcDbLine
 10
-816564.8238306507
 20
-71551.35767061997
 30
0.0
 11
-816561.6413141747
 21
-71548.17515414394
 31
0.0
  0
LINE
  5
843
330
17
100
AcDbEntity
  8
KM Kolon Tarama
100
AcDbLine
 10
-816693.5186634725
 20
-71697.73017297138
 30
0.0
 11
-816690.7772260497
 21
-71694.98873554845
 31
0.0
  0
LINE
  5
844
330
17
100
AcDbEntity
  8
KM Kolon Tarama
100
AcDbLine
 10
-816688.5675173585
 20
-71692.77902685721
 30
0.0
 11
-816684.148099976
 21
-71688.3596094749
 31
0.0
  0
LINE
  5
845
330
17
100
AcDbEntity
  8
KM Kolon Tarama
100
AcDbLine
 10
-816681.9383912848
 20
-71686.14990078367
 30
0.0
 11
-816677.5189739023
 21
-71681.73048340122
 31
0.0
  0
LINE
  5
846
330
17
100
AcDbEntity
  8
KM Kolon Tarama
100
AcDbLine
 10
-816675.3092652111
 20
-71679.52077470999
 30
0.0
 11
-816670.8898478288
 21
-71675.10135732766
 31
0.0
  0
LINE
  5
847
330
17
100
AcDbEntity
  8
KM Kolon Tarama
100
AcDbLine
 10
-816668.6801391374
 20
-71672.89164863643
 30
0.0
 11
-816664.260721755
 21
-71668.47223125398
 31
0.0
  0
LINE
  5
848
330
17
100
AcDbEntity
  8
KM Kolon Tarama
100
AcDbLine
 10
-816662.0510130639
 20
-71666.26252256276
 30
0.0
 11
-816657.6315956815
 21
-71661.8431051803
 31
0.0
  0
LINE
  5
849
330
17
100
AcDbEntity
  8
KM Kolon Tarama
100
AcDbLine
 10
-816655.4218869903
 20
-71659.63339648908
 30
0.0
 11
-816653.5184303555
 21
-71657.72993985435
 31
0.0
  0
LINE
  5
84A
330
17
100
AcDbEntity
  8
KM Kolon Tarama
100
AcDbLine
 10
-816582.5015001802
 20
-71586.71300967922
 30
0.0
 11
-816578.0820827981
 21
-71582.29359229689
 31
0.0
  0
LINE
  5
84B
330
17
100
AcDbEntity
  8
KM Kolon Tarama
100
AcDbLine
 10
-816575.8723741067
 20
-71580.08388360566
 30
0.0
 11
-816571.4529567242
 21
-71575.66446622321
 31
0.0
  0
LINE
  5
84C
330
17
100
AcDbEntity
  8
KM Kolon Tarama
100
AcDbLine
 10
-816569.2432480332
 20
-71573.45475753197
 30
0.0
 11
-816564.8238306507
 21
-71569.03534014952
 31
0.0
  0
LINE
  5
84D
330
17
100
AcDbEntity
  8
KM Kolon Tarama
100
AcDbLine
 10
-816562.6141219595
 20
-71566.82563145841
 30
0.0
 11
-816558.1947045771
 21
-71562.40621407596
 31
0.0
  0
LINE
  5
84E
330
17
100
AcDbEntity
  8
KM Kolon Tarama
100
AcDbLine
 10
-816555.984995886
 20
-71560.19650538475
 30
0.0
 11
-816551.5655785037
 21
-71555.7770880023
 31
0.0
  0
LINE
  5
84F
330
17
100
AcDbEntity
  8
KM Kolon Tarama
100
AcDbLine
 10
-816549.3558698122
 20
-71553.56737931108
 30
0.0
 11
-816544.9364524301
 21
-71549.14796192863
 31
0.0
  0
LINE
  5
850
330
17
100
AcDbEntity
  8
KM Kolon Tarama
100
AcDbLine
 10
-816692.9869347409
 20
-71714.87611376937
 30
0.0
 11
-816688.5675173585
 21
-71710.45669638691
 31
0.0
  0
LINE
  5
851
330
17
100
AcDbEntity
  8
KM Kolon Tarama
100
AcDbLine
 10
-816686.3578086671
 20
-71708.24698769567
 30
0.0
 11
-816681.9383912848
 21
-71703.82757031335
 31
0.0
  0
LINE
  5
852
330
17
100
AcDbEntity
  8
KM Kolon Tarama
100
AcDbLine
 10
-816679.7286825936
 20
-71701.61786162212
 30
0.0
 11
-816675.3092652111
 21
-71697.19844423966
 31
0.0
  0
LINE
  5
853
330
17
100
AcDbEntity
  8
KM Kolon Tarama
100
AcDbLine
 10
-816673.0995565199
 20
-71694.98873554845
 30
0.0
 11
-816668.6801391374
 21
-71690.56931816612
 31
0.0
  0
LINE
  5
854
330
17
100
AcDbEntity
  8
KM Kolon Tarama
100
AcDbLine
 10
-816666.4704304464
 20
-71688.3596094749
 30
0.0
 11
-816662.0510130639
 21
-71683.94019209244
 31
0.0
  0
LINE
  5
855
330
17
100
AcDbEntity
  8
KM Kolon Tarama
100
AcDbLine
 10
-816659.8413043726
 20
-71681.73048340122
 30
0.0
 11
-816655.4218869903
 21
-71677.31106601877
 31
0.0
  0
LINE
  5
856
330
17
100
AcDbEntity
  8
KM Kolon Tarama
100
AcDbLine
 10
-816566.2854601312
 20
-71588.17463915981
 30
0.0
 11
-816562.6141219595
 21
-71584.50330098812
 31
0.0
  0
LINE
  5
857
330
17
100
AcDbEntity
  8
KM Kolon Tarama
100
AcDbLine
 10
-816560.4044132683
 20
-71582.29359229689
 30
0.0
 11
-816555.984995886
 21
-71577.87417491442
 31
0.0
  0
LINE
  5
858
330
17
100
AcDbEntity
  8
KM Kolon Tarama
100
AcDbLine
 10
-816553.7752871946
 20
-71575.66446622321
 30
0.0
 11
-816549.3558698122
 21
-71571.24504884086
 31
0.0
  0
LINE
  5
859
330
17
100
AcDbEntity
  8
KM Kolon Tarama
100
AcDbLine
 10
-816547.1461611211
 20
-71569.03534014965
 30
0.0
 11
-816542.7267437387
 21
-71564.6159227672
 31
0.0
  0
LINE
  5
85A
330
17
100
AcDbEntity
  8
KM Kolon Tarama
100
AcDbLine
 10
-816540.5170350473
 20
-71562.40621407596
 30
0.0
 11
-816536.0976176652
 21
-71557.98679669353
 31
0.0
  0
LINE
  5
85B
330
17
100
AcDbEntity
  8
KM Kolon Tarama
100
AcDbLine
 10
-816533.8879089738
 20
-71555.77708800242
 30
0.0
 11
-816529.4684915913
 21
-71551.35767061997
 31
0.0
  0
LINE
  5
85C
330
17
100
AcDbEntity
  8
KM Kolon Tarama
100
AcDbLine
 10
-816527.2587829003
 20
-71549.14796192874
 30
0.0
 11
-816526.2859751154
 21
-71548.17515414394
 31
0.0
  0
LINE
  5
85D
330
17
100
AcDbEntity
  8
KM Kolon Tarama
100
AcDbLine
 10
-816693.5183998921
 20
-71733.08524845052
 30
0.0
 11
-816692.9869347409
 21
-71732.55378329905
 31
0.0
  0
LINE
  5
85E
330
17
100
AcDbEntity
  8
KM Kolon Tarama
100
AcDbLine
 10
-816690.7772260497
 20
-71730.34407460783
 30
0.0
 11
-816686.3578086672
 21
-71725.92465722538
 31
0.0
  0
LINE
  5
85F
330
17
100
AcDbEntity
  8
KM Kolon Tarama
100
AcDbLine
 10
-816684.148099976
 20
-71723.71494853415
 30
0.0
 11
-816679.7286825937
 21
-71719.2955311517
 31
0.0
  0
LINE
  5
860
330
17
100
AcDbEntity
  8
KM Kolon Tarama
100
AcDbLine
 10
-816677.5189739023
 20
-71717.08582246059
 30
0.0
 11
-816673.0995565199
 21
-71712.66640507814
 31
0.0
  0
LINE
  5
861
330
17
100
AcDbEntity
  8
KM Kolon Tarama
100
AcDbLine
 10
-816670.8898478288
 20
-71710.45669638691
 30
0.0
 11
-816666.4704304464
 21
-71706.03727900446
 31
0.0
  0
LINE
  5
862
330
17
100
AcDbEntity
  8
KM Kolon Tarama
100
AcDbLine
 10
-816664.260721755
 20
-71703.82757031322
 30
0.0
 11
-816659.8413043726
 21
-71699.4081529309
 31
0.0
  0
LINE
  5
863
330
17
100
AcDbEntity
  8
KM Kolon Tarama
100
AcDbLine
 10
-816657.6315956815
 20
-71697.19844423966
 30
0.0
 11
-816653.5184303555
 21
-71693.08527891373
 31
0.0
  0
LINE
  5
864
330
17
100
AcDbEntity
  8
KM Kolon Tarama
100
AcDbLine
 10
-816548.6077906017
 20
-71588.17463915981
 30
0.0
 11
-816547.1461611211
 21
-71586.71300967934
 31
0.0
  0
LINE
  5
865
330
17
100
AcDbEntity
  8
KM Kolon Tarama
100
AcDbLine
 10
-816544.9364524297
 20
-71584.50330098812
 30
0.0
 11
-816540.5170350473
 21
-71580.08388360566
 31
0.0
  0
LINE
  5
866
330
17
100
AcDbEntity
  8
KM Kolon Tarama
100
AcDbLine
 10
-816538.3073263562
 20
-71577.87417491442
 30
0.0
 11
-816533.8879089738
 21
-71573.45475753197
 31
0.0
  0
LINE
  5
867
330
17
100
AcDbEntity
  8
KM Kolon Tarama
100
AcDbLine
 10
-816531.6782002827
 20
-71571.24504884076
 30
0.0
 11
-816527.2587829003
 21
-71566.82563145841
 31
0.0
  0
LINE
  5
868
330
17
100
AcDbEntity
  8
KM Kolon Tarama
100
AcDbLine
 10
-816525.049074209
 20
-71564.6159227672
 30
0.0
 11
-816520.6296568266
 21
-71560.19650538475
 31
0.0
  0
LINE
  5
869
330
17
100
AcDbEntity
  8
KM Kolon Tarama
100
AcDbLine
 10
-816518.4199481354
 20
-71557.98679669353
 30
0.0
 11
-816514.000530753
 21
-71553.56737931108
 31
0.0
  0
LINE
  5
86A
330
17
100
AcDbEntity
  8
KM Kolon Tarama
100
AcDbLine
 10
-816511.7908220617
 20
-71551.35767061997
 30
0.0
 11
-816508.6083055859
 21
-71548.17515414394
 31
0.0
  0
LINE
  5
86B
330
17
100
AcDbEntity
  8
KM Kolon Tarama
100
AcDbLine
 10
-816693.5182681021
 20
-71750.76278619003
 30
0.0
 11
-816690.7772260497
 21
-71748.02174413751
 31
0.0
  0
LINE
  5
86C
330
17
100
AcDbEntity
  8
KM Kolon Tarama
100
AcDbLine
 10
-816688.5675173585
 20
-71745.81203544629
 30
0.0
 11
-816684.148099976
 21
-71741.39261806382
 31
0.0
  0
LINE
  5
86D
330
17
100
AcDbEntity
  8
KM Kolon Tarama
100
AcDbLine
 10
-816681.9383912848
 20
-71739.18290937261
 30
0.0
 11
-816677.5189739023
 21
-71734.76349199016
 31
0.0
  0
LINE
  5
86E
330
17
100
AcDbEntity
  8
KM Kolon Tarama
100
AcDbLine
 10
-816675.3092652111
 20
-71732.55378329905
 30
0.0
 11
-816670.8898478288
 21
-71728.1343659166
 31
0.0
  0
LINE
  5
86F
330
17
100
AcDbEntity
  8
KM Kolon Tarama
100
AcDbLine
 10
-816668.6801391374
 20
-71725.92465722538
 30
0.0
 11
-816664.260721755
 21
-71721.50523984293
 31
0.0
  0
LINE
  5
870
330
17
100
AcDbEntity
  8
KM Kolon Tarama
100
AcDbLine
 10
-816662.0510130639
 20
-71719.2955311517
 30
0.0
 11
-816657.6315956815
 21
-71714.87611376937
 31
0.0
  0
LINE
  5
871
330
17
100
AcDbEntity
  8
KM Kolon Tarama
100
AcDbLine
 10
-816655.4218869903
 20
-71712.66640507814
 30
0.0
 11
-816653.5184303555
 21
-71710.76294844341
 31
0.0
  0
LINE
  5
872
330
17
100
AcDbEntity
  8
KM Kolon Tarama
100
AcDbLine
 10
-816529.4684915913
 20
-71586.71300967934
 30
0.0
 11
-816525.049074209
 21
-71582.29359229689
 31
0.0
  0
LINE
  5
873
330
17
100
AcDbEntity
  8
KM Kolon Tarama
100
AcDbLine
 10
-816522.8393655178
 20
-71580.08388360566
 30
0.0
 11
-816518.4199481354
 21
-71575.66446622321
 31
0.0
  0
LINE
  5
874
330
17
100
AcDbEntity
  8
KM Kolon Tarama
100
AcDbLine
 10
-816516.210239444
 20
-71573.45475753197
 30
0.0
 11
-816511.7908220617
 21
-71569.03534014952
 31
0.0
  0
LINE
  5
875
330
17
100
AcDbEntity
  8
KM Kolon Tarama
100
AcDbLine
 10
-816509.5811133705
 20
-71566.82563145841
 30
0.0
 11
-816505.1616959882
 21
-71562.40621407596
 31
0.0
  0
LINE
  5
876
330
17
100
AcDbEntity
  8
KM Kolon Tarama
100
AcDbLine
 10
-816502.9519872968
 20
-71560.19650538475
 30
0.0
 11
-816498.5325699144
 21
-71555.7770880023
 31
0.0
  0
LINE
  5
877
330
17
100
AcDbEntity
  8
KM Kolon Tarama
100
AcDbLine
 10
-816496.3228612232
 20
-71553.56737931108
 30
0.0
 11
-816491.9034438408
 21
-71549.14796192874
 31
0.0
  0
LINE
  5
878
330
17
100
AcDbEntity
  8
KM Kolon Tarama
100
AcDbLine
 10
-816692.9869347409
 20
-71767.90912235831
 30
0.0
 11
-816688.5675173585
 21
-71763.48970497597
 31
0.0
  0
LINE
  5
879
330
17
100
AcDbEntity
  8
KM Kolon Tarama
100
AcDbLine
 10
-816686.3578086672
 20
-71761.27999628475
 30
0.0
 11
-816681.9383912848
 21
-71756.8605789023
 31
0.0
  0
LINE
  5
87A
330
17
100
AcDbEntity
  8
KM Kolon Tarama
100
AcDbLine
 10
-816679.7286825937
 20
-71754.65087021107
 30
0.0
 11
-816675.3092652113
 21
-71750.23145282862
 31
0.0
  0
LINE
  5
87B
330
17
100
AcDbEntity
  8
KM Kolon Tarama
100
AcDbLine
 10
-816673.0995565199
 20
-71748.02174413751
 30
0.0
 11
-816668.6801391375
 21
-71743.60232675506
 31
0.0
  0
LINE
  5
87C
330
17
100
AcDbEntity
  8
KM Kolon Tarama
100
AcDbLine
 10
-816666.4704304464
 20
-71741.39261806382
 30
0.0
 11
-816662.0510130639
 21
-71736.97320068139
 31
0.0
  0
LINE
  5
87D
330
17
100
AcDbEntity
  8
KM Kolon Tarama
100
AcDbLine
 10
-816659.8413043726
 20
-71734.76349199016
 30
0.0
 11
-816655.4218869903
 21
-71730.34407460771
 31
0.0
  0
LINE
  5
87E
330
17
100
AcDbEntity
  8
KM Kolon Tarama
100
AcDbLine
 10
-816513.2524515421
 20
-71588.17463915981
 30
0.0
 11
-816509.5811133705
 21
-71584.50330098812
 31
0.0
  0
LINE
  5
87F
330
17
100
AcDbEntity
  8
KM Kolon Tarama
100
AcDbLine
 10
-816507.3714046791
 20
-71582.29359229689
 30
0.0
 11
-816502.9519872968
 21
-71577.87417491442
 31
0.0
  0
LINE
  5
880
330
17
100
AcDbEntity
  8
KM Kolon Tarama
100
AcDbLine
 10
-816500.7422786057
 20
-71575.66446622321
 30
0.0
 11
-816496.3228612232
 21
-71571.24504884086
 31
0.0
  0
LINE
  5
881
330
17
100
AcDbEntity
  8
KM Kolon Tarama
100
AcDbLine
 10
-816494.1131525323
 20
-71569.03534014965
 30
0.0
 11
-816489.6937351498
 21
-71564.6159227672
 31
0.0
  0
LINE
  5
882
330
17
100
AcDbEntity
  8
KM Kolon Tarama
100
AcDbLine
 10
-816487.4840264583
 20
-71562.40621407596
 30
0.0
 11
-816483.0646090761
 21
-71557.98679669353
 31
0.0
  0
LINE
  5
883
330
17
100
AcDbEntity
  8
KM Kolon Tarama
100
AcDbLine
 10
-816480.8549003849
 20
-71555.7770880023
 30
0.0
 11
-816476.4354830025
 21
-71551.35767061997
 31
0.0
  0
LINE
  5
884
330
17
100
AcDbEntity
  8
KM Kolon Tarama
100
AcDbLine
 10
-816474.2257743112
 20
-71549.14796192874
 30
0.0
 11
-816473.2529665265
 21
-71548.17515414394
 31
0.0
  0
LINE
  5
885
330
17
100
AcDbEntity
  8
KM Kolon Tarama
100
AcDbLine
 10
-816693.518004522
 20
-71786.11786166904
 30
0.0
 11
-816692.9869347409
 21
-71785.586791888
 31
0.0
  0
LINE
  5
886
330
17
100
AcDbEntity
  8
KM Kolon Tarama
100
AcDbLine
 10
-816690.7772260497
 20
-71783.37708319677
 30
0.0
 11
-816686.3578086672
 21
-71778.95766581432
 31
0.0
  0
LINE
  5
887
330
17
100
AcDbEntity
  8
KM Kolon Tarama
100
AcDbLine
 10
-816684.148099976
 20
-71776.7479571231
 30
0.0
 11
-816679.7286825937
 21
-71772.32853974076
 31
0.0
  0
LINE
  5
888
330
17
100
AcDbEntity
  8
KM Kolon Tarama
100
AcDbLine
 10
-816677.5189739023
 20
-71770.11883104953
 30
0.0
 11
-816673.0995565199
 21
-71765.69941366708
 31
0.0
  0
LINE
  5
889
330
17
100
AcDbEntity
  8
KM Kolon Tarama
100
AcDbLine
 10
-816670.8898478288
 20
-71763.48970497586
 30
0.0
 11
-816666.4704304464
 21
-71759.07028759352
 31
0.0
  0
LINE
  5
88A
330
17
100
AcDbEntity
  8
KM Kolon Tarama
100
AcDbLine
 10
-816664.260721755
 20
-71756.8605789023
 30
0.0
 11
-816659.8413043726
 21
-71752.44116151985
 31
0.0
  0
LINE
  5
88B
330
17
100
AcDbEntity
  8
KM Kolon Tarama
100
AcDbLine
 10
-816657.6315956815
 20
-71750.23145282862
 30
0.0
 11
-816653.5184303555
 21
-71746.11828750267
 31
0.0
  0
LINE
  5
88C
330
17
100
AcDbEntity
  8
KM Kolon Tarama
100
AcDbLine
 10
-816495.5747820128
 20
-71588.17463915981
 30
0.0
 11
-816494.1131525323
 21
-71586.71300967922
 31
0.0
  0
LINE
  5
88D
330
17
100
AcDbEntity
  8
KM Kolon Tarama
100
AcDbLine
 10
-816491.9034438408
 20
-71584.503300988
 30
0.0
 11
-816487.4840264583
 21
-71580.08388360566
 31
0.0
  0
LINE
  5
88E
330
17
100
AcDbEntity
  8
KM Kolon Tarama
100
AcDbLine
 10
-816485.2743177674
 20
-71577.87417491442
 30
0.0
 11
-816480.8549003849
 21
-71573.45475753197
 31
0.0
  0
LINE
  5
88F
330
17
100
AcDbEntity
  8
KM Kolon Tarama
100
AcDbLine
 10
-816478.6451916934
 20
-71571.24504884076
 30
0.0
 11
-816474.2257743112
 21
-71566.82563145841
 31
0.0
  0
LINE
  5
890
330
17
100
AcDbEntity
  8
KM Kolon Tarama
100
AcDbLine
 10
-816472.01606562
 20
-71564.6159227672
 30
0.0
 11
-816468.5199180874
 21
-71561.1197752346
 31
0.0
  0
LINE
  5
891
330
17
100
AcDbEntity
  8
KM Kolon Tarama
100
AcDbLine
 10
-816687.7984453382
 20
-71798.07597201504
 30
0.0
 11
-816684.148099976
 21
-71794.4256266529
 31
0.0
  0
LINE
  5
892
330
17
100
AcDbEntity
  8
KM Kolon Tarama
100
AcDbLine
 10
-816681.9383912848
 20
-71792.21591796167
 30
0.0
 11
-816677.5189739023
 21
-71787.79650057922
 31
0.0
  0
LINE
  5
893
330
17
100
AcDbEntity
  8
KM Kolon Tarama
100
AcDbLine
 10
-816675.3092652111
 20
-71785.586791888
 30
0.0
 11
-816670.8898478288
 21
-71781.16737450555
 31
0.0
  0
LINE
  5
894
330
17
100
AcDbEntity
  8
KM Kolon Tarama
100
AcDbLine
 10
-816668.6801391374
 20
-71778.95766581432
 30
0.0
 11
-816664.260721755
 21
-71774.53824843199
 31
0.0
  0
LINE
  5
895
330
17
100
AcDbEntity
  8
KM Kolon Tarama
100
AcDbLine
 10
-816662.0510130639
 20
-71772.32853974076
 30
0.0
 11
-816657.6315956815
 21
-71767.90912235831
 31
0.0
  0
LINE
  5
896
330
17
100
AcDbEntity
  8
KM Kolon Tarama
100
AcDbLine
 10
-816655.4218869903
 20
-71765.69941366708
 30
0.0
 11
-816653.5184303555
 21
-71763.79595703234
 31
0.0
  0
LINE
  5
897
330
17
100
AcDbEntity
  8
KM Kolon Tarama
100
AcDbLine
 10
-816476.4354830025
 20
-71586.71300967934
 30
0.0
 11
-816472.0160656202
 21
-71582.29359229689
 31
0.0
  0
LINE
  5
898
330
17
100
AcDbEntity
  8
KM Kolon Tarama
100
AcDbLine
 10
-816469.8063569288
 20
-71580.08388360566
 30
0.0
 11
-816468.5199180874
 21
-71578.79744476429
 31
0.0
  0
LINE
  5
899
330
17
100
AcDbEntity
  8
KM Kolon Tarama
100
AcDbLine
 10
-816670.1207758083
 20
-71798.07597201504
 30
0.0
 11
-816668.6801391374
 21
-71796.635335344
 31
0.0
  0
LINE
  5
89A
330
17
100
AcDbEntity
  8
KM Kolon Tarama
100
AcDbLine
 10
-816666.4704304464
 20
-71794.4256266529
 30
0.0
 11
-816662.0510130639
 21
-71790.00620927045
 31
0.0
  0
LINE
  5
89B
330
17
100
AcDbEntity
  8
KM Kolon Tarama
100
AcDbLine
 10
-816659.8413043726
 20
-71787.79650057922
 30
0.0
 11
-816655.4218869903
 21
-71783.37708319677
 31
0.0
  0
LINE
  5
89C
330
17
100
AcDbEntity
  8
KM Kolon Tarama
100
AcDbLine
 10
-816338.5198036465
 20
-71466.47499985306
 30
0.0
 11
-816337.2238354565
 21
-71465.17903166288
 31
0.0
  0
LINE
  5
89D
330
17
100
AcDbEntity
  8
KM Kolon Tarama
100
AcDbLine
 10
-816335.0141267651
 20
-71462.96932297165
 30
0.0
 11
-816330.5947093826
 21
-71458.5499055892
 31
0.0
  0
LINE
  5
89E
330
17
100
AcDbEntity
  8
KM Kolon Tarama
100
AcDbLine
 10
-816328.3850006916
 20
-71456.34019689797
 30
0.0
 11
-816323.9655833091
 21
-71451.92077951552
 31
0.0
  0
LINE
  5
89F
330
17
100
AcDbEntity
  8
KM Kolon Tarama
100
AcDbLine
 10
-816321.7558746177
 20
-71449.71107082428
 30
0.0
 11
-816320.2200533048
 21
-71448.17524951138
 31
0.0
  0
LINE
  5
8A0
330
17
100
AcDbEntity
  8
KM Kolon Tarama
100
AcDbLine
 10
-816338.5198036465
 20
-71484.15266938275
 30
0.0
 11
-816335.0141267651
 21
-71480.64699250134
 31
0.0
  0
LINE
  5
8A1
330
17
100
AcDbEntity
  8
KM Kolon Tarama
100
AcDbLine
 10
-816332.8044180737
 20
-71478.43728381011
 30
0.0
 11
-816328.3850006916
 21
-71474.01786642766
 31
0.0
  0
LINE
  5
8A2
330
17
100
AcDbEntity
  8
KM Kolon Tarama
100
AcDbLine
 10
-816326.1752920002
 20
-71471.80815773644
 30
0.0
 11
-816321.7558746177
 21
-71467.3887403541
 31
0.0
  0
LINE
  5
8A3
330
17
100
AcDbEntity
  8
KM Kolon Tarama
100
AcDbLine
 10
-816319.5461659267
 20
-71465.17903166288
 30
0.0
 11
-816315.1267485442
 21
-71460.75961428043
 31
0.0
  0
LINE
  5
8A4
330
17
100
AcDbEntity
  8
KM Kolon Tarama
100
AcDbLine
 10
-816312.9170398532
 20
-71458.5499055892
 30
0.0
 11
-816308.4976224707
 21
-71454.13048820675
 31
0.0
  0
LINE
  5
8A5
330
17
100
AcDbEntity
  8
KM Kolon Tarama
100
AcDbLine
 10
-816306.2879137795
 20
-71451.92077951552
 30
0.0
 11
-816302.5423837751
 21
-71448.17524951125
 31
0.0
  0
LINE
  5
8A6
330
17
100
AcDbEntity
  8
KM Kolon Tarama
100
AcDbLine
 10
-816323.9655833091
 20
-71487.27611857501
 30
0.0
 11
-816319.5461659267
 21
-71482.85670119256
 31
0.0
  0
LINE
  5
8A7
330
17
100
AcDbEntity
  8
KM Kolon Tarama
100
AcDbLine
 10
-816317.3364572356
 20
-71480.64699250134
 30
0.0
 11
-816312.9170398532
 21
-71476.22757511889
 31
0.0
  0
LINE
  5
8A8
330
17
100
AcDbEntity
  8
KM Kolon Tarama
100
AcDbLine
 10
-816310.7073311618
 20
-71474.01786642766
 30
0.0
 11
-816306.2879137795
 21
-71469.59844904521
 31
0.0
  0
LINE
  5
8A9
330
17
100
AcDbEntity
  8
KM Kolon Tarama
100
AcDbLine
 10
-816304.0782050883
 20
-71467.3887403541
 30
0.0
 11
-816299.6587877058
 21
-71462.96932297165
 31
0.0
  0
LINE
  5
8AA
330
17
100
AcDbEntity
  8
KM Kolon Tarama
100
AcDbLine
 10
-816297.4490790146
 20
-71460.75961428043
 30
0.0
 11
-816293.0296616321
 21
-71456.34019689797
 31
0.0
  0
LINE
  5
8AB
330
17
100
AcDbEntity
  8
KM Kolon Tarama
100
AcDbLine
 10
-816290.8199529409
 20
-71454.13048820675
 30
0.0
 11
-816286.4005355585
 21
-71449.71107082441
 31
0.0
  0
LINE
  5
8AC
330
17
100
AcDbEntity
  8
KM Kolon Tarama
100
AcDbLine
 10
-816307.1877218245
 20
-71488.17592662014
 30
0.0
 11
-816304.0782050883
 21
-71485.06640988379
 31
0.0
  0
LINE
  5
8AD
330
17
100
AcDbEntity
  8
KM Kolon Tarama
100
AcDbLine
 10
-816301.8684963969
 20
-71482.85670119256
 30
0.0
 11
-816297.4490790146
 21
-71478.43728381011
 31
0.0
  0
LINE
  5
8AE
330
17
100
AcDbEntity
  8
KM Kolon Tarama
100
AcDbLine
 10
-816295.2393703234
 20
-71476.22757511889
 30
0.0
 11
-816290.8199529409
 21
-71471.80815773644
 31
0.0
  0
LINE
  5
8AF
330
17
100
AcDbEntity
  8
KM Kolon Tarama
100
AcDbLine
 10
-816288.6102442497
 20
-71469.59844904521
 30
0.0
 11
-816284.1908268672
 21
-71465.17903166288
 31
0.0
  0
LINE
  5
8B0
330
17
100
AcDbEntity
  8
KM Kolon Tarama
100
AcDbLine
 10
-816281.981118176
 20
-71462.96932297165
 30
0.0
 11
-816277.5617007936
 21
-71458.5499055892
 31
0.0
  0
LINE
  5
8B1
330
17
100
AcDbEntity
  8
KM Kolon Tarama
100
AcDbLine
 10
-816275.3519921025
 20
-71456.34019689797
 30
0.0
 11
-816270.9325747201
 21
-71451.92077951564
 31
0.0
  0
LINE
  5
8B2
330
17
100
AcDbEntity
  8
KM Kolon Tarama
100
AcDbLine
 10
-816268.7228660287
 20
-71449.71107082441
 30
0.0
 11
-816267.1870447157
 21
-71448.17524951138
 31
0.0
  0
LINE
  5
8B3
330
17
100
AcDbEntity
  8
KM Kolon Tarama
100
AcDbLine
 10
-816289.510052295
 20
-71488.17592662014
 30
0.0
 11
-816288.6102442497
 21
-71487.2761185749
 31
0.0
  0
LINE
  5
8B4
330
17
100
AcDbEntity
  8
KM Kolon Tarama
100
AcDbLine
 10
-816286.4005355585
 20
-71485.06640988367
 30
0.0
 11
-816281.981118176
 21
-71480.64699250134
 31
0.0
  0
LINE
  5
8B5
330
17
100
AcDbEntity
  8
KM Kolon Tarama
100
AcDbLine
 10
-816279.7714094848
 20
-71478.43728381011
 30
0.0
 11
-816275.3519921025
 21
-71474.01786642766
 31
0.0
  0
LINE
  5
8B6
330
17
100
AcDbEntity
  8
KM Kolon Tarama
100
AcDbLine
 10
-816273.1422834111
 20
-71471.80815773644
 30
0.0
 11
-816268.7228660287
 21
-71467.38874035398
 31
0.0
  0
LINE
  5
8B7
330
17
100
AcDbEntity
  8
KM Kolon Tarama
100
AcDbLine
 10
-816266.5131573376
 20
-71465.17903166276
 30
0.0
 11
-816262.0937399552
 21
-71460.75961428043
 31
0.0
  0
LINE
  5
8B8
330
17
100
AcDbEntity
  8
KM Kolon Tarama
100
AcDbLine
 10
-816259.8840312638
 20
-71458.5499055892
 30
0.0
 11
-816255.4646138817
 21
-71454.13048820675
 31
0.0
  0
LINE
  5
8B9
330
17
100
AcDbEntity
  8
KM Kolon Tarama
100
AcDbLine
 10
-816253.2549051903
 20
-71451.92077951552
 30
0.0
 11
-816249.5093751862
 21
-71448.17524951125
 31
0.0
  0
LINE
  5
8BA
330
17
100
AcDbEntity
  8
KM Kolon Tarama
100
AcDbLine
 10
-816270.9325747201
 20
-71487.2761185749
 30
0.0
 11
-816266.5131573376
 21
-71482.85670119256
 31
0.0
  0
LINE
  5
8BB
330
17
100
AcDbEntity
  8
KM Kolon Tarama
100
AcDbLine
 10
-816264.3034486466
 20
-71480.64699250134
 30
0.0
 11
-816259.8840312641
 21
-71476.22757511889
 31
0.0
  0
LINE
  5
8BC
330
17
100
AcDbEntity
  8
KM Kolon Tarama
100
AcDbLine
 10
-816257.6743225727
 20
-71474.01786642766
 30
0.0
 11
-816253.2549051906
 21
-71469.59844904521
 31
0.0
  0
LINE
  5
8BD
330
17
100
AcDbEntity
  8
KM Kolon Tarama
100
AcDbLine
 10
-816251.0451964992
 20
-71467.3887403541
 30
0.0
 11
-816246.6257791168
 21
-71462.96932297165
 31
0.0
  0
LINE
  5
8BE
330
17
100
AcDbEntity
  8
KM Kolon Tarama
100
AcDbLine
 10
-816244.4160704257
 20
-71460.75961428043
 30
0.0
 11
-816239.9966530433
 21
-71456.34019689797
 31
0.0
  0
LINE
  5
8BF
330
17
100
AcDbEntity
  8
KM Kolon Tarama
100
AcDbLine
 10
-816237.7869443519
 20
-71454.13048820675
 30
0.0
 11
-816233.3675269698
 21
-71449.71107082428
 31
0.0
  0
LINE
  5
8C0
330
17
100
AcDbEntity
  8
KM Kolon Tarama
100
AcDbLine
 10
-816418.5199657712
 20
-71652.54117915568
 30
0.0
 11
-816416.7733483395
 21
-71650.7945617243
 31
0.0
  0
LINE
  5
8C1
330
17
100
AcDbEntity
  8
KM Kolon Tarama
100
AcDbLine
 10
-816414.5636396485
 20
-71648.58485303307
 30
0.0
 11
-816410.144222266
 21
-71644.16543565062
 31
0.0
  0
LINE
  5
8C2
330
17
100
AcDbEntity
  8
KM Kolon Tarama
100
AcDbLine
 10
-816407.934513575
 20
-71641.9557269594
 30
0.0
 11
-816404.1557622773
 21
-71638.17697566189
 31
0.0
  0
LINE
  5
8C3
330
17
100
AcDbEntity
  8
KM Kolon Tarama
100
AcDbLine
 10
-816254.1547132356
 20
-71488.17592662014
 30
0.0
 11
-816251.0451964992
 21
-71485.06640988367
 31
0.0
  0
LINE
  5
8C4
330
17
100
AcDbEntity
  8
KM Kolon Tarama
100
AcDbLine
 10
-816248.8354878078
 20
-71482.85670119256
 30
0.0
 11
-816244.4160704257
 21
-71478.43728381011
 31
0.0
  0
LINE
  5
8C5
330
17
100
AcDbEntity
  8
KM Kolon Tarama
100
AcDbLine
 10
-816242.2063617343
 20
-71476.22757511889
 30
0.0
 11
-816237.7869443519
 21
-71471.80815773644
 31
0.0
  0
LINE
  5
8C6
330
17
100
AcDbEntity
  8
KM Kolon Tarama
100
AcDbLine
 10
-816235.5772356607
 20
-71469.59844904521
 30
0.0
 11
-816231.1578182784
 21
-71465.17903166288
 31
0.0
  0
LINE
  5
8C7
330
17
100
AcDbEntity
  8
KM Kolon Tarama
100
AcDbLine
 10
-816228.948109587
 20
-71462.96932297165
 30
0.0
 11
-816224.5286922049
 21
-71458.5499055892
 31
0.0
  0
LINE
  5
8C8
330
17
100
AcDbEntity
  8
KM Kolon Tarama
100
AcDbLine
 10
-816222.3189835135
 20
-71456.34019689797
 30
0.0
 11
-816217.899566131
 21
-71451.92077951552
 31
0.0
  0
LINE
  5
8C9
330
17
100
AcDbEntity
  8
KM Kolon Tarama
100
AcDbLine
 10
-816215.68985744
 20
-71449.71107082428
 30
0.0
 11
-816214.1540361268
 21
-71448.17524951125
 31
0.0
  0
LINE
  5
8CA
330
17
100
AcDbEntity
  8
KM Kolon Tarama
100
AcDbLine
 10
-816418.5199657712
 20
-71670.21884868538
 30
0.0
 11
-816414.5636396485
 21
-71666.26252256276
 31
0.0
  0
LINE
  5
8CB
330
17
100
AcDbEntity
  8
KM Kolon Tarama
100
AcDbLine
 10
-816412.3539309574
 20
-71664.05281387153
 30
0.0
 11
-816407.934513575
 21
-71659.6333964892
 31
0.0
  0
LINE
  5
8CC
330
17
100
AcDbEntity
  8
KM Kolon Tarama
100
AcDbLine
 10
-816405.7248048836
 20
-71657.42368779797
 30
0.0
 11
-816401.3053875015
 21
-71653.00427041552
 31
0.0
  0
LINE
  5
8CD
330
17
100
AcDbEntity
  8
KM Kolon Tarama
100
AcDbLine
 10
-816399.0956788101
 20
-71650.7945617243
 30
0.0
 11
-816394.6762614276
 21
-71646.37514434184
 31
0.0
  0
LINE
  5
8CE
330
17
100
AcDbEntity
  8
KM Kolon Tarama
100
AcDbLine
 10
-816392.4665527366
 20
-71644.16543565074
 30
0.0
 11
-816388.0471353541
 21
-71639.74601826828
 31
0.0
  0
LINE
  5
8CF
330
17
100
AcDbEntity
  8
KM Kolon Tarama
100
AcDbLine
 10
-816236.4770437058
 20
-71488.17592662014
 30
0.0
 11
-816235.5772356607
 21
-71487.27611857501
 31
0.0
  0
LINE
  5
8D0
330
17
100
AcDbEntity
  8
KM Kolon Tarama
100
AcDbLine
 10
-816233.3675269698
 20
-71485.06640988379
 30
0.0
 11
-816228.9481095873
 21
-71480.64699250134
 31
0.0
  0
LINE
  5
8D1
330
17
100
AcDbEntity
  8
KM Kolon Tarama
100
AcDbLine
 10
-816226.7384008958
 20
-71478.43728381011
 30
0.0
 11
-816222.3189835136
 21
-71474.01786642766
 31
0.0
  0
LINE
  5
8D2
330
17
100
AcDbEntity
  8
KM Kolon Tarama
100
AcDbLine
 10
-816220.1092748224
 20
-71471.80815773644
 30
0.0
 11
-816215.68985744
 21
-71467.3887403541
 31
0.0
  0
LINE
  5
8D3
330
17
100
AcDbEntity
  8
KM Kolon Tarama
100
AcDbLine
 10
-816213.4801487487
 20
-71465.17903166288
 30
0.0
 11
-816209.0607313663
 21
-71460.75961428043
 31
0.0
  0
LINE
  5
8D4
330
17
100
AcDbEntity
  8
KM Kolon Tarama
100
AcDbLine
 10
-816206.851022675
 20
-71458.5499055892
 30
0.0
 11
-816202.4316052926
 21
-71454.13048820675
 31
0.0
  0
LINE
  5
8D5
330
17
100
AcDbEntity
  8
KM Kolon Tarama
100
AcDbLine
 10
-816200.2218966014
 20
-71451.92077951564
 30
0.0
 11
-816196.4763665972
 21
-71448.17524951125
 31
0.0
  0
LINE
  5
8D6
330
17
100
AcDbEntity
  8
KM Kolon Tarama
100
AcDbLine
 10
-816416.7733483395
 20
-71686.14990078367
 30
0.0
 11
-816412.3539309574
 21
-71681.73048340122
 31
0.0
  0
LINE
  5
8D7
330
17
100
AcDbEntity
  8
KM Kolon Tarama
100
AcDbLine
 10
-816410.144222266
 20
-71679.52077470999
 30
0.0
 11
-816405.7248048836
 21
-71675.10135732754
 31
0.0
  0
LINE
  5
8D8
330
17
100
AcDbEntity
  8
KM Kolon Tarama
100
AcDbLine
 10
-816403.5150961925
 20
-71672.89164863632
 30
0.0
 11
-816399.0956788101
 21
-71668.47223125398
 31
0.0
  0
LINE
  5
8D9
330
17
100
AcDbEntity
  8
KM Kolon Tarama
100
AcDbLine
 10
-816396.885970119
 20
-71666.26252256276
 30
0.0
 11
-816392.4665527366
 21
-71661.8431051803
 31
0.0
  0
LINE
  5
8DA
330
17
100
AcDbEntity
  8
KM Kolon Tarama
100
AcDbLine
 10
-816390.2568440454
 20
-71659.63339648908
 30
0.0
 11
-816385.8374266629
 21
-71655.21397910675
 31
0.0
  0
LINE
  5
8DB
330
17
100
AcDbEntity
  8
KM Kolon Tarama
100
AcDbLine
 10
-816383.6277179717
 20
-71653.00427041552
 30
0.0
 11
-816379.2083005894
 21
-71648.58485303307
 31
0.0
  0
LINE
  5
8DC
330
17
100
AcDbEntity
  8
KM Kolon Tarama
100
AcDbLine
 10
-816217.899566131
 20
-71487.27611857501
 30
0.0
 11
-816213.4801487487
 21
-71482.85670119256
 31
0.0
  0
LINE
  5
8DD
330
17
100
AcDbEntity
  8
KM Kolon Tarama
100
AcDbLine
 10
-816211.2704400575
 20
-71480.64699250134
 30
0.0
 11
-816206.851022675
 21
-71476.22757511889
 31
0.0
  0
LINE
  5
8DE
330
17
100
AcDbEntity
  8
KM Kolon Tarama
100
AcDbLine
 10
-816204.6413139838
 20
-71474.01786642766
 30
0.0
 11
-816200.2218966014
 21
-71469.59844904521
 31
0.0
  0
LINE
  5
8DF
330
17
100
AcDbEntity
  8
KM Kolon Tarama
100
AcDbLine
 10
-816198.0121879101
 20
-71467.3887403541
 30
0.0
 11
-816193.5927705277
 21
-71462.96932297165
 31
0.0
  0
LINE
  5
8E0
330
17
100
AcDbEntity
  8
KM Kolon Tarama
100
AcDbLine
 10
-816191.3830618367
 20
-71460.75961428043
 30
0.0
 11
-816186.9636444543
 21
-71456.34019689797
 31
0.0
  0
LINE
  5
8E1
330
17
100
AcDbEntity
  8
KM Kolon Tarama
100
AcDbLine
 10
-816184.7539357628
 20
-71454.13048820675
 30
0.0
 11
-816180.3345183807
 21
-71449.71107082441
 31
0.0
  0
LINE
  5
8E2
330
17
100
AcDbEntity
  8
KM Kolon Tarama
100
AcDbLine
 10
-816418.5199657712
 20
-71705.57418774476
 30
0.0
 11
-816416.7733483395
 21
-71703.82757031335
 31
0.0
  0
LINE
  5
8E3
330
17
100
AcDbEntity
  8
KM Kolon Tarama
100
AcDbLine
 10
-816414.5636396485
 20
-71701.61786162212
 30
0.0
 11
-816410.144222266
 21
-71697.19844423966
 31
0.0
  0
LINE
  5
8E4
330
17
100
AcDbEntity
  8
KM Kolon Tarama
100
AcDbLine
 10
-816407.934513575
 20
-71694.98873554845
 30
0.0
 11
-816403.5150961925
 21
-71690.56931816612
 31
0.0
  0
LINE
  5
8E5
330
17
100
AcDbEntity
  8
KM Kolon Tarama
100
AcDbLine
 10
-816401.3053875015
 20
-71688.3596094749
 30
0.0
 11
-816396.885970119
 21
-71683.94019209244
 31
0.0
  0
LINE
  5
8E6
330
17
100
AcDbEntity
  8
KM Kolon Tarama
100
AcDbLine
 10
-816394.6762614276
 20
-71681.73048340122
 30
0.0
 11
-816390.2568440454
 21
-71677.31106601877
 31
0.0
  0
LINE
  5
8E7
330
17
100
AcDbEntity
  8
KM Kolon Tarama
100
AcDbLine
 10
-816388.0471353541
 20
-71675.10135732754
 30
0.0
 11
-816383.6277179717
 21
-71670.6819399452
 31
0.0
  0
LINE
  5
8E8
330
17
100
AcDbEntity
  8
KM Kolon Tarama
100
AcDbLine
 10
-816381.4180092805
 20
-71668.47223125398
 30
0.0
 11
-816378.5009511348
 21
-71665.55517310835
 31
0.0
  0
LINE
  5
8E9
330
17
100
AcDbEntity
  8
KM Kolon Tarama
100
AcDbLine
 10
-816201.1217046467
 20
-71488.17592662014
 30
0.0
 11
-816198.0121879101
 21
-71485.06640988367
 31
0.0
  0
LINE
  5
8EA
330
17
100
AcDbEntity
  8
KM Kolon Tarama
100
AcDbLine
 10
-816195.8024792189
 20
-71482.85670119256
 30
0.0
 11
-816191.3830618367
 21
-71478.43728381011
 31
0.0
  0
LINE
  5
8EB
330
17
100
AcDbEntity
  8
KM Kolon Tarama
100
AcDbLine
 10
-816189.1733531452
 20
-71476.22757511889
 30
0.0
 11
-816184.7539357628
 21
-71471.80815773644
 31
0.0
  0
LINE
  5
8EC
330
17
100
AcDbEntity
  8
KM Kolon Tarama
100
AcDbLine
 10
-816182.5442270718
 20
-71469.59844904521
 30
0.0
 11
-816178.1248096894
 21
-71465.17903166276
 31
0.0
  0
LINE
  5
8ED
330
17
100
AcDbEntity
  8
KM Kolon Tarama
100
AcDbLine
 10
-816175.9151009979
 20
-71462.96932297165
 30
0.0
 11
-816171.4956836158
 21
-71458.5499055892
 31
0.0
  0
LINE
  5
8EE
330
17
100
AcDbEntity
  8
KM Kolon Tarama
100
AcDbLine
 10
-816169.2859749245
 20
-71456.34019689797
 30
0.0
 11
-816164.866557542
 21
-71451.92077951552
 31
0.0
  0
LINE
  5
8EF
330
17
100
AcDbEntity
  8
KM Kolon Tarama
100
AcDbLine
 10
-816162.6568488509
 20
-71449.71107082428
 30
0.0
 11
-816161.1210275379
 21
-71448.17524951138
 31
0.0
  0
LINE
  5
8F0
330
17
100
AcDbEntity
  8
KM Kolon Tarama
100
AcDbLine
 10
-816418.5199657712
 20
-71723.25185727433
 30
0.0
 11
-816414.5636396485
 21
-71719.2955311517
 31
0.0
  0
LINE
  5
8F1
330
17
100
AcDbEntity
  8
KM Kolon Tarama
100
AcDbLine
 10
-816412.3539309574
 20
-71717.08582246059
 30
0.0
 11
-816407.934513575
 21
-71712.66640507814
 31
0.0
  0
LINE
  5
8F2
330
17
100
AcDbEntity
  8
KM Kolon Tarama
100
AcDbLine
 10
-816405.7248048836
 20
-71710.45669638691
 30
0.0
 11
-816401.3053875015
 21
-71706.03727900446
 31
0.0
  0
LINE
  5
8F3
330
17
100
AcDbEntity
  8
KM Kolon Tarama
100
AcDbLine
 10
-816399.0956788101
 20
-71703.82757031322
 30
0.0
 11
-816394.6762614276
 21
-71699.40815293077
 31
0.0
  0
LINE
  5
8F4
330
17
100
AcDbEntity
  8
KM Kolon Tarama
100
AcDbLine
 10
-816392.4665527366
 20
-71697.19844423966
 30
0.0
 11
-816388.0471353541
 21
-71692.77902685721
 31
0.0
  0
LINE
  5
8F5
330
17
100
AcDbEntity
  8
KM Kolon Tarama
100
AcDbLine
 10
-816385.8374266629
 20
-71690.569318166
 30
0.0
 11
-816381.4180092805
 21
-71686.14990078355
 31
0.0
  0
LINE
  5
8F6
330
17
100
AcDbEntity
  8
KM Kolon Tarama
100
AcDbLine
 10
-816379.2083005894
 20
-71683.94019209233
 30
0.0
 11
-816378.4898875272
 21
-71683.22177903028
 31
0.0
  0
LINE
  5
8F7
330
17
100
AcDbEntity
  8
KM Kolon Tarama
100
AcDbLine
 10
-816183.4440351169
 20
-71488.17592662014
 30
0.0
 11
-816182.5442270718
 21
-71487.2761185749
 31
0.0
  0
LINE
  5
8F8
330
17
100
AcDbEntity
  8
KM Kolon Tarama
100
AcDbLine
 10
-816180.3345183803
 20
-71485.06640988367
 30
0.0
 11
-816175.9151009979
 21
-71480.64699250134
 31
0.0
  0
LINE
  5
8F9
330
17
100
AcDbEntity
  8
KM Kolon Tarama
100
AcDbLine
 10
-816173.7053923069
 20
-71478.43728381011
 30
0.0
 11
-816169.2859749245
 21
-71474.01786642766
 31
0.0
  0
LINE
  5
8FA
330
17
100
AcDbEntity
  8
KM Kolon Tarama
100
AcDbLine
 10
-816167.0762662333
 20
-71471.80815773644
 30
0.0
 11
-816162.6568488509
 21
-71467.3887403541
 31
0.0
  0
LINE
  5
8FB
330
17
100
AcDbEntity
  8
KM Kolon Tarama
100
AcDbLine
 10
-816160.4471401599
 20
-71465.17903166288
 30
0.0
 11
-816156.0277227774
 21
-71460.75961428043
 31
0.0
  0
LINE
  5
8FC
330
17
100
AcDbEntity
  8
KM Kolon Tarama
100
AcDbLine
 10
-816153.818014086
 20
-71458.5499055892
 30
0.0
 11
-816149.3985967039
 21
-71454.13048820675
 31
0.0
  0
LINE
  5
8FD
330
17
100
AcDbEntity
  8
KM Kolon Tarama
100
AcDbLine
 10
-816416.7733483395
 20
-71739.18290937261
 30
0.0
 11
-816412.3539309574
 21
-71734.76349199016
 31
0.0
  0
LINE
  5
8FE
330
17
100
AcDbEntity
  8
KM Kolon Tarama
100
AcDbLine
 10
-816410.144222266
 20
-71732.55378329894
 30
0.0
 11
-816405.7248048836
 21
-71728.1343659166
 31
0.0
  0
LINE
  5
8FF
330
17
100
AcDbEntity
  8
KM Kolon Tarama
100
AcDbLine
 10
-816403.5150961925
 20
-71725.92465722538
 30
0.0
 11
-816399.0956788101
 21
-71721.50523984293
 31
0.0
  0
LINE
  5
900
330
17
100
AcDbEntity
  8
KM Kolon Tarama
100
AcDbLine
 10
-816396.885970119
 20
-71719.2955311517
 30
0.0
 11
-816392.4665527366
 21
-71714.87611376925
 31
0.0
  0
LINE
  5
901
330
17
100
AcDbEntity
  8
KM Kolon Tarama
100
AcDbLine
 10
-816390.2568440454
 20
-71712.66640507814
 30
0.0
 11
-816385.8374266629
 21
-71708.24698769567
 31
0.0
  0
LINE
  5
902
330
17
100
AcDbEntity
  8
KM Kolon Tarama
100
AcDbLine
 10
-816383.6277179717
 20
-71706.03727900446
 30
0.0
 11
-816379.2083005894
 21
-71701.61786162201
 31
0.0
  0
LINE
  5
903
330
17
100
AcDbEntity
  8
KM Kolon Tarama
100
AcDbLine
 10
-816164.866557542
 20
-71487.2761185749
 30
0.0
 11
-816160.4471401599
 21
-71482.85670119256
 31
0.0
  0
LINE
  5
904
330
17
100
AcDbEntity
  8
KM Kolon Tarama
100
AcDbLine
 10
-816158.2374314684
 20
-71480.64699250134
 30
0.0
 11
-816153.818014086
 21
-71476.22757511889
 31
0.0
  0
LINE
  5
905
330
17
100
AcDbEntity
  8
KM Kolon Tarama
100
AcDbLine
 10
-816151.608305395
 20
-71474.01786642766
 30
0.0
 11
-816148.5109249387
 21
-71470.9204859715
 31
0.0
  0
LINE
  5
906
330
17
100
AcDbEntity
  8
KM Kolon Tarama
100
AcDbLine
 10
-816418.5199657712
 20
-71758.6071963337
 30
0.0
 11
-816416.77334834
 21
-71756.8605789023
 31
0.0
  0
LINE
  5
907
330
17
100
AcDbEntity
  8
KM Kolon Tarama
100
AcDbLine
 10
-816414.5636396485
 20
-71754.65087021107
 30
0.0
 11
-816410.1442222664
 21
-71750.23145282862
 31
0.0
  0
LINE
  5
908
330
17
100
AcDbEntity
  8
KM Kolon Tarama
100
AcDbLine
 10
-816407.934513575
 20
-71748.02174413751
 30
0.0
 11
-816403.5150961925
 21
-71743.60232675506
 31
0.0
  0
LINE
  5
909
330
17
100
AcDbEntity
  8
KM Kolon Tarama
100
AcDbLine
 10
-816401.3053875015
 20
-71741.39261806382
 30
0.0
 11
-816396.885970119
 21
-71736.97320068139
 31
0.0
  0
LINE
  5
90A
330
17
100
AcDbEntity
  8
KM Kolon Tarama
100
AcDbLine
 10
-816394.6762614276
 20
-71734.76349199016
 30
0.0
 11
-816390.2568440454
 21
-71730.34407460783
 31
0.0
  0
LINE
  5
90B
330
17
100
AcDbEntity
  8
KM Kolon Tarama
100
AcDbLine
 10
-816388.0471353541
 20
-71728.1343659166
 30
0.0
 11
-816383.6277179717
 21
-71723.71494853415
 31
0.0
  0
LINE
  5
90C
330
17
100
AcDbEntity
  8
KM Kolon Tarama
100
AcDbLine
 10
-816381.4180092805
 20
-71721.50523984293
 30
0.0
 11
-816378.4677603116
 21
-71718.55499087402
 31
0.0
  0
LINE
  5
90D
330
17
100
AcDbEntity
  8
KM Kolon Tarama
100
AcDbLine
 10
-816418.5199657712
 20
-71776.28486586327
 30
0.0
 11
-816414.5636396485
 21
-71772.32853974076
 31
0.0
  0
LINE
  5
90E
330
17
100
AcDbEntity
  8
KM Kolon Tarama
100
AcDbLine
 10
-816412.3539309574
 20
-71770.11883104953
 30
0.0
 11
-816407.934513575
 21
-71765.69941366708
 31
0.0
  0
LINE
  5
90F
330
17
100
AcDbEntity
  8
KM Kolon Tarama
100
AcDbLine
 10
-816405.7248048836
 20
-71763.48970497586
 30
0.0
 11
-816401.3053875015
 21
-71759.07028759352
 31
0.0
  0
LINE
  5
910
330
17
100
AcDbEntity
  8
KM Kolon Tarama
100
AcDbLine
 10
-816399.0956788101
 20
-71756.8605789023
 30
0.0
 11
-816394.6762614276
 21
-71752.44116151985
 31
0.0
  0
LINE
  5
911
330
17
100
AcDbEntity
  8
KM Kolon Tarama
100
AcDbLine
 10
-816392.4665527366
 20
-71750.23145282862
 30
0.0
 11
-816388.0471353541
 21
-71745.81203544617
 31
0.0
  0
LINE
  5
912
330
17
100
AcDbEntity
  8
KM Kolon Tarama
100
AcDbLine
 10
-816385.8374266629
 20
-71743.60232675495
 30
0.0
 11
-816381.4180092805
 21
-71739.18290937261
 31
0.0
  0
LINE
  5
913
330
17
100
AcDbEntity
  8
KM Kolon Tarama
100
AcDbLine
 10
-816379.2083005894
 20
-71736.97320068139
 30
0.0
 11
-816378.4566967038
 21
-71736.22159679593
 31
0.0
  0
LINE
  5
914
330
17
100
AcDbEntity
  8
KM Kolon Tarama
100
AcDbLine
 10
-816416.77334834
 20
-71792.21591796167
 30
0.0
 11
-816412.3539309574
 21
-71787.79650057922
 31
0.0
  0
LINE
  5
915
330
17
100
AcDbEntity
  8
KM Kolon Tarama
100
AcDbLine
 10
-816410.1442222664
 20
-71785.586791888
 30
0.0
 11
-816405.7248048839
 21
-71781.16737450555
 31
0.0
  0
LINE
  5
916
330
17
100
AcDbEntity
  8
KM Kolon Tarama
100
AcDbLine
 10
-816403.5150961925
 20
-71778.95766581432
 30
0.0
 11
-816399.0956788103
 21
-71774.53824843199
 31
0.0
  0
LINE
  5
917
330
17
100
AcDbEntity
  8
KM Kolon Tarama
100
AcDbLine
 10
-816396.885970119
 20
-71772.32853974076
 30
0.0
 11
-816392.4665527366
 21
-71767.90912235831
 31
0.0
  0
LINE
  5
918
330
17
100
AcDbEntity
  8
KM Kolon Tarama
100
AcDbLine
 10
-816390.2568440454
 20
-71765.69941366708
 30
0.0
 11
-816385.8374266629
 21
-71761.27999628463
 31
0.0
  0
LINE
  5
919
330
17
100
AcDbEntity
  8
KM Kolon Tarama
100
AcDbLine
 10
-816383.6277179717
 20
-71759.07028759352
 30
0.0
 11
-816379.2083005894
 21
-71754.65087021107
 31
0.0
  0
LINE
  5
91A
330
17
100
AcDbEntity
  8
KM Kolon Tarama
100
AcDbLine
 10
-816404.9557328636
 20
-71798.07597201504
 30
0.0
 11
-816403.5150961925
 21
-71796.635335344
 31
0.0
  0
LINE
  5
91B
330
17
100
AcDbEntity
  8
KM Kolon Tarama
100
AcDbLine
 10
-816401.3053875015
 20
-71794.4256266529
 30
0.0
 11
-816396.885970119
 21
-71790.00620927045
 31
0.0
  0
LINE
  5
91C
330
17
100
AcDbEntity
  8
KM Kolon Tarama
100
AcDbLine
 10
-816394.6762614276
 20
-71787.79650057922
 30
0.0
 11
-816390.2568440454
 21
-71783.37708319677
 31
0.0
  0
LINE
  5
91D
330
17
100
AcDbEntity
  8
KM Kolon Tarama
100
AcDbLine
 10
-816388.0471353541
 20
-71781.16737450555
 30
0.0
 11
-816383.6277179717
 21
-71776.74795712321
 31
0.0
  0
LINE
  5
91E
330
17
100
AcDbEntity
  8
KM Kolon Tarama
100
AcDbLine
 10
-816381.4180092805
 20
-71774.53824843199
 30
0.0
 11
-816378.4345694883
 21
-71771.5548086398
 31
0.0
  0
LINE
  5
91F
330
17
100
AcDbEntity
  8
KM Kolon Tarama
100
AcDbLine
 10
-816385.8374266629
 20
-71796.635335344
 30
0.0
 11
-816381.4180092805
 21
-71792.21591796167
 31
0.0
  0
LINE
  5
920
330
17
100
AcDbEntity
  8
KM Kolon Tarama
100
AcDbLine
 10
-816379.2083005894
 20
-71790.00620927045
 30
0.0
 11
-816378.4235058808
 21
-71789.22141456173
 31
0.0
  0
LINE
  5
921
330
17
100
AcDbEntity
  8
KM Kolon Tarama
100
AcDbLine
 10
-816108.5064584035
 20
-71554.65970614401
 30
0.0
 11
-816105.2044228794
 21
-71551.35767061997
 31
0.0
  0
LINE
  5
922
330
17
100
AcDbEntity
  8
KM Kolon Tarama
100
AcDbLine
 10
-816102.9947141882
 20
-71549.14796192874
 30
0.0
 11
-816102.0219064032
 21
-71548.17515414394
 31
0.0
  0
LINE
  5
923
330
17
100
AcDbEntity
  8
KM Kolon Tarama
100
AcDbLine
 10
-816107.4141315706
 20
-71571.24504884086
 30
0.0
 11
-816102.9947141882
 21
-71566.82563145841
 31
0.0
  0
LINE
  5
924
330
17
100
AcDbEntity
  8
KM Kolon Tarama
100
AcDbLine
 10
-816100.785005497
 20
-71564.61592276732
 30
0.0
 11
-816096.3655881145
 21
-71560.19650538487
 31
0.0
  0
LINE
  5
925
330
17
100
AcDbEntity
  8
KM Kolon Tarama
100
AcDbLine
 10
-816094.1558794235
 20
-71557.98679669364
 30
0.0
 11
-816089.736462041
 21
-71553.5673793112
 31
0.0
  0
LINE
  5
926
330
17
100
AcDbEntity
  8
KM Kolon Tarama
100
AcDbLine
 10
-816087.52675335
 20
-71551.35767061997
 30
0.0
 11
-816084.3442368738
 21
-71548.17515414406
 31
0.0
  0
LINE
  5
927
330
17
100
AcDbEntity
  8
KM Kolon Tarama
100
AcDbLine
 10
-816108.4923027862
 20
-71590.00088958617
 30
0.0
 11
-816107.4141315706
 21
-71588.92271837045
 31
0.0
  0
LINE
  5
928
330
17
100
AcDbEntity
  8
KM Kolon Tarama
100
AcDbLine
 10
-816105.2044228794
 20
-71586.71300967922
 30
0.0
 11
-816100.785005497
 21
-71582.29359229689
 31
0.0
  0
LINE
  5
929
330
17
100
AcDbEntity
  8
KM Kolon Tarama
100
AcDbLine
 10
-816098.5752968059
 20
-71580.08388360566
 30
0.0
 11
-816094.1558794235
 21
-71575.66446622321
 31
0.0
  0
LINE
  5
92A
330
17
100
AcDbEntity
  8
KM Kolon Tarama
100
AcDbLine
 10
-816091.9461707321
 20
-71573.45475753197
 30
0.0
 11
-816087.52675335
 21
-71569.03534014952
 31
0.0
  0
LINE
  5
92B
330
17
100
AcDbEntity
  8
KM Kolon Tarama
100
AcDbLine
 10
-816085.3170446586
 20
-71566.82563145841
 30
0.0
 11
-816080.8976272761
 21
-71562.40621407596
 31
0.0
  0
LINE
  5
92C
330
17
100
AcDbEntity
  8
KM Kolon Tarama
100
AcDbLine
 10
-816078.6879185851
 20
-71560.19650538475
 30
0.0
 11
-816074.2685012026
 21
-71555.7770880023
 31
0.0
  0
LINE
  5
92D
330
17
100
AcDbEntity
  8
KM Kolon Tarama
100
AcDbLine
 10
-816072.0587925112
 20
-71553.56737931108
 30
0.0
 11
-816068.5076412013
 21
-71550.0162280011
 31
0.0
  0
LINE
  5
92E
330
17
100
AcDbEntity
  8
KM Kolon Tarama
100
AcDbLine
 10
-816108.4852249778
 20
-71607.67148130736
 30
0.0
 11
-816105.2044228794
 21
-71604.39067920891
 31
0.0
  0
LINE
  5
92F
330
17
100
AcDbEntity
  8
KM Kolon Tarama
100
AcDbLine
 10
-816102.9947141882
 20
-71602.1809705178
 30
0.0
 11
-816098.5752968059
 21
-71597.76155313535
 31
0.0
  0
LINE
  5
930
330
17
100
AcDbEntity
  8
KM Kolon Tarama
100
AcDbLine
 10
-816096.3655881145
 20
-71595.55184444413
 30
0.0
 11
-816091.9461707321
 21
-71591.13242706168
 31
0.0
  0
LINE
  5
931
330
17
100
AcDbEntity
  8
KM Kolon Tarama
100
AcDbLine
 10
-816089.736462041
 20
-71588.92271837045
 30
0.0
 11
-816085.3170446586
 21
-71584.503300988
 31
0.0
  0
LINE
  5
932
330
17
100
AcDbEntity
  8
KM Kolon Tarama
100
AcDbLine
 10
-816083.1073359672
 20
-71582.29359229689
 30
0.0
 11
-816078.6879185851
 21
-71577.87417491442
 31
0.0
  0
LINE
  5
933
330
17
100
AcDbEntity
  8
KM Kolon Tarama
100
AcDbLine
 10
-816076.4782098937
 20
-71575.66446622321
 30
0.0
 11
-816072.0587925112
 21
-71571.24504884076
 31
0.0
  0
LINE
  5
934
330
17
100
AcDbEntity
  8
KM Kolon Tarama
100
AcDbLine
 10
-816069.8490838202
 20
-71569.03534014952
 30
0.0
 11
-816068.5005633926
 21
-71567.68681972216
 31
0.0
  0
LINE
  5
935
330
17
100
AcDbEntity
  8
KM Kolon Tarama
100
AcDbLine
 10
-816107.4141315706
 20
-71624.27805742982
 30
0.0
 11
-816102.9947141882
 21
-71619.85864004737
 31
0.0
  0
LINE
  5
936
330
17
100
AcDbEntity
  8
KM Kolon Tarama
100
AcDbLine
 10
-816100.785005497
 20
-71617.64893135615
 30
0.0
 11
-816096.3655881145
 21
-71613.22951397381
 31
0.0
  0
LINE
  5
937
330
17
100
AcDbEntity
  8
KM Kolon Tarama
100
AcDbLine
 10
-816094.1558794235
 20
-71611.01980528259
 30
0.0
 11
-816089.736462041
 21
-71606.60038790014
 31
0.0
  0
LINE
  5
938
330
17
100
AcDbEntity
  8
KM Kolon Tarama
100
AcDbLine
 10
-816087.52675335
 20
-71604.39067920891
 30
0.0
 11
-816083.1073359675
 21
-71599.97126182646
 31
0.0
  0
LINE
  5
939
330
17
100
AcDbEntity
  8
KM Kolon Tarama
100
AcDbLine
 10
-816080.8976272761
 20
-71597.76155313535
 30
0.0
 11
-816076.478209894
 21
-71593.3421357529
 31
0.0
  0
LINE
  5
93A
330
17
100
AcDbEntity
  8
KM Kolon Tarama
100
AcDbLine
 10
-816074.2685012026
 20
-71591.13242706168
 30
0.0
 11
-816069.8490838202
 21
-71586.71300967922
 31
0.0
  0
LINE
  5
93B
330
17
100
AcDbEntity
  8
KM Kolon Tarama
100
AcDbLine
 10
-816108.4710693605
 20
-71643.01266474952
 30
0.0
 11
-816107.4141315706
 21
-71641.95572695951
 31
0.0
  0
LINE
  5
93C
330
17
100
AcDbEntity
  8
KM Kolon Tarama
100
AcDbLine
 10
-816105.2044228794
 20
-71639.74601826828
 30
0.0
 11
-816100.785005497
 21
-71635.32660088583
 31
0.0
  0
LINE
  5
93D
330
17
100
AcDbEntity
  8
KM Kolon Tarama
100
AcDbLine
 10
-816098.5752968057
 20
-71633.11689219461
 30
0.0
 11
-816094.1558794233
 21
-71628.69747481227
 31
0.0
  0
LINE
  5
93E
330
17
100
AcDbEntity
  8
KM Kolon Tarama
100
AcDbLine
 10
-816091.9461707321
 20
-71626.48776612105
 30
0.0
 11
-816087.5267533496
 21
-71622.0683487386
 31
0.0
  0
LINE
  5
93F
330
17
100
AcDbEntity
  8
KM Kolon Tarama
100
AcDbLine
 10
-816085.3170446586
 20
-71619.85864004737
 30
0.0
 11
-816080.8976272761
 21
-71615.43922266492
 31
0.0
  0
LINE
  5
940
330
17
100
AcDbEntity
  8
KM Kolon Tarama
100
AcDbLine
 10
-816078.6879185851
 20
-71613.22951397381
 30
0.0
 11
-816074.2685012026
 21
-71608.81009659136
 31
0.0
  0
LINE
  5
941
330
17
100
AcDbEntity
  8
KM Kolon Tarama
100
AcDbLine
 10
-816072.0587925112
 20
-71606.60038790014
 30
0.0
 11
-816068.4864077755
 21
-71603.02800316433
 31
0.0
  0
LINE
  5
942
330
17
100
AcDbEntity
  8
KM Kolon Tarama
100
AcDbLine
 10
-816108.463991552
 20
-71660.6832564706
 30
0.0
 11
-816105.2044228794
 21
-71657.42368779797
 31
0.0
  0
LINE
  5
943
330
17
100
AcDbEntity
  8
KM Kolon Tarama
100
AcDbLine
 10
-816102.9947141882
 20
-71655.21397910675
 30
0.0
 11
-816098.5752968059
 21
-71650.79456172441
 31
0.0
  0
LINE
  5
944
330
17
100
AcDbEntity
  8
KM Kolon Tarama
100
AcDbLine
 10
-816096.3655881145
 20
-71648.58485303319
 30
0.0
 11
-816091.9461707321
 21
-71644.16543565074
 31
0.0
  0
LINE
  5
945
330
17
100
AcDbEntity
  8
KM Kolon Tarama
100
AcDbLine
 10
-816089.736462041
 20
-71641.95572695951
 30
0.0
 11
-816085.3170446586
 21
-71637.53630957706
 31
0.0
  0
LINE
  5
946
330
17
100
AcDbEntity
  8
KM Kolon Tarama
100
AcDbLine
 10
-816083.1073359672
 20
-71635.32660088583
 30
0.0
 11
-816078.6879185851
 21
-71630.9071835035
 31
0.0
  0
LINE
  5
947
330
17
100
AcDbEntity
  8
KM Kolon Tarama
100
AcDbLine
 10
-816076.4782098937
 20
-71628.69747481227
 30
0.0
 11
-816072.0587925112
 21
-71624.27805742982
 31
0.0
  0
LINE
  5
948
330
17
100
AcDbEntity
  8
KM Kolon Tarama
100
AcDbLine
 10
-816069.8490838202
 20
-71622.0683487386
 30
0.0
 11
-816068.479329967
 21
-71620.69859488553
 31
0.0
  0
LINE
  5
949
330
17
100
AcDbEntity
  8
KM Kolon Tarama
100
AcDbLine
 10
-816107.4141315706
 20
-71677.31106601877
 30
0.0
 11
-816102.9947141882
 21
-71672.89164863643
 31
0.0
  0
LINE
  5
94A
330
17
100
AcDbEntity
  8
KM Kolon Tarama
100
AcDbLine
 10
-816100.785005497
 20
-71670.6819399452
 30
0.0
 11
-816096.3655881145
 21
-71666.26252256276
 31
0.0
  0
LINE
  5
94B
330
17
100
AcDbEntity
  8
KM Kolon Tarama
100
AcDbLine
 10
-816094.1558794235
 20
-71664.05281387153
 30
0.0
 11
-816089.736462041
 21
-71659.63339648908
 31
0.0
  0
LINE
  5
94C
330
17
100
AcDbEntity
  8
KM Kolon Tarama
100
AcDbLine
 10
-816087.52675335
 20
-71657.42368779785
 30
0.0
 11
-816083.1073359675
 21
-71653.00427041552
 31
0.0
  0
LINE
  5
94D
330
17
100
AcDbEntity
  8
KM Kolon Tarama
100
AcDbLine
 10
-816080.8976272761
 20
-71650.7945617243
 30
0.0
 11
-816076.478209894
 21
-71646.37514434184
 31
0.0
  0
LINE
  5
94E
330
17
100
AcDbEntity
  8
KM Kolon Tarama
100
AcDbLine
 10
-816074.2685012026
 20
-71644.16543565062
 30
0.0
 11
-816069.8490838202
 21
-71639.74601826828
 31
0.0
  0
LINE
  5
94F
330
17
100
AcDbEntity
  8
KM Kolon Tarama
100
AcDbLine
 10
-816108.4498359349
 20
-71696.02443991276
 30
0.0
 11
-816107.4141315706
 21
-71694.98873554845
 31
0.0
  0
LINE
  5
950
330
17
100
AcDbEntity
  8
KM Kolon Tarama
100
AcDbLine
 10
-816105.2044228794
 20
-71692.77902685721
 30
0.0
 11
-816100.785005497
 21
-71688.35960947478
 31
0.0
  0
LINE
  5
951
330
17
100
AcDbEntity
  8
KM Kolon Tarama
100
AcDbLine
 10
-816098.5752968057
 20
-71686.14990078367
 30
0.0
 11
-816094.1558794233
 21
-71681.73048340122
 31
0.0
  0
LINE
  5
952
330
17
100
AcDbEntity
  8
KM Kolon Tarama
100
AcDbLine
 10
-816091.9461707321
 20
-71679.52077470999
 30
0.0
 11
-816087.5267533496
 21
-71675.10135732754
 31
0.0
  0
LINE
  5
953
330
17
100
AcDbEntity
  8
KM Kolon Tarama
100
AcDbLine
 10
-816085.3170446586
 20
-71672.89164863632
 30
0.0
 11
-816080.8976272761
 21
-71668.47223125398
 31
0.0
  0
LINE
  5
954
330
17
100
AcDbEntity
  8
KM Kolon Tarama
100
AcDbLine
 10
-816078.6879185851
 20
-71666.26252256276
 30
0.0
 11
-816074.2685012026
 21
-71661.8431051803
 31
0.0
  0
LINE
  5
955
330
17
100
AcDbEntity
  8
KM Kolon Tarama
100
AcDbLine
 10
-816072.0587925112
 20
-71659.63339648908
 30
0.0
 11
-816068.4651743498
 21
-71656.03977832755
 31
0.0
  0
LINE
  5
956
330
17
100
AcDbEntity
  8
KM Kolon Tarama
100
AcDbLine
 10
-816108.4427581263
 20
-71713.69503163383
 30
0.0
 11
-816105.2044228794
 21
-71710.45669638691
 31
0.0
  0
LINE
  5
957
330
17
100
AcDbEntity
  8
KM Kolon Tarama
100
AcDbLine
 10
-816102.9947141882
 20
-71708.24698769567
 30
0.0
 11
-816098.5752968059
 21
-71703.82757031322
 31
0.0
  0
LINE
  5
958
330
17
100
AcDbEntity
  8
KM Kolon Tarama
100
AcDbLine
 10
-816096.3655881145
 20
-71701.61786162212
 30
0.0
 11
-816091.9461707321
 21
-71697.19844423966
 31
0.0
  0
LINE
  5
959
330
17
100
AcDbEntity
  8
KM Kolon Tarama
100
AcDbLine
 10
-816089.736462041
 20
-71694.98873554845
 30
0.0
 11
-816085.3170446586
 21
-71690.569318166
 31
0.0
  0
LINE
  5
95A
330
17
100
AcDbEntity
  8
KM Kolon Tarama
100
AcDbLine
 10
-816083.1073359672
 20
-71688.35960947478
 30
0.0
 11
-816078.6879185851
 21
-71683.94019209244
 31
0.0
  0
LINE
  5
95B
330
17
100
AcDbEntity
  8
KM Kolon Tarama
100
AcDbLine
 10
-816076.4782098937
 20
-71681.73048340122
 30
0.0
 11
-816072.0587925112
 21
-71677.31106601877
 31
0.0
  0
LINE
  5
95C
330
17
100
AcDbEntity
  8
KM Kolon Tarama
100
AcDbLine
 10
-816069.8490838202
 20
-71675.10135732754
 30
0.0
 11
-816068.4580965413
 21
-71673.71037004876
 31
0.0
  0
LINE
  5
95D
330
17
100
AcDbEntity
  8
KM Kolon Tarama
100
AcDbLine
 10
-816107.4141315706
 20
-71730.34407460783
 30
0.0
 11
-816102.9947141882
 21
-71725.92465722538
 31
0.0
  0
LINE
  5
95E
330
17
100
AcDbEntity
  8
KM Kolon Tarama
100
AcDbLine
 10
-816100.785005497
 20
-71723.71494853415
 30
0.0
 11
-816096.3655881145
 21
-71719.2955311517
 31
0.0
  0
LINE
  5
95F
330
17
100
AcDbEntity
  8
KM Kolon Tarama
100
AcDbLine
 10
-816094.1558794235
 20
-71717.08582246059
 30
0.0
 11
-816089.736462041
 21
-71712.66640507814
 31
0.0
  0
LINE
  5
960
330
17
100
AcDbEntity
  8
KM Kolon Tarama
100
AcDbLine
 10
-816087.52675335
 20
-71710.45669638691
 30
0.0
 11
-816083.1073359675
 21
-71706.03727900446
 31
0.0
  0
LINE
  5
961
330
17
100
AcDbEntity
  8
KM Kolon Tarama
100
AcDbLine
 10
-816080.8976272761
 20
-71703.82757031322
 30
0.0
 11
-816076.478209894
 21
-71699.4081529309
 31
0.0
  0
LINE
  5
962
330
17
100
AcDbEntity
  8
KM Kolon Tarama
100
AcDbLine
 10
-816074.2685012026
 20
-71697.19844423966
 30
0.0
 11
-816069.8490838202
 21
-71692.77902685721
 31
0.0
  0
LINE
  5
963
330
17
100
AcDbEntity
  8
KM Kolon Tarama
100
AcDbLine
 10
-816108.4286025092
 20
-71749.03621507599
 30
0.0
 11
-816107.4141315706
 21
-71748.02174413751
 31
0.0
  0
LINE
  5
964
330
17
100
AcDbEntity
  8
KM Kolon Tarama
100
AcDbLine
 10
-816105.2044228794
 20
-71745.81203544629
 30
0.0
 11
-816100.785005497
 21
-71741.39261806382
 31
0.0
  0
LINE
  5
965
330
17
100
AcDbEntity
  8
KM Kolon Tarama
100
AcDbLine
 10
-816098.5752968059
 20
-71739.18290937261
 30
0.0
 11
-816094.1558794235
 21
-71734.76349199016
 31
0.0
  0
LINE
  5
966
330
17
100
AcDbEntity
  8
KM Kolon Tarama
100
AcDbLine
 10
-816091.9461707321
 20
-71732.55378329905
 30
0.0
 11
-816087.52675335
 21
-71728.1343659166
 31
0.0
  0
LINE
  5
967
330
17
100
AcDbEntity
  8
KM Kolon Tarama
100
AcDbLine
 10
-816085.3170446586
 20
-71725.92465722538
 30
0.0
 11
-816080.8976272761
 21
-71721.50523984293
 31
0.0
  0
LINE
  5
968
330
17
100
AcDbEntity
  8
KM Kolon Tarama
100
AcDbLine
 10
-816078.6879185851
 20
-71719.2955311517
 30
0.0
 11
-816074.2685012026
 21
-71714.87611376937
 31
0.0
  0
LINE
  5
969
330
17
100
AcDbEntity
  8
KM Kolon Tarama
100
AcDbLine
 10
-816072.0587925112
 20
-71712.66640507814
 30
0.0
 11
-816068.4439409242
 21
-71709.05155349092
 31
0.0
  0
LINE
  5
96A
330
17
100
AcDbEntity
  8
KM Kolon Tarama
100
AcDbLine
 10
-816108.4215247006
 20
-71766.70680679705
 30
0.0
 11
-816105.2044228794
 21
-71763.48970497586
 31
0.0
  0
LINE
  5
96B
330
17
100
AcDbEntity
  8
KM Kolon Tarama
100
AcDbLine
 10
-816102.9947141882
 20
-71761.27999628463
 30
0.0
 11
-816098.5752968059
 21
-71756.8605789023
 31
0.0
  0
LINE
  5
96C
330
17
100
AcDbEntity
  8
KM Kolon Tarama
100
AcDbLine
 10
-816096.3655881145
 20
-71754.65087021107
 30
0.0
 11
-816091.9461707321
 21
-71750.23145282862
 31
0.0
  0
LINE
  5
96D
330
17
100
AcDbEntity
  8
KM Kolon Tarama
100
AcDbLine
 10
-816089.736462041
 20
-71748.0217441374
 30
0.0
 11
-816085.3170446586
 21
-71743.60232675506
 31
0.0
  0
LINE
  5
96E
330
17
100
AcDbEntity
  8
KM Kolon Tarama
100
AcDbLine
 10
-816083.1073359672
 20
-71741.39261806382
 30
0.0
 11
-816078.6879185851
 21
-71736.97320068139
 31
0.0
  0
LINE
  5
96F
330
17
100
AcDbEntity
  8
KM Kolon Tarama
100
AcDbLine
 10
-816076.4782098937
 20
-71734.76349199016
 30
0.0
 11
-816072.0587925112
 21
-71730.34407460771
 31
0.0
  0
LINE
  5
970
330
17
100
AcDbEntity
  8
KM Kolon Tarama
100
AcDbLine
 10
-816069.8490838202
 20
-71728.13436591648
 30
0.0
 11
-816068.4368631155
 21
-71726.72214521188
 31
0.0
  0
LINE
  5
971
330
17
100
AcDbEntity
  8
KM Kolon Tarama
100
AcDbLine
 10
-816107.4141315706
 20
-71783.37708319677
 30
0.0
 11
-816102.9947141882
 21
-71778.95766581444
 31
0.0
  0
LINE
  5
972
330
17
100
AcDbEntity
  8
KM Kolon Tarama
100
AcDbLine
 10
-816100.785005497
 20
-71776.74795712321
 30
0.0
 11
-816096.3655881145
 21
-71772.32853974076
 31
0.0
  0
LINE
  5
973
330
17
100
AcDbEntity
  8
KM Kolon Tarama
100
AcDbLine
 10
-816094.1558794235
 20
-71770.11883104953
 30
0.0
 11
-816089.736462041
 21
-71765.69941366708
 31
0.0
  0
LINE
  5
974
330
17
100
AcDbEntity
  8
KM Kolon Tarama
100
AcDbLine
 10
-816087.52675335
 20
-71763.48970497586
 30
0.0
 11
-816083.1073359675
 21
-71759.07028759352
 31
0.0
  0
LINE
  5
975
330
17
100
AcDbEntity
  8
KM Kolon Tarama
100
AcDbLine
 10
-816080.8976272761
 20
-71756.8605789023
 30
0.0
 11
-816076.478209894
 21
-71752.44116151985
 31
0.0
  0
LINE
  5
976
330
17
100
AcDbEntity
  8
KM Kolon Tarama
100
AcDbLine
 10
-816074.2685012026
 20
-71750.23145282862
 30
0.0
 11
-816069.8490838202
 21
-71745.81203544617
 31
0.0
  0
LINE
  5
977
330
17
100
AcDbEntity
  8
KM Kolon Tarama
100
AcDbLine
 10
-816104.5354866626
 20
-71798.17610781826
 30
0.0
 11
-816100.785005497
 21
-71794.4256266529
 31
0.0
  0
LINE
  5
978
330
17
100
AcDbEntity
  8
KM Kolon Tarama
100
AcDbLine
 10
-816098.5752968059
 20
-71792.21591796167
 30
0.0
 11
-816094.1558794235
 21
-71787.79650057922
 31
0.0
  0
LINE
  5
979
330
17
100
AcDbEntity
  8
KM Kolon Tarama
100
AcDbLine
 10
-816091.9461707321
 20
-71785.586791888
 30
0.0
 11
-816087.52675335
 21
-71781.16737450566
 31
0.0
  0
LINE
  5
97A
330
17
100
AcDbEntity
  8
KM Kolon Tarama
100
AcDbLine
 10
-816085.3170446586
 20
-71778.95766581444
 30
0.0
 11
-816080.8976272761
 21
-71774.53824843199
 31
0.0
  0
LINE
  5
97B
330
17
100
AcDbEntity
  8
KM Kolon Tarama
100
AcDbLine
 10
-816078.6879185851
 20
-71772.32853974076
 30
0.0
 11
-816074.2685012026
 21
-71767.90912235831
 31
0.0
  0
LINE
  5
97C
330
17
100
AcDbEntity
  8
KM Kolon Tarama
100
AcDbLine
 10
-816072.0587925112
 20
-71765.69941366708
 30
0.0
 11
-816068.4227074984
 21
-71762.06332865416
 31
0.0
  0
LINE
  5
97D
330
17
100
AcDbEntity
  8
KM Kolon Tarama
100
AcDbLine
 10
-816086.8578171328
 20
-71798.17610781826
 30
0.0
 11
-816085.3170446586
 21
-71796.635335344
 31
0.0
  0
LINE
  5
97E
330
17
100
AcDbEntity
  8
KM Kolon Tarama
100
AcDbLine
 10
-816083.1073359672
 20
-71794.4256266529
 30
0.0
 11
-816078.6879185851
 21
-71790.00620927045
 31
0.0
  0
LINE
  5
97F
330
17
100
AcDbEntity
  8
KM Kolon Tarama
100
AcDbLine
 10
-816076.4782098937
 20
-71787.79650057922
 30
0.0
 11
-816072.0587925112
 21
-71783.37708319677
 31
0.0
  0
LINE
  5
980
330
17
100
AcDbEntity
  8
KM Kolon Tarama
100
AcDbLine
 10
-816069.8490838202
 20
-71781.16737450555
 30
0.0
 11
-816068.4156296898
 21
-71779.73392037523
 31
0.0
  0
LINE
  5
981
330
17
100
AcDbEntity
  8
xref_antet-100$0$CIZGI1
100
AcDbLine
 10
-810116.3772898607
 20
-75258.67660310585
 30
0.0
 11
-810116.3772867685
 21
-75012.10067339707
 31
0.0
  0
LINE
  5
982
330
17
100
AcDbEntity
  8
xref_antet-100$0$CIZGI1
100
AcDbLine
 10
-810507.8921773722
 20
-74307.66394862905
 30
0.0
 11
-808647.4751604935
 21
-74307.66394862905
 31
0.0
  0
LINE
  5
983
330
17
100
AcDbEntity
  8
xref_antet-100$0$CIZGI1
100
AcDbLine
 10
-810507.8921772904
 20
-74663.73752127215
 30
0.0
 11
-808647.4751604638
 21
-74663.73752127215
 31
0.0
  0
LINE
  5
984
330
17
100
AcDbEntity
  8
xref_antet-100$0$REVIZYON TABLOSU
100
AcDbLine
 10
-810507.8674396565
 20
-71683.3830070328
 30
0.0
 11
-808647.499901957
 21
-71683.3830070328
 31
0.0
  0
LINE
  5
985
330
17
100
AcDbEntity
  8
xref_antet-100$0$REVIZYON TABLOSU
100
AcDbLine
 10
-810507.8674396565
 20
-71683.33352784626
 30
0.0
 11
-808647.499901957
 21
-71683.33352784626
 31
0.0
  0
LINE
  5
986
330
17
100
AcDbEntity
  8
xref_antet-100$0$REVIZYON TABLOSU
100
AcDbLine
 10
-810507.8674396565
 20
-71490.36474152002
 30
0.0
 11
-808647.499901957
 21
-71490.36474152002
 31
0.0
  0
LINE
  5
987
330
17
100
AcDbEntity
  8
xref_antet-100$0$REVIZYON TABLOSU
100
AcDbLine
 10
-810408.9915529927
 20
-71747.65645662136
 30
0.0
 11
-810408.9915529927
 21
-71708.1225950243
 31
0.0
  0
LINE
  5
988
330
17
100
AcDbEntity
  8
xref_antet-100$0$REVIZYON TABLOSU
100
AcDbLine
 10
-810408.9254135779
 20
-71040.10424009431
 30
0.0
 11
-810408.942073821
 21
-71747.65645662136
 31
0.0
  0
LINE
  5
989
330
17
100
AcDbEntity
  8
xref_antet-100$0$REVIZYON TABLOSU
100
AcDbLine
 10
-810112.1247436322
 20
-71747.65645662136
 30
0.0
 11
-810112.1247436322
 21
-71708.1225950243
 31
0.0
  0
LINE
  5
98A
330
17
100
AcDbEntity
  8
xref_antet-100$0$REVIZYON TABLOSU
100
AcDbLine
 10
-810112.0586042171
 20
-71040.10424009431
 30
0.0
 11
-810112.0752644604
 21
-71747.65645662136
 31
0.0
  0
LINE
  5
98B
330
17
100
AcDbEntity
  8
xref_antet-100$0$REVIZYON TABLOSU
100
AcDbLine
 10
-810507.8674396565
 20
-71426.04181274492
 30
0.0
 11
-808647.499901957
 21
-71426.04181274492
 31
0.0
  0
LINE
  5
98C
330
17
100
AcDbEntity
  8
xref_antet-100$0$REVIZYON TABLOSU
100
AcDbLine
 10
-810507.8899294129
 20
-71361.71888396982
 30
0.0
 11
-808647.499901957
 21
-71361.71888396982
 31
0.0
  0
LINE
  5
98D
330
17
100
AcDbEntity
  8
xref_antet-100$0$REVIZYON TABLOSU
100
AcDbLine
 10
-810507.8674396565
 20
-71297.39595519472
 30
0.0
 11
-808647.499901957
 21
-71297.39595519472
 31
0.0
  0
LINE
  5
98E
330
17
100
AcDbEntity
  8
xref_antet-100$0$REVIZYON TABLOSU
100
AcDbLine
 10
-810507.8674396565
 20
-71168.75009764358
 30
0.0
 11
-808647.499901957
 21
-71168.75009764358
 31
0.0
  0
LINE
  5
98F
330
17
100
AcDbEntity
  8
xref_antet-100$0$REVIZYON TABLOSU
100
AcDbLine
 10
-810507.8674396565
 20
-71104.42716886848
 30
0.0
 11
-808647.499901957
 21
-71104.42716886848
 31
0.0
  0
LINE
  5
990
330
17
100
AcDbEntity
  8
xref_antet-100$0$CIZGI1
100
AcDbLine
 10
-810255.2034882299
 20
-74038.03130724467
 30
0.0
 11
-810255.2034882299
 21
-73899.48961449787
 31
0.0
  0
LINE
  5
991
330
17
100
AcDbEntity
  8
xref_antet-100$0$CIZGI1
100
AcDbLine
 10
-810507.892178326
 20
-75076.42359978892
 30
0.0
 11
-808647.4751611865
 21
-75076.42359143682
 31
0.0
  0
LINE
  5
992
330
17
100
AcDbEntity
  8
Defpoints
100
AcDbLine
 10
-810527.6838496468
 20
-75277.64832849242
 30
0.0
 11
-810496.0171770146
 21
-75277.64832849242
 31
0.0
  0
LINE
  5
993
330
17
100
AcDbEntity
  8
Defpoints
100
AcDbLine
 10
-810527.6838496468
 20
-75245.98165586498
 30
0.0
 11
-810527.6838496468
 21
-75277.64832849242
 31
0.0
  0
LINE
  5
994
330
17
100
AcDbEntity
  8
xref_antet-100$0$CIZGI1
100
AcDbLine
 10
-810507.8921773722
 20
-74361.67680812255
 30
0.0
 11
-808647.4751604935
 21
-74361.67680812255
 31
0.0
  0
LINE
  5
995
330
17
100
AcDbEntity
  8
xref_antet-100$0$CIZGI1
100
AcDbLine
 10
-810294.5791006675
 20
-74361.67680812255
 30
0.0
 11
-810294.579100675
 21
-74513.66011241637
 31
0.0
  0
LINE
  5
996
330
17
100
AcDbEntity
  8
xref_antet-100$0$CIZGI1
100
AcDbLine
 10
-810044.5742207012
 20
-74361.67680812255
 30
0.0
 11
-810044.5742207085
 21
-74513.66011241637
 31
0.0
  0
LINE
  5
997
330
17
100
AcDbEntity
  8
xref_antet-100$0$CIZGI1
100
AcDbLine
 10
-810507.8921772976
 20
-74598.59465197474
 30
0.0
 11
-808647.475160471
 21
-74598.59465197474
 31
0.0
  0
LINE
  5
998
330
17
100
AcDbEntity
  8
xref_antet-100$0$CIZGI1
100
AcDbLine
 10
-810507.8921772904
 20
-74728.88039062917
 30
0.0
 11
-808647.4751604638
 21
-74728.88039062917
 31
0.0
  0
LINE
  5
999
330
17
100
AcDbEntity
  8
xref_antet-100$0$CIZGI1
100
AcDbLine
 10
-810044.5742207012
 20
-74533.45178285334
 30
0.0
 11
-810044.5742206936
 21
-74992.30899864063
 31
0.0
  0
LINE
  5
99A
330
17
100
AcDbEntity
  8
xref_antet-100$0$CIZGI1
100
AcDbLine
 10
-810507.8921772904
 20
-74860.507031071
 30
0.0
 11
-808647.4751604638
 21
-74860.507031071
 31
0.0
  0
LINE
  5
99B
330
17
100
AcDbEntity
  8
xref_antet-100$0$REVIZYON TABLOSU
100
AcDbLine
 10
-810507.8674396565
 20
-71619.0600782577
 30
0.0
 11
-808647.499901957
 21
-71619.0600782577
 31
0.0
  0
LINE
  5
99C
330
17
100
AcDbEntity
  8
xref_antet-100$0$REVIZYON TABLOSU
100
AcDbLine
 10
-810507.8674396565
 20
-71619.01059907023
 30
0.0
 11
-808647.499901957
 21
-71619.01059907023
 31
0.0
  0
LINE
  5
99D
330
17
100
AcDbEntity
  8
xref_antet-100$0$REVIZYON TABLOSU
100
AcDbLine
 10
-810507.8674396565
 20
-71554.7371494826
 30
0.0
 11
-808647.499901957
 21
-71554.7371494826
 31
0.0
  0
LINE
  5
99E
330
17
100
AcDbEntity
  8
xref_antet-100$0$REVIZYON TABLOSU
100
AcDbLine
 10
-810507.8674396565
 20
-71554.68767029513
 30
0.0
 11
-808647.499901957
 21
-71554.68767029513
 31
0.0
  0
LINE
  5
99F
330
17
100
AcDbEntity
  8
xref_antet-100$0$REVIZYON TABLOSU
100
AcDbLine
 10
-810507.8674396565
 20
-71233.07302641869
 30
0.0
 11
-808647.499901957
 21
-71233.07302641869
 31
0.0
  0
LINE
  5
9A0
330
17
100
AcDbEntity
  8
xref_antet-100$0$CIZGI1
100
AcDbLine
 10
-810507.8921773722
 20
-73780.9776358176
 30
0.0
 11
-808647.4751604935
 21
-73780.9776358176
 31
0.0
  0
LINE
  5
9A1
330
17
100
AcDbEntity
  8
xref_antet-100$0$CIZGI1
100
AcDbLine
 10
-810507.8921773722
 20
-73899.48961449787
 30
0.0
 11
-808647.4751604935
 21
-73899.48961449787
 31
0.0
  0
LINE
  5
9A2
330
17
100
AcDbEntity
  8
xref_antet-100$0$CIZGI1
100
AcDbLine
 10
-810507.8921773722
 20
-74038.03130724467
 30
0.0
 11
-808647.4751604935
 21
-74038.03130724467
 31
0.0
  0
LINE
  5
9A3
330
17
100
AcDbEntity
  8
xref_antet-100$0$CIZGI1
100
AcDbLine
 10
-810190.9732234767
 20
-73213.57185626216
 30
0.0
 11
-810190.9732234096
 21
-73082.93485020753
 31
0.0
  0
LINE
  5
9A4
330
17
100
AcDbEntity
  8
xref_antet-100$0$CIZGI1
100
AcDbLine
 10
-810507.8921772904
 20
-74793.88039062917
 30
0.0
 11
-808647.4751604638
 21
-74793.88039062917
 31
0.0
  0
LINE
  5
9A5
330
17
100
AcDbEntity
  8
xref_antet-100$0$CIZGI1
100
AcDbLine
 10
-810507.8921772904
 20
-74927.13367151376
 30
0.0
 11
-808647.4751604638
 21
-74927.13367151376
 31
0.0
  0
LINE
  5
9A6
330
17
100
AcDbEntity
  8
xref_antet-100$0$NOTYAZILARI
100
AcDbLine
 10
-810496.9746250428
 20
-69824.7959983442
 30
0.0
 11
-809492.0729869668
 21
-69824.7959983442
 31
0.0
  0
LINE
  5
9A7
330
17
100
AcDbEntity
  8
xref_antet-100$0$NOTYAZILARI
100
AcDbLine
 10
-810496.9746250428
 20
-69873.02601510007
 30
0.0
 11
-809492.0729869668
 21
-69873.02601510007
 31
0.0
  0
LINE
  5
9A8
330
17
100
AcDbEntity
  8
xref_antet-100$0$NOTYAZILARI
100
AcDbLine
 10
-810496.9746250428
 20
-69927.21649981754
 30
0.0
 11
-809492.0729869668
 21
-69927.21649981754
 31
0.0
  0
LINE
  5
9A9
330
17
100
AcDbEntity
  8
xref_antet-100$0$NOTYAZILARI
100
AcDbLine
 10
-810496.9746250428
 20
-69998.55299558584
 30
0.0
 11
-809492.0729869668
 21
-69998.55299558584
 31
0.0
  0
LINE
  5
9AA
330
17
100
AcDbEntity
  8
xref_antet-100$0$NOTYAZILARI
100
AcDbLine
 10
-810496.9746250428
 20
-70082.04604716226
 30
0.0
 11
-809492.0729869668
 21
-70082.04604716226
 31
0.0
  0
LINE
  5
9AB
330
17
100
AcDbEntity
  8
xref_antet-100$0$NOTYAZILARI
100
AcDbLine
 10
-810496.9746250428
 20
-70130.27606391907
 30
0.0
 11
-809492.0729869668
 21
-70130.27606391907
 31
0.0
  0
LINE
  5
9AC
330
17
100
AcDbEntity
  8
xref_antet-100$0$NOTYAZILARI
100
AcDbLine
 10
-810465.4956358961
 20
-66835.6910652984
 30
0.0
 11
-808727.5395795694
 21
-66835.6910652984
 31
0.0
  0
LINE
  5
9AD
330
17
100
AcDbEntity
  8
xref_antet-100$0$NOTYAZILARI
100
AcDbLine
 10
-810465.4956358961
 20
-67330.48282510787
 30
0.0
 11
-808727.5395795694
 21
-67330.48282510787
 31
0.0
  0
LWPOLYLINE
  5
9AE
330
17
100
AcDbEntity
  8
KM Grobeton
100
AcDbPolyline
 90
22
 70
0
 10
-811745.5190387998
 20
-74894.43858965568
 10
-813845.4488941446
 20
-74894.43858965568
 10
-813875.4488941446
 20
-74924.43858965566
 10
-816033.5207668575
 20
-74924.43858965566
 10
-816033.5207668575
 20
-75074.43858965568
 10
-816728.5170284541
 20
-75074.4385896558
 10
-816728.5170284541
 20
-75074.4385896558
 10
-817142.5200191768
 20
-75074.4385896558
 10
-817142.5200191768
 20
-75074.43858965568
 10
-817527.5196758541
 20
-75074.43858965568
 10
-817527.5196758541
 20
-74924.43858965566
 10
-822946.5199199948
 20
-74924.43858965566
 10
-822946.5199199948
 20
-75074.43858965568
 10
-823641.5161815914
 20
-75074.43858965568
 10
-823641.5161815914
 20
-75074.43858965568
 10
-824055.519172314
 20
-75074.43858965568
 10
-824055.519172314
 20
-75074.43858965568
 10
-824440.5188289913
 20
-75074.43858965568
 10
-824440.5188289913
 20
-74924.43858965566
 10
-827132.58990634
 20
-74924.43858965566
 10
-827162.5899063399
 20
-74894.43858965568
 10
-828405.5182186397
 20
-74894.43858965568
  0
LWPOLYLINE
  5
9AF
330
17
100
AcDbEntity
  8
KM Grobeton
100
AcDbPolyline
 90
18
 70
0
 10
-811745.5190387998
 20
-74904.43858965566
 10
-813841.306758521
 20
-74904.43858965566
 10
-813841.306758521
 20
-74934.43858965568
 10
-815873.5207668575
 20
-74934.43858965568
 10
-816013.5207668575
 20
-75084.43858965566
 10
-816728.5170284541
 20
-75084.4385896558
 10
-817142.5200191768
 20
-75084.4385896558
 10
-817547.5196758542
 20
-75084.43858965566
 10
-817687.5196758542
 20
-74934.43858965568
 10
-822786.5199199948
 20
-74934.43858965568
 10
-822926.5199199948
 20
-75084.43858965566
 10
-823641.5161815914
 20
-75084.43858965566
 10
-824055.519172314
 20
-75084.43858965566
 10
-824460.5188289915
 20
-75084.43858965566
 10
-824600.5188289913
 20
-74934.43858965568
 10
-827166.7320419636
 20
-74934.43858965568
 10
-827166.7320419636
 20
-74904.43858965566
 10
-828405.5182186397
 20
-74904.43858965566
  0
LWPOLYLINE
  5
9B0
330
17
100
AcDbEntity
  8
KM Temel Alt Bilgi Yazısı
100
AcDbPolyline
 90
3
 70
0
 10
-815471.0210533302
 20
-74901.21340522554
 10
-815471.0210533302
 20
-75064.48466847325
 10
-815454.5568760957
 20
-75064.48466847325
  0
LWPOLYLINE
  5
9B1
330
17
100
AcDbEntity
  8
KM Temel Alt Bilgi Yazısı
100
AcDbPolyline
 90
3
 70
0
 10
-822354.3663645904
 20
-74901.21340522554
 10
-822354.3663645904
 20
-75064.48466847325
 10
-822337.9021873556
 20
-75064.48466847325
  0
LWPOLYLINE
  5
9B2
330
17
100
AcDbEntity
  8
KM Temel Alt Bilgi Yazısı
100
AcDbPolyline
 90
3
 70
0
 10
-818116.7810605669
 20
-74901.21340522554
 10
-818116.7810605669
 20
-75064.48466847325
 10
-818100.3168833324
 20
-75064.48466847325
  0
LWPOLYLINE
  5
9B3
330
17
100
AcDbEntity
  8
KM Temel Alt Bilgi Yazısı
100
AcDbPolyline
 90
3
 70
0
 10
-820454.931802742
 20
-74901.21340522554
 10
-820454.931802742
 20
-75064.48466847325
 10
-820438.4676255074
 20
-75064.48466847325
  0
LWPOLYLINE
  5
9B4
330
17
100
AcDbEntity
  8
KM Temel Alt Bilgi Yazısı
100
AcDbPolyline
 90
3
 70
0
 10
-825024.443550736
 20
-74901.21340522554
 10
-825024.443550736
 20
-75064.48466847325
 10
-825007.9793735014
 20
-75064.48466847325
  0
LWPOLYLINE
  5
9B5
330
17
100
AcDbEntity
  8
KM Temel Alt Bilgi Yazısı
100
AcDbPolyline
 90
3
 70
0
 10
-826784.2880387375
 20
-74901.21340522554
 10
-826784.2880387375
 20
-75064.48466847325
 10
-826767.8238615028
 20
-75064.48466847325
  0
LWPOLYLINE
  5
9B6
330
17
100
AcDbEntity
  8
KM Temel Alt Bilgi Yazısı
100
AcDbPolyline
 90
3
 70
0
 10
-812564.7113561493
 20
-74901.21340522554
 10
-812564.7113561493
 20
-75064.48466847325
 10
-812548.2471789148
 20
-75064.48466847325
  0
LWPOLYLINE
  5
9B7
330
17
100
AcDbEntity
  8
KM Temel Alt Bilgi Yazısı
100
AcDbPolyline
 90
3
 70
0
 10
-827970.662087936
 20
-74901.21340522554
 10
-827970.662087936
 20
-75064.48466847325
 10
-827954.1979107012
 20
-75064.48466847325
  0
LWPOLYLINE
  5
9B8
330
17
100
AcDbEntity
  8
KM Grobeton
100
AcDbPolyline
 90
9
 70
0
 10
-810784.3634186956
 20
-73687.57018930731
 10
-810794.3634186955
 20
-73687.57018930731
 10
-810794.3634186955
 20
-72380.27454366384
 10
-810764.3634186954
 20
-72350.27454366384
 10
-810764.3634186954
 20
-69946.13321866328
 10
-810794.3634186955
 20
-69916.13321866328
 10
-810794.3634186955
 20
-69255.27304639516
 10
-810764.3634186954
 20
-69225.27304639514
 10
-810764.3634186954
 20
-67521.60363756656
  0
LWPOLYLINE
  5
9B9
330
17
100
AcDbEntity
  8
KM Grobeton
100
AcDbPolyline
 90
8
 70
0
 10
-810754.3634186956
 20
-67521.60363756656
 10
-810754.3634186956
 20
-69229.41518201889
 10
-810784.3634186956
 20
-69259.41518201889
 10
-810784.3634186956
 20
-69911.99108303955
 10
-810754.3634186956
 20
-69941.99108303955
 10
-810754.3634186956
 20
-72354.41667928756
 10
-810784.3634186956
 20
-72384.41667928756
 10
-810784.3634186956
 20
-73687.57018930731
  0
LWPOLYLINE
  5
9BA
330
17
100
AcDbEntity
  8
KM Temel Alt Bilgi Yazısı
100
AcDbPolyline
 90
3
 70
0
 10
-810787.5886031257
 20
-71225.39857607707
 10
-810624.317339878
 20
-71225.39857607707
 10
-810624.317339878
 20
-71208.9343988424
  0
LWPOLYLINE
  5
9BB
330
17
100
AcDbEntity
  8
KM Temel Alt Bilgi Yazısı
100
AcDbPolyline
 90
3
 70
0
 10
-810813.845157968
 20
-72725.35230061912
 10
-810650.5738947204
 20
-72725.35230061912
 10
-810650.5738947204
 20
-72708.88812338444
  0
LWPOLYLINE
  5
9BC
330
17
100
AcDbEntity
  8
KM Temel Alt Bilgi Yazısı
100
AcDbPolyline
 90
3
 70
0
 10
-810813.845157968
 20
-69569.5756701919
 10
-810650.5738947204
 20
-69569.5756701919
 10
-810650.5738947204
 20
-69553.11149295722
  0
LWPOLYLINE
  5
9BD
330
17
100
AcDbEntity
  8
KM Temel
100
AcDbPolyline
 90
4
 70
1
 10
-824365.666197025
 20
-71588.20341863146
 10
-823331.6638929478
 20
-71588.20341863146
 10
-823331.6638929478
 20
-71858.2076910924
 10
-824365.666197025
 20
-71858.2076910924
  0
LWPOLYLINE
  5
9BE
330
17
100
AcDbEntity
  8
KM Temel Kesik
100
AcDbPolyline
 90
7
 70
0
 10
-824435.666197025
 20
-71928.2076910924
 10
-824435.666197025
 20
-71518.20341863146
 10
-823361.6667921179
 20
-71518.20341863146
 10
-823361.6667921179
 20
-71418.2011298131
 10
-822951.6672880285
 20
-71418.2011298131
 10
-822951.6672880285
 20
-71928.20292272081
 10
-824435.666197025
 20
-71928.2076910924
  0
LWPOLYLINE
  5
9BF
330
17
100
AcDbEntity
  8
KM Temel
100
AcDbPolyline
 90
4
 70
1
 10
-817452.6646597021
 20
-71588.20341863146
 10
-816418.6647398107
 20
-71588.20341863146
 10
-816418.6647398107
 20
-71858.2076910924
 10
-817452.6646597021
 20
-71858.2076910924
  0
LWPOLYLINE
  5
9C0
330
17
100
AcDbEntity
  8
KM Temel Kesik
100
AcDbPolyline
 90
6
 70
1
 10
-817522.6670438879
 20
-71928.2076910924
 10
-817522.6670438879
 20
-71518.20341863146
 10
-816448.6676389806
 20
-71518.20341863146
 10
-816448.6676389806
 20
-71418.2011298131
 10
-816038.6681348912
 20
-71418.2011298131
 10
-816038.6681348912
 20
-71928.20292272081
  0
LWPOLYLINE
  5
9C1
330
17
100
AcDbEntity
  8
KM Temel
100
AcDbPolyline
 90
16
 70
1
 10
-827130.6662065617
 20
-69948.20412435045
 10
-827130.6662065617
 20
-72348.20331372728
 10
-822130.6662065618
 20
-72348.20331372728
 10
-822130.6662065618
 20
-72398.20445813646
 10
-820880.6659204595
 20
-72398.20445813646
 10
-820880.6659204595
 20
-72348.20331372728
 10
-817642.6665289036
 20
-72348.20331372728
 10
-817642.6665289036
 20
-72658.2034949254
 10
-816208.6667043798
 20
-72658.2034949254
 10
-816208.6667043798
 20
-72348.20331372728
 10
-813877.6673299901
 20
-72348.20331372728
 10
-813877.6673299901
 20
-69948.20412435045
 10
-816208.6667043798
 20
-69948.20412435045
 10
-816208.6667043798
 20
-69628.20347585191
 10
-817642.6665289036
 20
-69628.20347585191
 10
-817642.6665289036
 20
-69948.20412435045
  0
LWPOLYLINE
  5
9C2
330
17
100
AcDbEntity
  8
KM Temel Kesik
100
AcDbPolyline
 90
16
 70
1
 10
-827160.6662065618
 20
-69918.20412435044
 10
-827160.6662065618
 20
-72378.20331372728
 10
-822160.6662065617
 20
-72378.20331372728
 10
-822160.6662065617
 20
-72428.20445813646
 10
-820850.6659204594
 20
-72428.20445813646
 10
-820850.6659204594
 20
-72378.20331372728
 10
-817672.6665289036
 20
-72378.20331372728
 10
-817672.6665289036
 20
-72688.2034949254
 10
-816178.6667043797
 20
-72688.2034949254
 10
-816178.6667043797
 20
-72378.20331372728
 10
-813847.6673299901
 20
-72378.20331372728
 10
-813847.6673299901
 20
-69918.20412435044
 10
-816178.6667043797
 20
-69918.20412435044
 10
-816178.6667043797
 20
-69598.20347585191
 10
-817672.6665289036
 20
-69598.20347585191
 10
-817672.6665289036
 20
-69918.20412435044
  0
LWPOLYLINE
  5
9C3
330
17
100
AcDbEntity
  8
KM Temel Kesik
100
AcDbPolyline
 90
4
 70
1
 10
-820812.2624915795
 20
-71800.7629514226
 10
-820192.2363359624
 20
-71800.7629514226
 10
-820192.2363359624
 20
-72348.20331372728
 10
-820812.2624915795
 20
-72348.20331372728
  0
LWPOLYLINE
  5
9C4
330
17
100
AcDbEntity
  8
KM Temel
100
AcDbPolyline
 90
12
 70
0
 10
-813835.6714803807
 20
-67521.60363756656
 10
-813835.6714803807
 20
-69223.2018164586
 10
-815110.6699545017
 20
-69223.2018164586
 10
-815110.6699545017
 20
-68593.2015828084
 10
-818845.6707555882
 20
-68593.2015828084
 10
-818845.6707555882
 20
-69223.2018164586
 10
-822130.6701738468
 20
-69223.2018164586
 10
-822130.6701738468
 20
-68848.20157804003
 10
-825860.6701452367
 20
-68848.20157804003
 10
-825860.6701452367
 20
-69273.20176877489
 10
-827130.6701738469
 20
-69273.20176877489
 10
-827130.6701738469
 20
-67521.60363756656
  0
LWPOLYLINE
  5
9C5
330
17
100
AcDbEntity
  8
KM Temel Kesik
100
AcDbPolyline
 90
12
 70
0
 10
-813805.6714803807
 20
-67521.60363756656
 10
-813805.6714803807
 20
-69253.2018164586
 10
-815140.6699545018
 20
-69253.2018164586
 10
-815140.6699545018
 20
-68623.2015828084
 10
-818815.6707555881
 20
-68623.2015828084
 10
-818815.6707555881
 20
-69253.2018164586
 10
-822160.6701738469
 20
-69253.2018164586
 10
-822160.6701738469
 20
-68878.20157804003
 10
-825830.6701452367
 20
-68878.20157804003
 10
-825830.6701452367
 20
-69303.20176877489
 10
-827160.6701738468
 20
-69303.20176877489
 10
-827160.6701738468
 20
-67521.60363756656
  0
LWPOLYLINE
  5
9C6
330
17
100
AcDbEntity
  8
KM Temel Kesik
100
AcDbPolyline
 90
4
 70
0
 10
-820149.7411686291
 20
-67521.60363756656
 10
-820149.7411686291
 20
-68005.77622102352
 10
-820769.7673242467
 20
-68005.77622102352
 10
-820769.7673242467
 20
-67521.60363756656
  0
LWPOLYLINE
  5
9C7
330
17
100
AcDbEntity
  8
KM Aks
100
AcDbPolyline
 90
9
 70
0
 10
-811244.3757643218
 20
-74090.9645888604
 10
-811978.0340585219
 20
-74020.06413807825
 10
-812331.1819128783
 20
-73985.93606747023
 10
-812410.8109407444
 20
-73978.24074934237
 10
-812571.7656296082
 20
-73962.68615112384
 10
-812756.1545807852
 20
-73934.2026240303
 10
-812756.1545901397
 20
-73934.2026700346
 10
-812834.7495151741
 20
-73919.24147597048
 10
-812834.7495058591
 20
-73919.24143016106
  0
LWPOLYLINE
  5
9C8
330
17
100
AcDbEntity
  8
KM Aks
100
AcDbPolyline
 90
42
 70
0
 10
-828907.238322903
 20
-73472.26365495857
 10
-828155.5213695797
 20
-73474.49405875837
 10
-828155.5213695797
 20
-73474.49405875837
 10
-827630.5209457509
 20
-73476.05177664023
 10
-827630.5209457509
 20
-73476.0524547646
 10
-827530.5209934346
 20
-73476.34848408296
 10
-827530.5209934346
 20
-73476.34848442709
 10
-826980.2831470601
 20
-73477.98108374258
 10
-826980.2831470601
 20
-73477.98126106954
 10
-826880.2840268821
 20
-73478.27778906049
 10
-826545.5201828117
 20
-73479.27105992741
 10
-826545.5201828117
 20
-73479.23908119893
 10
-826465.5201828114
 20
-73479.23908119893
 10
-826465.5201828114
 20
-73479.50842627008
 10
-826110.2830230823
 20
-73480.5624430878
 10
-826110.2830230823
 20
-73480.55737381673
 10
-826010.2830230827
 20
-73480.85915101622
 10
-825673.0203477236
 20
-73481.85983410465
 10
-825593.0203477236
 20
-73482.09720245644
 10
-825235.283286605
 20
-73483.15863667976
 10
-825135.2823128726
 20
-73483.45534749725
 10
-825135.2823128726
 20
-73483.45534749725
 10
-824820.018720571
 20
-73484.3907595711
 10
-824740.0187205711
 20
-73484.62812591379
 10
-824740.0187205711
 20
-73484.62812591379
 10
-824429.2818728175
 20
-73485.5501067777
 10
-824329.2800422627
 20
-73485.84682013758
 10
-824018.0211101215
 20
-73486.77035006716
 10
-823938.0176820548
 20
-73487.00772658119
 10
-823626.2836823788
 20
-73487.9326660739
 10
-823526.2845627273
 20
-73488.2293713903
 10
-823197.0195926079
 20
-73489.2063246531
 10
-823117.0187770954
 20
-73489.44369542459
 10
-823117.0187770954
 20
-73489.44369542459
 10
-822757.2833951549
 20
-73490.51105882425
 10
-822657.2833951548
 20
-73490.80776675267
 10
-822365.5205055157
 20
-73491.67344836937
 10
-822285.5205055157
 20
-73491.91081672115
 10
-822000.5201874261
 20
-73492.75643526099
 10
-821900.5183188352
 20
-73493.05314873368
 10
-821545.5203442989
 20
-73494.10645386088
 10
-821465.5210485831
 20
-73494.34380073578
  0
LWPOLYLINE
  5
9C9
330
17
100
AcDbEntity
  8
KM Temel
100
AcDbPolyline
 90
4
 70
1
 10
-820549.7673242467
 20
-67935.77622102352
 10
-820699.7673242467
 20
-67935.77622102352
 10
-820699.7673242467
 20
-67530.77622102352
 10
-820549.7673242467
 20
-67530.77622102352
  0
LWPOLYLINE
  5
9CA
330
17
100
AcDbEntity
  8
KM Temel
100
AcDbPolyline
 90
4
 70
1
 10
-820369.7411686291
 20
-67530.77622102352
 10
-820219.7411686291
 20
-67530.77622102352
 10
-820219.7411686291
 20
-67935.77622102352
 10
-820369.7411686291
 20
-67935.77622102352
  0
LWPOLYLINE
  5
9CB
330
17
100
AcDbEntity
  8
KM Temel
100
AcDbPolyline
 90
4
 70
1
 10
-820592.2624915794
 20
-72278.20331372728
 10
-820742.2624915797
 20
-72278.20331372728
 10
-820742.2624915797
 20
-71870.7629514226
 10
-820592.2624915794
 20
-71870.7629514226
  0
LWPOLYLINE
  5
9CC
330
17
100
AcDbEntity
  8
KM Temel
100
AcDbPolyline
 90
4
 70
1
 10
-820412.2363359621
 20
-71870.76295142272
 10
-820262.2363359621
 20
-71870.76295142272
 10
-820262.2363359621
 20
-72278.20331372728
 10
-820412.2363359621
 20
-72278.20331372728
  0
LWPOLYLINE
  5
9CD
330
17
100
AcDbEntity
  8
KM Temel Marka
100
AcDbPolyline
 90
6
 70
1
 10
-826411.2305292824
 20
-70308.20978229724
 10
-826448.7253778517
 20
-70243.26679955272
 10
-826523.7150749885
 20
-70243.26679955272
 10
-826561.2099235574
 20
-70308.20978229724
 10
-826523.7150749885
 20
-70373.15276504192
 10
-826448.7253778517
 20
-70373.15276504192
  0
LWPOLYLINE
  5
9CE
330
17
100
AcDbEntity
  8
KM Temel Marka
100
AcDbPolyline
 90
6
 70
1
 10
-826411.2305292824
 20
-71756.33052655705
 10
-826448.7253778517
 20
-71691.38754381251
 10
-826523.7150749885
 20
-71691.38754381251
 10
-826561.2099235574
 20
-71756.33052655705
 10
-826523.7150749885
 20
-71821.27350930171
 10
-826448.7253778517
 20
-71821.27350930171
  0
LWPOLYLINE
  5
9CF
330
17
100
AcDbEntity
  8
KM Temel Marka
100
AcDbPolyline
 90
6
 70
1
 10
-822216.1867963297
 20
-70308.20978229724
 10
-822253.6816448986
 20
-70243.26679955272
 10
-822328.6713420355
 20
-70243.26679955272
 10
-822366.166190604
 20
-70308.20978229724
 10
-822328.6713420355
 20
-70373.15276504192
 10
-822253.6816448986
 20
-70373.15276504192
  0
LWPOLYLINE
  5
9D0
330
17
100
AcDbEntity
  8
KM Temel Marka
100
AcDbPolyline
 90
6
 70
1
 10
-822302.1710793123
 20
-71756.33052655705
 10
-822339.6659278813
 20
-71691.38754381251
 10
-822414.6556250182
 20
-71691.38754381251
 10
-822452.150473587
 20
-71756.33052655705
 10
-822414.6556250182
 20
-71821.27350930171
 10
-822339.6659278813
 20
-71821.27350930171
  0
LWPOLYLINE
  5
9D1
330
17
100
AcDbEntity
  8
KM Temel Marka
100
AcDbPolyline
 90
6
 70
1
 10
-819474.4946172304
 20
-70308.20978229724
 10
-819511.9894657995
 20
-70243.26679955272
 10
-819586.9791629363
 20
-70243.26679955272
 10
-819624.4740115048
 20
-70308.20978229724
 10
-819586.9791629363
 20
-70373.15276504192
 10
-819511.9894657995
 20
-70373.15276504192
  0
LWPOLYLINE
  5
9D2
330
17
100
AcDbEntity
  8
KM Temel Marka
100
AcDbPolyline
 90
6
 70
1
 10
-819474.4946172304
 20
-71756.33052655705
 10
-819511.9894657995
 20
-71691.38754381251
 10
-819586.9791629363
 20
-71691.38754381251
 10
-819624.4740115048
 20
-71756.33052655705
 10
-819586.9791629363
 20
-71821.27350930171
 10
-819511.9894657995
 20
-71821.27350930171
  0
LWPOLYLINE
  5
9D3
330
17
100
AcDbEntity
  8
KM Temel Marka
100
AcDbPolyline
 90
6
 70
1
 10
-817782.0509867074
 20
-70308.20978229724
 10
-817819.5458352764
 20
-70243.26679955272
 10
-817894.5355324133
 20
-70243.26679955272
 10
-817932.0303809819
 20
-70308.20978229724
 10
-817894.5355324133
 20
-70373.15276504192
 10
-817819.5458352764
 20
-70373.15276504192
  0
LWPOLYLINE
  5
9D4
330
17
100
AcDbEntity
  8
KM Temel Marka
100
AcDbPolyline
 90
6
 70
1
 10
-817782.0509867074
 20
-71756.33052655705
 10
-817819.5458352764
 20
-71691.38754381251
 10
-817894.5355324133
 20
-71691.38754381251
 10
-817932.0303809819
 20
-71756.33052655705
 10
-817894.5355324133
 20
-71821.27350930171
 10
-817819.5458352764
 20
-71821.27350930171
  0
LWPOLYLINE
  5
9D5
330
17
100
AcDbEntity
  8
KM Temel Marka
100
AcDbPolyline
 90
6
 70
1
 10
-814307.7739158494
 20
-70308.20978229724
 10
-814345.2687644185
 20
-70243.26679955272
 10
-814420.2584615553
 20
-70243.26679955272
 10
-814457.7533101239
 20
-70308.20978229724
 10
-814420.2584615553
 20
-70373.15276504192
 10
-814345.2687644185
 20
-70373.15276504192
  0
LWPOLYLINE
  5
9D6
330
17
100
AcDbEntity
  8
KM Temel Marka
100
AcDbPolyline
 90
6
 70
1
 10
-814267.8558892722
 20
-71756.33052655705
 10
-814305.3507378415
 20
-71691.38754381251
 10
-814380.3404349783
 20
-71691.38754381251
 10
-814417.835283547
 20
-71756.33052655705
 10
-814380.3404349783
 20
-71821.27350930171
 10
-814305.3507378415
 20
-71821.27350930171
  0
LWPOLYLINE
  5
9D7
330
17
100
AcDbEntity
  8
KM Temel Marka
100
AcDbPolyline
 90
6
 70
1
 10
-815691.3161878946
 20
-70308.20978229724
 10
-815728.8110364637
 20
-70243.26679955272
 10
-815803.8007336006
 20
-70243.26679955272
 10
-815841.295582169
 20
-70308.20978229724
 10
-815803.8007336006
 20
-70373.15276504192
 10
-815728.8110364637
 20
-70373.15276504192
  0
LWPOLYLINE
  5
9D8
330
17
100
AcDbEntity
  8
KM Temel Marka
100
AcDbPolyline
 90
6
 70
1
 10
-815336.1541916501
 20
-71780.62696474488
 10
-815373.6490402193
 20
-71715.68398200022
 10
-815448.638737356
 20
-71715.68398200022
 10
-815486.1335859246
 20
-71780.62696474488
 10
-815448.638737356
 20
-71845.56994748954
 10
-815373.6490402193
 20
-71845.56994748954
  0
LWPOLYLINE
  5
9D9
330
17
100
AcDbEntity
  8
KM Temel Marka
100
AcDbPolyline
 90
6
 70
1
 10
-824695.3607980649
 20
-70308.20978229724
 10
-824732.855646634
 20
-70243.26679955272
 10
-824807.845343771
 20
-70243.26679955272
 10
-824845.3401923397
 20
-70308.20978229724
 10
-824807.845343771
 20
-70373.15276504192
 10
-824732.855646634
 20
-70373.15276504192
  0
LWPOLYLINE
  5
9DA
330
17
100
AcDbEntity
  8
KM Temel Marka
100
AcDbPolyline
 90
6
 70
1
 10
-824712.0526199772
 20
-71756.33052655705
 10
-824749.5474685461
 20
-71691.38754381251
 10
-824824.537165683
 20
-71691.38754381251
 10
-824862.0320142517
 20
-71756.33052655705
 10
-824824.537165683
 20
-71821.27350930171
 10
-824749.5474685461
 20
-71821.27350930171
  0
LWPOLYLINE
  5
9DB
330
17
100
AcDbEntity
  8
KM Temel Marka
100
AcDbPolyline
 90
6
 70
1
 10
-826225.7977824303
 20
-69568.37111973984
 10
-826263.2926309993
 20
-69503.42813699518
 10
-826338.2823281363
 20
-69503.42813699518
 10
-826375.7771767048
 20
-69568.37111973984
 10
-826338.2823281363
 20
-69633.3141024845
 10
-826263.2926309993
 20
-69633.3141024845
  0
LWPOLYLINE
  5
9DC
330
17
100
AcDbEntity
  8
KM Temel Marka
100
AcDbPolyline
 90
6
 70
1
 10
-824512.2536224436
 20
-69565.24255852494
 10
-824549.7484710126
 20
-69500.2995757804
 10
-824624.7381681495
 20
-69500.2995757804
 10
-824662.2330167182
 20
-69565.24255852494
 10
-824624.7381681495
 20
-69630.1855412696
 10
-824549.7484710126
 20
-69630.1855412696
  0
LWPOLYLINE
  5
9DD
330
17
100
AcDbEntity
  8
KM Temel Marka
100
AcDbPolyline
 90
6
 70
1
 10
-821690.8495343833
 20
-69577.36813150893
 10
-821728.3443829522
 20
-69512.42514876439
 10
-821803.3340800891
 20
-69512.42514876439
 10
-821840.8289286578
 20
-69577.36813150893
 10
-821803.3340800891
 20
-69642.31111425359
 10
-821728.3443829522
 20
-69642.31111425359
  0
LWPOLYLINE
  5
9DE
330
17
100
AcDbEntity
  8
KM Temel Marka
100
AcDbPolyline
 90
6
 70
1
 10
-819718.2332520402
 20
-69559.97322423966
 10
-819755.7281006092
 20
-69495.030241495
 10
-819830.717797746
 20
-69495.030241495
 10
-819868.2126463148
 20
-69559.97322423966
 10
-819830.717797746
 20
-69624.91620698432
 10
-819755.7281006092
 20
-69624.91620698432
  0
LWPOLYLINE
  5
9DF
330
17
100
AcDbEntity
  8
KM Temel Marka
100
AcDbPolyline
 90
6
 70
1
 10
-817995.3539224642
 20
-69556.84161977866
 10
-818032.8487710333
 20
-69491.89863703412
 10
-818107.8384681701
 20
-69491.89863703412
 10
-818145.3333167388
 20
-69556.84161977866
 10
-818107.8384681701
 20
-69621.78460252332
 10
-818032.8487710333
 20
-69621.78460252332
  0
LWPOLYLINE
  5
9E0
330
17
100
AcDbEntity
  8
KM Temel Marka
100
AcDbPolyline
 90
6
 70
1
 10
-815326.92142147
 20
-69570.58056312753
 10
-815364.416270039
 20
-69505.63758038299
 10
-815439.405967176
 20
-69505.63758038299
 10
-815476.9008157447
 20
-69570.58056312753
 10
-815439.405967176
 20
-69635.52354587219
 10
-815364.416270039
 20
-69635.52354587219
  0
LWPOLYLINE
  5
9E1
330
17
100
AcDbEntity
  8
KM Temel Marka
100
AcDbPolyline
 90
6
 70
1
 10
-814292.8617324278
 20
-69560.02455938782
 10
-814330.356580997
 20
-69495.08157664316
 10
-814405.3462781338
 20
-69495.08157664316
 10
-814442.8411267023
 20
-69560.02455938782
 10
-814405.3462781338
 20
-69624.96754213248
 10
-814330.356580997
 20
-69624.96754213248
  0
LWPOLYLINE
  5
9E2
330
17
100
AcDbEntity
  8
KM Temel Marka
100
AcDbPolyline
 90
6
 70
1
 10
-826215.752699302
 20
-73066.56014864403
 10
-826253.247547871
 20
-73001.61716589949
 10
-826328.2372450079
 20
-73001.61716589949
 10
-826365.7320935767
 20
-73066.56014864403
 10
-826328.2372450079
 20
-73131.50313138869
 10
-826253.247547871
 20
-73131.50313138869
  0
LWPOLYLINE
  5
9E3
330
17
100
AcDbEntity
  8
KM Temel Marka
100
AcDbPolyline
 90
6
 70
1
 10
-824517.0991181408
 20
-73066.56014864403
 10
-824554.5939667099
 20
-73001.61716589949
 10
-824629.5836638468
 20
-73001.61716589949
 10
-824667.0785124154
 20
-73066.56014864403
 10
-824629.5836638468
 20
-73131.50313138869
 10
-824554.5939667099
 20
-73131.50313138869
  0
LWPOLYLINE
  5
9E4
330
17
100
AcDbEntity
  8
KM Temel Marka
100
AcDbPolyline
 90
6
 70
1
 10
-822388.8288897084
 20
-73066.56014864403
 10
-822426.3237382775
 20
-73001.61716589949
 10
-822501.3134354145
 20
-73001.61716589949
 10
-822538.8082839831
 20
-73066.56014864403
 10
-822501.3134354145
 20
-73131.50313138869
 10
-822426.3237382775
 20
-73131.50313138869
  0
LWPOLYLINE
  5
9E5
330
17
100
AcDbEntity
  8
KM Temel Marka
100
AcDbPolyline
 90
6
 70
1
 10
-819741.6310315619
 20
-73066.56014864403
 10
-819779.1258801311
 20
-73001.61716589949
 10
-819854.1155772678
 20
-73001.61716589949
 10
-819891.6104258364
 20
-73066.56014864403
 10
-819854.1155772678
 20
-73131.50313138869
 10
-819779.1258801311
 20
-73131.50313138869
  0
LWPOLYLINE
  5
9E6
330
17
100
AcDbEntity
  8
KM Temel Marka
100
AcDbPolyline
 90
6
 70
1
 10
-817986.7925739207
 20
-73066.56014864403
 10
-818024.2874224896
 20
-73001.61716589949
 10
-818099.2771196265
 20
-73001.61716589949
 10
-818136.7719681952
 20
-73066.56014864403
 10
-818099.2771196265
 20
-73131.50313138869
 10
-818024.2874224896
 20
-73131.50313138869
  0
LWPOLYLINE
  5
9E7
330
17
100
AcDbEntity
  8
KM Temel Marka
100
AcDbPolyline
 90
6
 70
1
 10
-815348.3007029452
 20
-73066.56014864403
 10
-815385.7955515141
 20
-73001.61716589949
 10
-815460.785248651
 20
-73001.61716589949
 10
-815498.2800972195
 20
-73066.56014864403
 10
-815460.785248651
 20
-73131.50313138869
 10
-815385.7955515141
 20
-73131.50313138869
  0
LWPOLYLINE
  5
9E8
330
17
100
AcDbEntity
  8
KM Temel Marka
100
AcDbPolyline
 90
6
 70
1
 10
-814347.6809776059
 20
-73066.56014864403
 10
-814385.1758261751
 20
-73001.61716589949
 10
-814460.1655233122
 20
-73001.61716589949
 10
-814497.6603718806
 20
-73066.56014864403
 10
-814460.1655233122
 20
-73131.50313138869
 10
-814385.1758261751
 20
-73131.50313138869
  0
LWPOLYLINE
  5
9E9
330
17
100
AcDbEntity
  8
KM Temel Marka
100
AcDbPolyline
 90
6
 70
1
 10
-827779.1404899863
 20
-73066.56014864403
 10
-827816.6353385554
 20
-73001.61716589949
 10
-827891.6250356924
 20
-73001.61716589949
 10
-827929.1198842607
 20
-73066.56014864403
 10
-827891.6250356924
 20
-73131.50313138869
 10
-827816.6353385554
 20
-73131.50313138869
  0
LWPOLYLINE
  5
9EA
330
17
100
AcDbEntity
  8
KM Temel Marka
100
AcDbPolyline
 90
6
 70
1
 10
-827822.6289556274
 20
-71784.31732638541
 10
-827860.1238041962
 20
-71719.37434364075
 10
-827935.1135013332
 20
-71719.37434364075
 10
-827972.6083499019
 20
-71784.31732638541
 10
-827935.1135013332
 20
-71849.26030913007
 10
-827860.1238041962
 20
-71849.26030913007
  0
LWPOLYLINE
  5
9EB
330
17
100
AcDbEntity
  8
KM Temel Marka
100
AcDbPolyline
 90
6
 70
1
 10
-827831.5692665593
 20
-70308.20978229724
 10
-827869.0641151284
 20
-70243.26679955272
 10
-827944.0538122653
 20
-70243.26679955272
 10
-827981.548660834
 20
-70308.20978229724
 10
-827944.0538122653
 20
-70373.15276504192
 10
-827869.0641151284
 20
-70373.15276504192
  0
LWPOLYLINE
  5
9EC
330
17
100
AcDbEntity
  8
KM Temel Marka
100
AcDbPolyline
 90
6
 70
1
 10
-827856.5751097149
 20
-68873.97605728405
 10
-827894.0699582838
 20
-68809.03307453937
 10
-827969.059655421
 20
-68809.03307453937
 10
-828006.5545039892
 20
-68873.97605728405
 10
-827969.059655421
 20
-68938.9190400287
 10
-827894.0699582838
 20
-68938.9190400287
  0
LWPOLYLINE
  5
9ED
330
17
100
AcDbEntity
  8
KM Temel Marka
100
AcDbPolyline
 90
6
 70
1
 10
-812261.5837650348
 20
-73067.67275466397
 10
-812299.0786136041
 20
-73002.72977191943
 10
-812374.068310741
 20
-73002.72977191943
 10
-812411.5631593094
 20
-73067.67275466397
 10
-812374.068310741
 20
-73132.61573740863
 10
-812299.0786136041
 20
-73132.61573740863
  0
LWPOLYLINE
  5
9EE
330
17
100
AcDbEntity
  8
KM Temel Marka
100
AcDbPolyline
 90
6
 70
1
 10
-812208.7298484036
 20
-71782.35408165061
 10
-812246.2246969726
 20
-71717.41109890607
 10
-812321.2143941096
 20
-71717.41109890607
 10
-812358.7092426779
 20
-71782.35408165061
 10
-812321.2143941096
 20
-71847.29706439527
 10
-812246.2246969726
 20
-71847.29706439527
  0
LWPOLYLINE
  5
9EF
330
17
100
AcDbEntity
  8
KM Temel Marka
100
AcDbPolyline
 90
6
 70
1
 10
-812208.7298484036
 20
-70308.20978229724
 10
-812246.2246969726
 20
-70243.26679955272
 10
-812321.2143941096
 20
-70243.26679955272
 10
-812358.7092426779
 20
-70308.20978229724
 10
-812321.2143941096
 20
-70373.15276504192
 10
-812246.2246969726
 20
-70373.15276504192
  0
LWPOLYLINE
  5
9F0
330
17
100
AcDbEntity
  8
KM Temel Marka
100
AcDbPolyline
 90
6
 70
1
 10
-812233.7356915592
 20
-68864.74560843618
 10
-812271.2305401282
 20
-68799.80262569163
 10
-812346.2202372651
 20
-68799.80262569163
 10
-812383.7150858334
 20
-68864.74560843618
 10
-812346.2202372651
 20
-68929.68859118083
 10
-812271.2305401282
 20
-68929.68859118083
  0
LWPOLYLINE
  5
9F1
330
17
100
AcDbEntity
  8
KM Temel Marka
100
AcDbPolyline
 90
6
 70
1
 10
-814310.1172788481
 20
-68871.08247866656
 10
-814347.6121274173
 20
-68806.1394959219
 10
-814422.6018245541
 20
-68806.1394959219
 10
-814460.0966731228
 20
-68871.08247866656
 10
-814422.6018245541
 20
-68936.02546141122
 10
-814347.6121274173
 20
-68936.02546141122
  0
LWPOLYLINE
  5
9F2
330
17
100
AcDbEntity
  8
KM Temel Marka
100
AcDbPolyline
 90
6
 70
1
 10
-824637.2582628543
 20
-68626.27483216846
 10
-824674.7531114232
 20
-68561.33184942394
 10
-824749.7428085601
 20
-68561.33184942394
 10
-824787.2376571288
 20
-68626.27483216846
 10
-824749.7428085601
 20
-68691.21781491314
 10
-824674.7531114232
 20
-68691.21781491314
  0
LWPOLYLINE
  5
9F3
330
17
100
AcDbEntity
  8
KM Temel Marka
100
AcDbPolyline
 90
6
 70
1
 10
-822994.621790578
 20
-68626.27483216846
 10
-823032.1166391467
 20
-68561.33184942394
 10
-823107.1063362838
 20
-68561.33184942394
 10
-823144.6011848523
 20
-68626.27483216846
 10
-823107.1063362838
 20
-68691.21781491314
 10
-823032.1166391467
 20
-68691.21781491314
  0
LWPOLYLINE
  5
9F4
330
17
100
AcDbEntity
  8
KM Temel Marka
100
AcDbPolyline
 90
6
 70
1
 10
-826262.6035233507
 20
-68915.04198784253
 10
-826300.09837192
 20
-68850.09900509787
 10
-826375.0880690569
 20
-68850.09900509787
 10
-826412.5829176254
 20
-68915.04198784253
 10
-826375.0880690569
 20
-68979.98497058717
 10
-826300.09837192
 20
-68979.98497058717
  0
LWPOLYLINE
  5
9F5
330
17
100
AcDbEntity
  8
KM Temel Marka
100
AcDbPolyline
 90
6
 70
1
 10
-818590.2967317465
 20
-68387.63355554373
 10
-818627.7915803154
 20
-68322.69057279907
 10
-818702.7812774522
 20
-68322.69057279907
 10
-818740.276126021
 20
-68387.63355554373
 10
-818702.7812774522
 20
-68452.57653828838
 10
-818627.7915803154
 20
-68452.57653828838
  0
LWPOLYLINE
  5
9F6
330
17
100
AcDbEntity
  8
KM Temel Marka
100
AcDbPolyline
 90
6
 70
1
 10
-816903.4972586466
 20
-68387.63355554373
 10
-816940.9921072157
 20
-68322.69057279907
 10
-817015.9818043526
 20
-68322.69057279907
 10
-817053.4766529213
 20
-68387.63355554373
 10
-817015.9818043526
 20
-68452.57653828838
 10
-816940.9921072157
 20
-68452.57653828838
  0
LWPOLYLINE
  5
9F7
330
17
100
AcDbEntity
  8
KM Temel Marka
100
AcDbPolyline
 90
6
 70
1
 10
-815270.3346817757
 20
-68387.63355554373
 10
-815307.8295303446
 20
-68322.69057279907
 10
-815382.8192274815
 20
-68322.69057279907
 10
-815420.3140760502
 20
-68387.63355554373
 10
-815382.8192274815
 20
-68452.57653828838
 10
-815307.8295303446
 20
-68452.57653828838
  0
LWPOLYLINE
  5
9F8
330
17
100
AcDbEntity
  8
KM Temel Marka
100
AcDbPolyline
 90
6
 70
1
 10
-819515.3515518473
 20
-68878.85154989955
 10
-819552.8464004162
 20
-68813.9085671549
 10
-819627.8360975531
 20
-68813.9085671549
 10
-819665.3309461218
 20
-68878.85154989955
 10
-819627.8360975531
 20
-68943.79453264421
 10
-819552.8464004162
 20
-68943.79453264421
  0
LWPOLYLINE
  5
9F9
330
17
100
AcDbEntity
  8
KM Perde
100
AcDbPolyline
 90
4
 70
1
 10
-824000.6131449972
 20
-71323.17358058132
 10
-823696.6106811794
 20
-71323.17358058132
 10
-823696.6106811794
 20
-71363.17306559719
 10
-824000.6131449972
 20
-71363.17306559719
  0
LWPOLYLINE
  5
9FA
330
17
100
AcDbEntity
  8
KM Perde
100
AcDbPolyline
 90
4
 70
1
 10
-819885.5202667452
 20
-71307.20268430223
 10
-819705.5575767789
 20
-71307.20268430223
 10
-819705.5575767789
 20
-71347.20268430223
 10
-819885.5202667452
 20
-71347.20268430223
  0
LWPOLYLINE
  5
9FB
330
17
100
AcDbEntity
  8
KM Perde
100
AcDbPolyline
 90
4
 70
1
 10
-817087.5272671016
 20
-71323.17358058132
 10
-816783.5197368892
 20
-71323.17358058132
 10
-816783.5197368892
 20
-71363.17306559719
 10
-817087.5272671016
 20
-71363.17306559719
  0
LWPOLYLINE
  5
9FC
330
17
100
AcDbEntity
  8
KM Perde
100
AcDbPolyline
 90
4
 70
1
 10
-823251.602999333
 20
-71448.17524951138
 10
-823061.6012731823
 20
-71448.17524951138
 10
-823061.6012731823
 20
-71488.17592662014
 10
-823251.602999333
 20
-71488.17592662014
  0
LWPOLYLINE
  5
9FD
330
17
100
AcDbEntity
  8
KM Perde
100
AcDbPolyline
 90
4
 70
1
 10
-816338.5198036465
 20
-71448.17524951138
 10
-816148.5109249387
 20
-71448.17524951138
 10
-816148.5109249387
 20
-71488.17592662014
 10
-816338.5198036465
 20
-71488.17592662014
  0
LWPOLYLINE
  5
9FE
330
17
100
AcDbEntity
  8
KM Perde
100
AcDbPolyline
 90
4
 70
1
 10
-824315.6189242634
 20
-71548.17515414394
 10
-824180.6158939633
 20
-71548.17515414394
 10
-824180.6158939633
 20
-71588.17463915981
 10
-824315.6189242634
 20
-71588.17463915981
  0
LWPOLYLINE
  5
9FF
330
17
100
AcDbEntity
  8
KM Perde
100
AcDbPolyline
 90
4
 70
1
 10
-823516.6088262829
 20
-71548.17515414394
 10
-823381.6060940061
 20
-71548.17515414394
 10
-823381.6060940061
 20
-71588.17463915981
 10
-823516.6088262829
 20
-71588.17463915981
  0
LWPOLYLINE
  5
A00
330
17
100
AcDbEntity
  8
KM Perde
100
AcDbPolyline
 90
4
 70
1
 10
-819885.563007954
 20
-71582.20387639513
 10
-819705.5571806778
 20
-71582.20149220934
 10
-819705.5571806778
 20
-71622.20149220934
 10
-819885.563007954
 20
-71622.20387639511
  0
LWPOLYLINE
  5
A01
330
17
100
AcDbEntity
  8
KM Perde
100
AcDbPolyline
 90
4
 70
1
 10
-817402.5258938106
 20
-71548.17515414394
 10
-817267.5297180447
 20
-71548.17515414394
 10
-817267.5297180447
 20
-71588.17463915981
 10
-817402.5258938106
 20
-71588.17463915981
  0
LWPOLYLINE
  5
A02
330
17
100
AcDbEntity
  8
KM Perde
100
AcDbPolyline
 90
4
 70
1
 10
-816603.5172859464
 20
-71548.17515414394
 10
-816468.5199180874
 20
-71548.17515414394
 10
-816468.5199180874
 20
-71588.17463915981
 10
-816603.5172859464
 20
-71588.17463915981
  0
LWPOLYLINE
  5
A03
330
17
100
AcDbEntity
  8
KM Perde
100
AcDbPolyline
 90
4
 70
1
 10
-824365.6167904171
 20
-71408.17338030972
 10
-824365.6185785566
 20
-71498.17639392056
 10
-824405.6171695027
 20
-71498.17639392056
 10
-824405.6171695027
 20
-71408.17338030972
  0
LWPOLYLINE
  5
A04
330
17
100
AcDbEntity
  8
KM Perde
100
AcDbPolyline
 90
4
 70
1
 10
-824365.6167904171
 20
-71638.17816775478
 10
-824365.6173864636
 20
-71798.17610781826
 10
-824405.6171695027
 20
-71798.17610781826
 10
-824405.6201497349
 20
-71638.17816775478
  0
LWPOLYLINE
  5
A05
330
17
100
AcDbEntity
  8
KM Perde
100
AcDbPolyline
 90
4
 70
1
 10
-824090.614966515
 20
-71443.17322772183
 10
-824090.6146684919
 20
-71498.17639392056
 10
-824130.6150475773
 20
-71498.17639392056
 10
-824130.6150475773
 20
-71443.17322772183
  0
LWPOLYLINE
  5
A06
330
17
100
AcDbEntity
  8
KM Perde
100
AcDbPolyline
 90
4
 70
1
 10
-824090.614966515
 20
-71638.17816775478
 10
-824090.614966515
 20
-71798.17610781826
 10
-824130.6150475773
 20
-71798.17610781826
 10
-824130.6150475773
 20
-71638.17816775478
  0
LWPOLYLINE
  5
A07
330
17
100
AcDbEntity
  8
KM Perde
100
AcDbPolyline
 90
4
 70
1
 10
-823566.6093746457
 20
-71443.17322772183
 10
-823566.6093746457
 20
-71498.17400973476
 10
-823606.609455708
 20
-71498.17400973476
 10
-823606.609455708
 20
-71443.17322772183
  0
LWPOLYLINE
  5
A08
330
17
100
AcDbEntity
  8
KM Perde
100
AcDbPolyline
 90
4
 70
1
 10
-823566.6093746457
 20
-71638.175783569
 10
-823566.6093746457
 20
-71798.07597201504
 10
-823606.609455708
 20
-71798.07597201504
 10
-823606.609455708
 20
-71638.175783569
  0
LWPOLYLINE
  5
A09
330
17
100
AcDbEntity
  8
KM Perde
100
AcDbPolyline
 90
4
 70
1
 10
-823291.6048685344
 20
-71638.17816775478
 10
-823291.6048685344
 20
-71798.17610781826
 10
-823331.6049495968
 20
-71798.17610781826
 10
-823331.6049495968
 20
-71638.17816775478
  0
LWPOLYLINE
  5
A0A
330
17
100
AcDbEntity
  8
KM Perde
100
AcDbPolyline
 90
4
 70
1
 10
-822981.6017071042
 20
-71548.17515414394
 10
-822981.5021673474
 20
-71798.17610781826
 10
-823021.5016523633
 20
-71798.17610781826
 10
-823021.6000000272
 20
-71548.17515414394
  0
LWPOLYLINE
  5
A0B
330
17
100
AcDbEntity
  8
KM Perde
100
AcDbPolyline
 90
4
 70
1
 10
-819620.5556908877
 20
-71392.20268430223
 10
-819620.5573809494
 20
-71537.20268430223
 10
-819660.5580580581
 20
-71537.20268430223
 10
-819660.5605403215
 20
-71392.20268430223
  0
LWPOLYLINE
  5
A0C
330
17
100
AcDbEntity
  8
KM Perde
100
AcDbPolyline
 90
4
 70
1
 10
-817452.5282303127
 20
-71403.17374270596
 10
-817452.5282303127
 20
-71498.17400973476
 10
-817492.5277153286
 20
-71498.17400973476
 10
-817492.5587097439
 20
-71403.17374270596
  0
LWPOLYLINE
  5
A0D
330
17
100
AcDbEntity
  8
KM Perde
100
AcDbPolyline
 90
4
 70
1
 10
-817452.5282303127
 20
-71638.175783569
 10
-817452.5580326351
 20
-71798.17610781826
 10
-817492.5587097439
 20
-71798.17610781826
 10
-817492.5277153286
 20
-71638.175783569
  0
LWPOLYLINE
  5
A0E
330
17
100
AcDbEntity
  8
KM Perde
100
AcDbPolyline
 90
4
 70
1
 10
-817177.5290886197
 20
-71403.17374270596
 10
-817177.5278965269
 20
-71498.17400973476
 10
-817217.5297657284
 20
-71498.17400973476
 10
-817217.5285736356
 20
-71403.17374270596
  0
LWPOLYLINE
  5
A0F
330
17
100
AcDbEntity
  8
KM Perde
100
AcDbPolyline
 90
4
 70
1
 10
-817177.5290886197
 20
-71638.175783569
 10
-817177.5290886197
 20
-71798.07597201504
 10
-817217.5285736356
 20
-71798.07597201504
 10
-817217.5297657284
 20
-71638.175783569
  0
LWPOLYLINE
  5
A10
330
17
100
AcDbEntity
  8
KM Perde
100
AcDbPolyline
 90
4
 70
1
 10
-816653.5184303555
 20
-71403.17374270596
 10
-816653.5172382626
 20
-71498.17400973476
 10
-816693.5191074642
 20
-71498.17400973476
 10
-816693.5191074642
 20
-71403.17374270596
  0
LWPOLYLINE
  5
A11
330
17
100
AcDbEntity
  8
KM Perde
100
AcDbPolyline
 90
4
 70
1
 10
-816653.5184303555
 20
-71638.175783569
 10
-816653.5184303555
 20
-71798.07597201504
 10
-816693.5179153715
 20
-71798.07597201504
 10
-816693.5191074642
 20
-71638.175783569
  0
LWPOLYLINE
  5
A12
330
17
100
AcDbEntity
  8
KM Perde
100
AcDbPolyline
 90
4
 70
1
 10
-816378.5180965693
 20
-71638.17697566189
 10
-816378.4179607664
 20
-71798.07597201504
 10
-816418.5199657712
 20
-71798.07597201504
 10
-816418.5199657712
 20
-71638.17697566189
  0
LWPOLYLINE
  5
A13
330
17
100
AcDbEntity
  8
KM Perde
100
AcDbPolyline
 90
4
 70
1
 10
-816068.5083786281
 20
-71548.17515414394
 10
-816068.408242825
 20
-71798.17610781826
 10
-816108.4089199338
 20
-71798.17610781826
 10
-816108.5090557369
 20
-71548.17515414394
  0
LWPOLYLINE
  5
A14
330
17
100
AcDbEntity
  8
KM Perde
100
AcDbPolyline
 90
4
 70
1
 10
-828155.7681182656
 20
-73444.34553187527
 10
-827630.5652926001
 20
-73444.34553187527
 10
-827630.654848579
 20
-73474.34574168362
 10
-828155.7681182656
 20
-73474.34574168362
  0
LWPOLYLINE
  5
A15
330
17
100
AcDbEntity
  8
KM Perde
100
AcDbPolyline
 90
4
 70
1
 10
-827530.5714229379
 20
-73446.51037257351
 10
-826980.6625465188
 20
-73448.15069239773
 10
-826980.7521024976
 20
-73478.15090220608
 10
-827530.660829905
 20
-73476.50939028896
  0
LWPOLYLINE
  5
A16
330
17
100
AcDbEntity
  8
KM Perde
100
AcDbPolyline
 90
4
 70
1
 10
-826880.6629399094
 20
-73448.4499077145
 10
-826555.5573025974
 20
-73449.42027133144
 10
-826555.6470075878
 20
-73479.4204811398
 10
-826880.7524958882
 20
-73478.45011752285
  0
LWPOLYLINE
  5
A17
330
17
100
AcDbEntity
  8
KM Perde
100
AcDbPolyline
 90
4
 70
1
 10
-826455.5578449998
 20
-73449.71948664822
 10
-826110.5502167973
 20
-73450.74826281704
 10
-826110.6399217878
 20
-73480.74847262539
 10
-826455.6474009784
 20
-73479.71850436367
  0
LWPOLYLINE
  5
A18
330
17
100
AcDbEntity
  8
KM Perde
100
AcDbPolyline
 90
4
 70
1
 10
-826010.5506101879
 20
-73451.04747813381
 10
-825683.044246796
 20
-73452.02499430813
 10
-825683.1336537633
 20
-73482.02401202358
 10
-826010.6403151784
 20
-73481.04649584927
  0
LWPOLYLINE
  5
A19
330
17
100
AcDbEntity
  8
KM Perde
100
AcDbPolyline
 90
4
 70
1
 10
-825583.04493821
 20
-73452.323017532
 10
-825235.5415145193
 20
-73453.3601383511
 10
-825235.6309214864
 20
-73483.36034815945
 10
-825583.1346432003
 20
-73482.32322734036
  0
LWPOLYLINE
  5
A1A
330
17
100
AcDbEntity
  8
KM Perde
100
AcDbPolyline
 90
4
 70
1
 10
-825135.5419079098
 20
-73453.65935366787
 10
-824830.535403851
 20
-73454.56892054714
 10
-824830.6251088413
 20
-73484.56913035549
 10
-825135.631314877
 20
-73483.65837138332
  0
LWPOLYLINE
  5
A1B
330
17
100
AcDbEntity
  8
KM Perde
100
AcDbPolyline
 90
4
 70
1
 10
-824730.5357972416
 20
-73454.86694377102
 10
-824429.5272747311
 20
-73455.76578181423
 10
-824429.6166816982
 20
-73485.76599162258
 10
-824730.6255022321
 20
-73484.86715357937
  0
LWPOLYLINE
  5
A1C
330
17
100
AcDbEntity
  8
KM Perde
100
AcDbPolyline
 90
4
 70
1
 10
-824329.5276681219
 20
-73456.06380503811
 10
-824017.02379382
 20
-73456.99721377529
 10
-824017.1134988102
 20
-73486.99742358364
 10
-824329.6170750889
 20
-73486.06520693935
  0
LWPOLYLINE
  5
A1D
330
17
100
AcDbEntity
  8
KM Perde
100
AcDbPolyline
 90
4
 70
1
 10
-823917.0241872106
 20
-73457.29523699917
 10
-823626.5197912487
 20
-73458.1630806271
 10
-823626.6091982159
 20
-73488.16329043545
 10
-823917.1138922008
 20
-73487.29544680752
  0
LWPOLYLINE
  5
A1E
330
17
100
AcDbEntity
  8
KM Perde
100
AcDbPolyline
 90
4
 70
1
 10
-823526.5198866162
 20
-73458.46110385098
 10
-823207.0139566693
 20
-73459.41477816738
 10
-823207.1033636364
 20
-73489.41498797573
 10
-823526.6092935834
 20
-73488.46131365933
  0
LWPOLYLINE
  5
A1F
330
17
100
AcDbEntity
  8
KM Perde
100
AcDbPolyline
 90
4
 70
1
 10
-823107.0146480831
 20
-73459.71399348415
 10
-822757.5079122814
 20
-73460.75588267483
 10
-822757.597915295
 20
-73490.75728457607
 10
-823107.1046510967
 20
-73489.7142032925
  0
LWPOLYLINE
  5
A20
330
17
100
AcDbEntity
  8
KM Perde
100
AcDbPolyline
 90
4
 70
1
 10
-822657.5080076489
 20
-73461.0550979916
 10
-822385.5028072629
 20
-73461.86691325344
 10
-822385.5928102764
 20
-73491.86712306179
 10
-822657.5974146161
 20
-73491.05530779995
  0
LWPOLYLINE
  5
A21
330
17
100
AcDbEntity
  8
KM Perde
100
AcDbPolyline
 90
4
 70
1
 10
-822285.5034986768
 20
-73462.16612857021
 10
-822000.499717358
 20
-73463.01609080471
 10
-822000.5891243252
 20
-73493.01630061306
 10
-822285.5929056439
 20
-73492.16633837856
  0
LWPOLYLINE
  5
A22
330
17
100
AcDbEntity
  8
KM Perde
100
AcDbPolyline
 90
4
 70
1
 10
-821900.5004087719
 20
-73463.31411402859
 10
-821555.4914394649
 20
-73464.3440822903
 10
-821555.5802503857
 20
-73494.34429209866
 10
-821900.5898157391
 20
-73493.31432383694
  0
LWPOLYLINE
  5
A23
330
17
100
AcDbEntity
  8
KM Perde
100
AcDbPolyline
 90
4
 70
1
 10
-821455.4921308788
 20
-73464.64329760708
 10
-821130.5872122082
 20
-73465.61246913113
 10
-821130.6772152218
 20
-73495.61267893948
 10
-821455.5809417996
 20
-73494.64350741543
  0
LWPOLYLINE
  5
A24
330
17
100
AcDbEntity
  8
KM Perde
100
AcDbPolyline
 90
4
 70
1
 10
-821030.5879036221
 20
-73465.9116844479
 10
-820550.4802385602
 20
-73467.3445801083
 10
-820550.5696455274
 20
-73497.34478991665
 10
-821030.6773105894
 20
-73495.91070216335
  0
LWPOLYLINE
  5
A25
330
17
100
AcDbEntity
  8
KM Perde
100
AcDbPolyline
 90
4
 70
1
 10
-820450.480929974
 20
-73467.64260333218
 10
-819970.5735365185
 20
-73469.07549899258
 10
-819970.6629434857
 20
-73499.07451670803
 10
-820450.570336941
 20
-73497.64281314053
  0
LWPOLYLINE
  5
A26
330
17
100
AcDbEntity
  8
KM Perde
100
AcDbPolyline
 90
4
 70
1
 10
-819870.573631886
 20
-73469.37352221645
 10
-819537.9642168317
 20
-73470.36653559841
 10
-819538.0536237989
 20
-73500.36674540676
 10
-819870.6636348997
 20
-73499.3737320248
  0
LWPOLYLINE
  5
A27
330
17
100
AcDbEntity
  8
KM Perde
100
AcDbPolyline
 90
4
 70
1
 10
-819437.9649082454
 20
-73470.66455882229
 10
-819105.4592052731
 20
-73471.65757220425
 10
-819105.5486122404
 20
-73501.6577820126
 10
-819438.0543152126
 20
-73500.66476863064
  0
LWPOLYLINE
  5
A28
330
17
100
AcDbEntity
  8
KM Perde
100
AcDbPolyline
 90
4
 70
1
 10
-819005.459896687
 20
-73471.95559542812
 10
-818697.9541698727
 20
-73472.87350695767
 10
-818698.0435768398
 20
-73502.87371676601
 10
-819005.5493036542
 20
-73501.95580523647
  0
LWPOLYLINE
  5
A29
330
17
100
AcDbEntity
  8
KM Perde
100
AcDbPolyline
 90
4
 70
1
 10
-818597.955457333
 20
-73473.17272227444
 10
-818315.4508987698
 20
-73474.01553195156
 10
-818315.5403057369
 20
-73504.01574175991
 10
-818598.0448643002
 20
-73503.17173998989
  0
LWPOLYLINE
  5
A2A
330
17
100
AcDbEntity
  8
KM Perde
100
AcDbPolyline
 90
4
 70
1
 10
-818215.4533783231
 20
-73474.31355517544
 10
-817885.4391495022
 20
-73475.29822390713
 10
-817885.5285564694
 20
-73505.29962580837
 10
-818215.5415931973
 20
-73504.31376498379
  0
LWPOLYLINE
  5
A2B
330
17
100
AcDbEntity
  8
KM Perde
100
AcDbPolyline
 90
4
 70
1
 10
-817785.4392448697
 20
-73475.5974392239
 10
-817502.438775662
 20
-73476.44263308682
 10
-817502.5281826291
 20
-73506.44165080227
 10
-817785.5286518369
 20
-73505.59764903225
  0
LWPOLYLINE
  5
A2C
330
17
100
AcDbEntity
  8
KM Perde
100
AcDbPolyline
 90
4
 70
1
 10
-817402.4388710293
 20
-73476.74065631069
 10
-816973.427287701
 20
-73478.02096408047
 10
-816973.5178867611
 20
-73508.02117388882
 10
-817402.5282779965
 20
-73506.74086611904
  0
LWPOLYLINE
  5
A2D
330
17
100
AcDbEntity
  8
KM Perde
100
AcDbPolyline
 90
4
 70
1
 10
-816873.4297672543
 20
-73478.32017939724
 10
-816458.428851727
 20
-73479.55876391567
 10
-816458.5182586941
 20
-73509.55897372402
 10
-816873.5191742214
 20
-73508.3191971127
  0
LWPOLYLINE
  5
A2E
330
17
100
AcDbEntity
  8
KM Perde
100
AcDbPolyline
 90
4
 70
1
 10
-816358.4287955847
 20
-73479.85048404615
 10
-816053.3418055861
 20
-73487.18396138924
 10
-816054.0235493808
 20
-73517.17623973568
 10
-816358.5183540616
 20
-73509.8569969479
  0
LWPOLYLINE
  5
A2F
330
17
100
AcDbEntity
  8
KM Perde
100
AcDbPolyline
 90
4
 70
1
 10
-815953.3589319137
 20
-73489.45289184013
 10
-815651.6071206846
 20
-73502.26999597147
 10
-815653.4335533413
 20
-73532.21946757473
 10
-815954.0412346158
 20
-73519.45096057095
  0
LWPOLYLINE
  5
A30
330
17
100
AcDbEntity
  8
KM Perde
100
AcDbPolyline
 90
4
 70
1
 10
-815551.7933288846
 20
-73508.36211245693
 10
-815234.3114220212
 20
-73531.29767594556
 10
-815236.8221203123
 20
-73561.19447749294
 10
-815553.6196152004
 20
-73538.3062938992
  0
LWPOLYLINE
  5
A31
330
17
100
AcDbEntity
  8
KM Perde
100
AcDbPolyline
 90
4
 70
1
 10
-815134.66095126
 20
-73539.66885607876
 10
-814848.4450472812
 20
-73566.9583756225
 10
-814851.4590183529
 20
-73596.80706065334
 10
-815137.1726909908
 20
-73569.5665458981
  0
LWPOLYLINE
  5
A32
330
17
100
AcDbEntity
  8
KM Perde
100
AcDbPolyline
 90
4
 70
1
 10
-814043.659917477
 20
-73669.24577754177
 10
-813441.8973842892
 20
-73767.28588145413
 10
-813447.3774746956
 20
-73796.78182865481
 10
-814048.5653797421
 20
-73698.84067576565
  0
LWPOLYLINE
  5
A33
330
17
100
AcDbEntity
  8
KM Perde
100
AcDbPolyline
 90
4
 70
1
 10
-813343.580714825
 20
-73785.5511287991
 10
-812838.6590400968
 20
-73887.212810928
 10
-812844.509832028
 20
-73916.64081614651
 10
-813349.0598143341
 20
-73815.04718625301
  0
LWPOLYLINE
  5
A34
330
17
100
AcDbEntity
  8
KM Perde
100
AcDbPolyline
 90
4
 70
1
 10
-812740.5795971188
 20
-73906.71187441982
 10
-812407.8354755671
 20
-73948.54479830898
 10
-812410.7203403744
 20
-73978.40434115566
 10
-812746.4280048641
 20
-73936.13630335964
  0
LWPOLYLINE
  5
A35
330
17
100
AcDbEntity
  8
KM Perde
100
AcDbPolyline
 90
4
 70
1
 10
-812328.2060543331
 20
-73956.23975794949
 10
-811992.109626654
 20
-73988.56933088927
 10
-811994.9941559482
 20
-74018.42512089224
 10
-812331.093303326
 20
-73986.10049288906
  0
LWPOLYLINE
  5
A36
330
17
100
AcDbEntity
  8
KM Kolon
100
AcDbPolyline
 90
4
 70
1
 10
-814085.4785362515
 20
-67538.12608998455
 10
-813985.478631619
 20
-67538.12608998455
 10
-813985.478631619
 20
-67638.1259135548
 10
-814085.4785362515
 20
-67638.1259135548
  0
LWPOLYLINE
  5
A37
330
17
100
AcDbEntity
  8
KM Kolon
100
AcDbPolyline
 90
4
 70
1
 10
-813445.5082336698
 20
-67733.12890332378
 10
-813345.5083290371
 20
-67733.12890332378
 10
-813345.5083290371
 20
-67833.1294040028
 10
-813445.5082336698
 20
-67833.1294040028
  0
LWPOLYLINE
  5
A38
330
17
100
AcDbEntity
  8
KM Kolon
100
AcDbPolyline
 90
4
 70
1
 10
-812845.4682747159
 20
-67733.12890332378
 10
-812745.4683700833
 20
-67733.12890332378
 10
-812745.4683700833
 20
-67833.1294040028
 10
-812845.4682747159
 20
-67833.1294040028
  0
LWPOLYLINE
  5
A39
330
17
100
AcDbEntity
  8
KM Kolon
100
AcDbPolyline
 90
4
 70
1
 10
-811995.520806912
 20
-67733.12890332378
 10
-811895.5197101865
 20
-67733.12890332378
 10
-811895.5197101865
 20
-67833.1294040028
 10
-811995.520806912
 20
-67833.1294040028
  0
LWPOLYLINE
  5
A3A
330
17
100
AcDbEntity
  8
KM Kolon
100
AcDbPolyline
 90
4
 70
1
 10
-819970.5628076826
 20
-67968.13094418682
 10
-819870.5629030499
 20
-67968.13094418682
 10
-819870.5629030499
 20
-68068.13084881939
 10
-819970.5628076826
 20
-68068.13084881939
  0
LWPOLYLINE
  5
A3B
330
17
100
AcDbEntity
  8
KM Kolon
100
AcDbPolyline
 90
4
 70
1
 10
-819095.5481449398
 20
-67958.20190705766
 10
-818995.5482403073
 20
-67958.20190705766
 10
-818995.5482403073
 20
-68018.20185937395
 10
-819095.5481449398
 20
-68018.20185937395
  0
LWPOLYLINE
  5
A3C
330
17
100
AcDbEntity
  8
KM Kolon
100
AcDbPolyline
 90
4
 70
1
 10
-818345.5417076382
 20
-67958.20190705766
 10
-818245.5418030057
 20
-67958.20190705766
 10
-818245.5418030057
 20
-68018.20185937395
 10
-818345.5417076382
 20
-68018.20185937395
  0
LWPOLYLINE
  5
A3D
330
17
100
AcDbEntity
  8
KM Kolon
100
AcDbPolyline
 90
4
 70
1
 10
-817492.5412817535
 20
-67958.20190705766
 10
-817392.5413771209
 20
-67958.20190705766
 10
-817392.5413771209
 20
-68018.20185937395
 10
-817492.5412817535
 20
-68018.20185937395
  0
LWPOLYLINE
  5
A3E
330
17
100
AcDbEntity
  8
KM Kolon
100
AcDbPolyline
 90
4
 70
1
 10
-816565.5193249021
 20
-67958.20190705766
 10
-816465.5194202694
 20
-67958.20190705766
 10
-816465.5194202694
 20
-68018.20185937395
 10
-816565.5193249021
 20
-68018.20185937395
  0
LWPOLYLINE
  5
A3F
330
17
100
AcDbEntity
  8
KM Kolon
100
AcDbPolyline
 90
4
 70
1
 10
-815795.508376721
 20
-67958.13094418682
 10
-815695.5084720881
 20
-67958.13094418682
 10
-815695.5084720881
 20
-68018.1308965031
 10
-815795.508376721
 20
-68018.1308965031
  0
LWPOLYLINE
  5
A40
330
17
100
AcDbEntity
  8
KM Kolon
100
AcDbPolyline
 90
4
 70
1
 10
-814945.498458508
 20
-67958.13094418682
 10
-814845.4985538753
 20
-67958.13094418682
 10
-814845.4985538753
 20
-68018.1308965031
 10
-814945.498458508
 20
-68018.1308965031
  0
LWPOLYLINE
  5
A41
330
17
100
AcDbEntity
  8
KM Kolon
100
AcDbPolyline
 90
4
 70
1
 10
-828255.6681478652
 20
-68123.13341897167
 10
-828155.6681314739
 20
-68123.13341897167
 10
-828155.6681314739
 20
-68223.13332360424
 10
-828255.6681478652
 20
-68223.13332360424
  0
LWPOLYLINE
  5
A42
330
17
100
AcDbEntity
  8
KM Kolon
100
AcDbPolyline
 90
4
 70
1
 10
-827630.6607345375
 20
-68123.13341897167
 10
-827530.6606808933
 20
-68123.13341897167
 10
-827530.6606808933
 20
-68223.13332360424
 10
-827630.6607345375
 20
-68223.13332360424
  0
LWPOLYLINE
  5
A43
330
17
100
AcDbEntity
  8
KM Kolon
100
AcDbPolyline
 90
4
 70
1
 10
-821130.5770794186
 20
-68103.1331614796
 10
-821030.577174786
 20
-68103.1331614796
 10
-821030.577174786
 20
-68203.13298504986
 10
-821130.5770794186
 20
-68203.13298504986
  0
LWPOLYLINE
  5
A44
330
17
100
AcDbEntity
  8
KM Kolon
100
AcDbPolyline
 90
4
 70
1
 10
-826980.6521157059
 20
-68103.13308041729
 10
-826880.6522110734
 20
-68103.13308041729
 10
-826880.6522110734
 20
-68203.13298504986
 10
-826980.6521157059
 20
-68203.13298504986
  0
LWPOLYLINE
  5
A45
330
17
100
AcDbEntity
  8
KM Kolon
100
AcDbPolyline
 90
4
 70
1
 10
-826130.6399623189
 20
-68198.13441079296
 10
-826030.6400576864
 20
-68198.13441079296
 10
-826030.6400576864
 20
-68258.1349591557
 10
-826130.6399623189
 20
-68258.1349591557
  0
LWPOLYLINE
  5
A46
330
17
100
AcDbEntity
  8
KM Kolon
100
AcDbPolyline
 90
4
 70
1
 10
-825280.6309381757
 20
-68198.13441079296
 10
-825180.631033543
 20
-68198.13441079296
 10
-825180.631033543
 20
-68258.1349591557
 10
-825280.6309381757
 20
-68258.1349591557
  0
LWPOLYLINE
  5
A47
330
17
100
AcDbEntity
  8
KM Kolon
100
AcDbPolyline
 90
4
 70
1
 10
-824405.6168714795
 20
-68198.13441079296
 10
-824305.6169668467
 20
-68198.13441079296
 10
-824305.6169668467
 20
-68258.1349591557
 10
-824405.6168714795
 20
-68258.1349591557
  0
LWPOLYLINE
  5
A48
330
17
100
AcDbEntity
  8
KM Kolon
100
AcDbPolyline
 90
4
 70
1
 10
-823555.6081453594
 20
-68198.13441079296
 10
-823455.6082407269
 20
-68198.13441079296
 10
-823455.6082407269
 20
-68258.1349591557
 10
-823555.6081453594
 20
-68258.1349591557
  0
LWPOLYLINE
  5
A49
330
17
100
AcDbEntity
  8
KM Kolon
100
AcDbPolyline
 90
4
 70
1
 10
-822670.5965915952
 20
-68198.13441079296
 10
-822570.5966869625
 20
-68198.13441079296
 10
-822570.5966869625
 20
-68258.1349591557
 10
-822670.5965915952
 20
-68258.1349591557
  0
LWPOLYLINE
  5
A4A
330
17
100
AcDbEntity
  8
KM Kolon
100
AcDbPolyline
 90
4
 70
1
 10
-821980.5887857708
 20
-68198.13441079296
 10
-821880.5888811382
 20
-68198.13441079296
 10
-821880.5888811382
 20
-68258.1349591557
 10
-821980.5887857708
 20
-68258.1349591557
  0
LWPOLYLINE
  5
A4B
330
17
100
AcDbEntity
  8
KM Kolon
100
AcDbPolyline
 90
4
 70
1
 10
-819095.5517212186
 20
-68323.1356124226
 10
-818995.5512205395
 20
-68323.1356124226
 10
-818995.5512205395
 20
-68443.1352595631
 10
-819095.5517212186
 20
-68443.1352595631
  0
LWPOLYLINE
  5
A4C
330
17
100
AcDbEntity
  8
KM Kolon
100
AcDbPolyline
 90
4
 70
1
 10
-818345.542899731
 20
-68323.1356124226
 10
-818245.5427376066
 20
-68323.1356124226
 10
-818245.5427376066
 20
-68443.1352595631
 10
-818345.542899731
 20
-68443.1352595631
  0
LWPOLYLINE
  5
A4D
330
17
100
AcDbEntity
  8
KM Kolon
100
AcDbPolyline
 90
4
 70
1
 10
-815795.5086342129
 20
-68323.1356124226
 10
-815695.5094066892
 20
-68323.1356124226
 10
-815695.5094066892
 20
-68443.1352595631
 10
-815795.5086342129
 20
-68443.1352595631
  0
LWPOLYLINE
  5
A4E
330
17
100
AcDbEntity
  8
KM Kolon
100
AcDbPolyline
 90
4
 70
1
 10
-814960.7083717617
 20
-68323.1356124226
 10
-814860.7084671292
 20
-68323.1356124226
 10
-814860.7084671292
 20
-68443.1352595631
 10
-814960.7083717617
 20
-68443.1352595631
  0
LWPOLYLINE
  5
A4F
330
17
100
AcDbEntity
  8
KM Kolon
100
AcDbPolyline
 90
4
 70
1
 10
-817492.5587097439
 20
-68303.13740056194
 10
-817392.5585476194
 20
-68303.13740056194
 10
-817392.5585476194
 20
-68443.13704770245
 10
-817492.5587097439
 20
-68443.13704770245
  0
LWPOLYLINE
  5
A50
330
17
100
AcDbEntity
  8
KM Kolon
100
AcDbPolyline
 90
4
 70
1
 10
-816565.519582394
 20
-68303.13740056194
 10
-816465.5194202694
 20
-68303.13740056194
 10
-816465.5194202694
 20
-68443.13704770245
 10
-816565.519582394
 20
-68443.13704770245
  0
LWPOLYLINE
  5
A51
330
17
100
AcDbEntity
  8
KM Kolon
100
AcDbPolyline
 90
4
 70
1
 10
-814085.4785362515
 20
-68343.1372241322
 10
-813985.478631619
 20
-68343.1372241322
 10
-813985.478631619
 20
-68443.13704770245
 10
-814085.4785362515
 20
-68443.13704770245
  0
LWPOLYLINE
  5
A52
330
17
100
AcDbEntity
  8
KM Kolon
100
AcDbPolyline
 90
4
 70
1
 10
-826110.6401792797
 20
-68578.13918393292
 10
-826030.6400576864
 20
-68578.13918393292
 10
-826030.6400576864
 20
-68773.13875954784
 10
-826110.6401792797
 20
-68773.13875954784
  0
LWPOLYLINE
  5
A53
330
17
100
AcDbEntity
  8
KM Kolon
100
AcDbPolyline
 90
4
 70
1
 10
-825180.6292454038
 20
-68578.13918393292
 10
-825080.629042748
 20
-68578.13918393292
 10
-825080.629042748
 20
-68698.13883107342
 10
-825180.6292454038
 20
-68698.13883107342
  0
LWPOLYLINE
  5
A54
330
17
100
AcDbEntity
  8
KM Kolon
100
AcDbPolyline
 90
4
 70
1
 10
-824405.6168714795
 20
-68578.13918393292
 10
-824305.6169668467
 20
-68578.13918393292
 10
-824305.6169668467
 20
-68698.13883107342
 10
-824405.6168714795
 20
-68698.13883107342
  0
LWPOLYLINE
  5
A55
330
17
100
AcDbEntity
  8
KM Kolon
100
AcDbPolyline
 90
4
 70
1
 10
-823555.6081453594
 20
-68578.13918393292
 10
-823455.6082407269
 20
-68578.13918393292
 10
-823455.6082407269
 20
-68698.13883107342
 10
-823555.6081453594
 20
-68698.13883107342
  0
LWPOLYLINE
  5
A56
330
17
100
AcDbEntity
  8
KM Kolon
100
AcDbPolyline
 90
4
 70
1
 10
-822670.5965915952
 20
-68578.13918393292
 10
-822570.5966869625
 20
-68578.13918393292
 10
-822570.5966869625
 20
-68698.13883107342
 10
-822670.5965915952
 20
-68698.13883107342
  0
LWPOLYLINE
  5
A57
330
17
100
AcDbEntity
  8
KM Kolon
100
AcDbPolyline
 90
4
 70
1
 10
-821980.5887857708
 20
-68578.13918393292
 10
-821900.5892196927
 20
-68578.13918393292
 10
-821900.5892196927
 20
-68773.13875954784
 10
-821980.5887857708
 20
-68773.13875954784
  0
LWPOLYLINE
  5
A58
330
17
100
AcDbEntity
  8
KM Kolon
100
AcDbPolyline
 90
4
 70
1
 10
-826980.6521157059
 20
-68653.13792031445
 10
-826880.6522110734
 20
-68653.13792031445
 10
-826880.6522110734
 20
-68773.13875954784
 10
-826980.6521157059
 20
-68773.13875954784
  0
LWPOLYLINE
  5
A59
330
17
100
AcDbEntity
  8
KM Kolon
100
AcDbPolyline
 90
4
 70
1
 10
-819095.5481449398
 20
-68673.14004700817
 10
-818995.5482403073
 20
-68673.14004700817
 10
-818995.5482403073
 20
-68773.13995164074
 10
-819095.5481449398
 20
-68773.13995164074
  0
LWPOLYLINE
  5
A5A
330
17
100
AcDbEntity
  8
KM Kolon
100
AcDbPolyline
 90
4
 70
1
 10
-813445.4784313474
 20
-68598.13892644085
 10
-813345.4785267147
 20
-68598.13892644085
 10
-813345.4785267147
 20
-68698.13883107342
 10
-813445.4784313474
 20
-68698.13883107342
  0
LWPOLYLINE
  5
A5B
330
17
100
AcDbEntity
  8
KM Kolon
100
AcDbPolyline
 90
4
 70
1
 10
-812845.4682747159
 20
-68598.13892644085
 10
-812745.4683700833
 20
-68598.13892644085
 10
-812745.4683700833
 20
-68698.13883107342
 10
-812845.4682747159
 20
-68698.13883107342
  0
LWPOLYLINE
  5
A5C
330
17
100
AcDbEntity
  8
KM Kolon
100
AcDbPolyline
 90
4
 70
1
 10
-811995.520806912
 20
-68598.13892644085
 10
-811895.5197101865
 20
-68598.13892644085
 10
-811895.5197101865
 20
-68698.13883107342
 10
-811995.520806912
 20
-68698.13883107342
  0
LWPOLYLINE
  5
A5D
330
17
100
AcDbEntity
  8
KM Kolon
100
AcDbPolyline
 90
4
 70
1
 10
-821130.5769983564
 20
-68633.13911240734
 10
-821030.577174786
 20
-68633.13911240734
 10
-821030.577174786
 20
-68773.13875954784
 10
-821130.5769983564
 20
-68773.13875954784
  0
LWPOLYLINE
  5
A5E
330
17
100
AcDbEntity
  8
KM Kolon
100
AcDbPolyline
 90
4
 70
1
 10
-819970.5628076826
 20
-68633.13911240734
 10
-819870.5629841121
 20
-68633.13911240734
 10
-819870.5629841121
 20
-68773.13875954784
 10
-819970.5628076826
 20
-68773.13875954784
  0
LWPOLYLINE
  5
A5F
330
17
100
AcDbEntity
  8
KM Kolon
100
AcDbPolyline
 90
4
 70
1
 10
-814960.7083717617
 20
-68673.13885491528
 10
-814860.7084671292
 20
-68673.13885491528
 10
-814860.7084671292
 20
-68773.13875954784
 10
-814960.7083717617
 20
-68773.13875954784
  0
LWPOLYLINE
  5
A60
330
17
100
AcDbEntity
  8
KM Kolon
100
AcDbPolyline
 90
4
 70
1
 10
-814085.438005093
 20
-68673.13885491528
 10
-813985.4381004605
 20
-68673.13885491528
 10
-813985.4381004605
 20
-68773.13875954784
 10
-814085.438005093
 20
-68773.13875954784
  0
LWPOLYLINE
  5
A61
330
17
100
AcDbEntity
  8
KM Kolon
100
AcDbPolyline
 90
4
 70
1
 10
-828255.6681478652
 20
-69023.14448159374
 10
-828155.6681314739
 20
-69023.14448159374
 10
-828155.6681314739
 20
-69123.14498227276
 10
-828255.6681478652
 20
-69123.14498227276
  0
LWPOLYLINE
  5
A62
330
17
100
AcDbEntity
  8
KM Kolon
100
AcDbPolyline
 90
4
 70
1
 10
-827630.6607345375
 20
-69023.14448159374
 10
-827530.6606808933
 20
-69023.14448159374
 10
-827530.6606808933
 20
-69123.14498227276
 10
-827630.6607345375
 20
-69123.14498227276
  0
LWPOLYLINE
  5
A63
330
17
100
AcDbEntity
  8
KM Kolon
100
AcDbPolyline
 90
4
 70
1
 10
-826980.6521157059
 20
-69023.14448159374
 10
-826880.6522110734
 20
-69023.14448159374
 10
-826880.6522110734
 20
-69123.14498227276
 10
-826980.6521157059
 20
-69123.14498227276
  0
LWPOLYLINE
  5
A64
330
17
100
AcDbEntity
  8
KM Kolon
100
AcDbPolyline
 90
4
 70
1
 10
-826110.6399217878
 20
-69023.14448159374
 10
-826010.6400171551
 20
-69023.14448159374
 10
-826010.6400171551
 20
-69123.14498227276
 10
-826110.6399217878
 20
-69123.14498227276
  0
LWPOLYLINE
  5
A65
330
17
100
AcDbEntity
  8
KM Kolon
100
AcDbPolyline
 90
4
 70
1
 10
-825255.6309620175
 20
-69023.14448159374
 10
-825155.631057385
 20
-69023.14448159374
 10
-825155.631057385
 20
-69123.14498227276
 10
-825255.6309620175
 20
-69123.14498227276
  0
LWPOLYLINE
  5
A66
330
17
100
AcDbEntity
  8
KM Kolon
100
AcDbPolyline
 90
4
 70
1
 10
-824405.6168714795
 20
-69023.14448159374
 10
-824305.6169668467
 20
-69023.14448159374
 10
-824305.6169668467
 20
-69123.14498227276
 10
-824405.6168714795
 20
-69123.14498227276
  0
LWPOLYLINE
  5
A67
330
17
100
AcDbEntity
  8
KM Kolon
100
AcDbPolyline
 90
4
 70
1
 10
-823555.6081453594
 20
-69023.14448159374
 10
-823455.6082407269
 20
-69023.14448159374
 10
-823455.6082407269
 20
-69123.14498227276
 10
-823555.6081453594
 20
-69123.14498227276
  0
LWPOLYLINE
  5
A68
330
17
100
AcDbEntity
  8
KM Kolon
100
AcDbPolyline
 90
4
 70
1
 10
-822670.5965915952
 20
-69023.14448159374
 10
-822570.5966869625
 20
-69023.14448159374
 10
-822570.5966869625
 20
-69123.14498227276
 10
-822670.5965915952
 20
-69123.14498227276
  0
LWPOLYLINE
  5
A69
330
17
100
AcDbEntity
  8
KM Kolon
100
AcDbPolyline
 90
4
 70
1
 10
-821980.5887857708
 20
-69023.14448159374
 10
-821880.5888811382
 20
-69023.14448159374
 10
-821880.5888811382
 20
-69123.14498227276
 10
-821980.5887857708
 20
-69123.14498227276
  0
LWPOLYLINE
  5
A6A
330
17
100
AcDbEntity
  8
KM Kolon
100
AcDbPolyline
 90
4
 70
1
 10
-821130.5770794186
 20
-69023.14448159374
 10
-821030.577174786
 20
-69023.14448159374
 10
-821030.577174786
 20
-69123.14498227276
 10
-821130.5770794186
 20
-69123.14498227276
  0
LWPOLYLINE
  5
A6B
330
17
100
AcDbEntity
  8
KM Kolon
100
AcDbPolyline
 90
4
 70
1
 10
-819970.5628076826
 20
-69023.14448159374
 10
-819870.5629030499
 20
-69023.14448159374
 10
-819870.5629030499
 20
-69123.14498227276
 10
-819970.5628076826
 20
-69123.14498227276
  0
LWPOLYLINE
  5
A6C
330
17
100
AcDbEntity
  8
KM Kolon
100
AcDbPolyline
 90
4
 70
1
 10
-819195.5504337583
 20
-69023.14448159374
 10
-819095.5505291256
 20
-69023.14448159374
 10
-819095.5505291256
 20
-69123.14498227276
 10
-819195.5504337583
 20
-69123.14498227276
  0
LWPOLYLINE
  5
A6D
330
17
100
AcDbEntity
  8
KM Kolon
100
AcDbPolyline
 90
4
 70
1
 10
-818345.5417076382
 20
-69023.14448159374
 10
-818245.5418030057
 20
-69023.14448159374
 10
-818245.5418030057
 20
-69123.14498227276
 10
-818345.5417076382
 20
-69123.14498227276
  0
LWPOLYLINE
  5
A6E
330
17
100
AcDbEntity
  8
KM Kolon
100
AcDbPolyline
 90
4
 70
1
 10
-817492.5587097439
 20
-69023.14448159374
 10
-817392.5588051114
 20
-69023.14448159374
 10
-817392.5588051114
 20
-69123.14498227276
 10
-817492.5587097439
 20
-69123.14498227276
  0
LWPOLYLINE
  5
A6F
330
17
100
AcDbEntity
  8
KM Kolon
100
AcDbPolyline
 90
4
 70
1
 10
-816645.5182949338
 20
-69023.14448159374
 10
-816545.5183903011
 20
-69023.14448159374
 10
-816545.5183903011
 20
-69123.14498227276
 10
-816645.5182949338
 20
-69123.14498227276
  0
LWPOLYLINE
  5
A70
330
17
100
AcDbEntity
  8
KM Kolon
100
AcDbPolyline
 90
4
 70
1
 10
-815795.508376721
 20
-69023.14448159374
 10
-815695.5084720881
 20
-69023.14448159374
 10
-815695.5084720881
 20
-69123.14498227276
 10
-815795.508376721
 20
-69123.14498227276
  0
LWPOLYLINE
  5
A71
330
17
100
AcDbEntity
  8
KM Kolon
100
AcDbPolyline
 90
4
 70
1
 10
-814960.4985634121
 20
-69023.14448159374
 10
-814860.4974666866
 20
-69023.14448159374
 10
-814860.4974666866
 20
-69123.14498227276
 10
-814960.4985634121
 20
-69123.14498227276
  0
LWPOLYLINE
  5
A72
330
17
100
AcDbEntity
  8
KM Kolon
100
AcDbPolyline
 90
4
 70
1
 10
-814085.438005093
 20
-69023.14448159374
 10
-813985.4381004605
 20
-69023.14448159374
 10
-813985.4381004605
 20
-69123.14498227276
 10
-814085.438005093
 20
-69123.14498227276
  0
LWPOLYLINE
  5
A73
330
17
100
AcDbEntity
  8
KM Kolon
100
AcDbPolyline
 90
4
 70
1
 10
-814085.438005093
 20
-69288.1480292622
 10
-813985.4381004605
 20
-69288.1480292622
 10
-813985.4381004605
 20
-69368.14798157848
 10
-814085.438005093
 20
-69368.14798157848
  0
LWPOLYLINE
  5
A74
330
17
100
AcDbEntity
  8
KM Kolon
100
AcDbPolyline
 90
4
 70
1
 10
-813445.5082336698
 20
-69278.14805310406
 10
-813345.5083290371
 20
-69278.14805310406
 10
-813345.5083290371
 20
-69378.14795773663
 10
-813445.5082336698
 20
-69378.14795773663
  0
LWPOLYLINE
  5
A75
330
17
100
AcDbEntity
  8
KM Kolon
100
AcDbPolyline
 90
4
 70
1
 10
-812845.4682747159
 20
-69278.14805310406
 10
-812745.4683700833
 20
-69278.14805310406
 10
-812745.4683700833
 20
-69378.14795773663
 10
-812845.4682747159
 20
-69378.14795773663
  0
LWPOLYLINE
  5
A76
330
17
100
AcDbEntity
  8
KM Kolon
100
AcDbPolyline
 90
4
 70
1
 10
-811995.520806912
 20
-69278.14805310406
 10
-811895.5197101865
 20
-69278.14805310406
 10
-811895.5197101865
 20
-69378.14795773663
 10
-811995.520806912
 20
-69378.14795773663
  0
LWPOLYLINE
  5
A77
330
17
100
AcDbEntity
  8
KM Kolon
100
AcDbPolyline
 90
4
 70
1
 10
-817492.5587097439
 20
-69778.15413277782
 10
-817392.5588051114
 20
-69778.15413277782
 10
-817392.5588051114
 20
-69838.15395634808
 10
-817492.5587097439
 20
-69838.15395634808
  0
LWPOLYLINE
  5
A78
330
17
100
AcDbEntity
  8
KM Kolon
100
AcDbPolyline
 90
4
 70
1
 10
-816458.519450787
 20
-69778.15413277782
 10
-816358.5195461545
 20
-69778.15413277782
 10
-816358.5195461545
 20
-69838.15395634808
 10
-816458.519450787
 20
-69838.15395634808
  0
LWPOLYLINE
  5
A79
330
17
100
AcDbEntity
  8
KM Kolon
100
AcDbPolyline
 90
4
 70
1
 10
-828255.6681478652
 20
-70098.1589536015
 10
-828155.6681314739
 20
-70098.1589536015
 10
-828155.6681314739
 20
-70198.15975230373
 10
-828255.6681478652
 20
-70198.15975230373
  0
LWPOLYLINE
  5
A7A
330
17
100
AcDbEntity
  8
KM Kolon
100
AcDbPolyline
 90
4
 70
1
 10
-827630.6607345375
 20
-70098.1589536015
 10
-827530.6606808933
 20
-70098.1589536015
 10
-827530.6606808933
 20
-70198.15975230373
 10
-827630.6607345375
 20
-70198.15975230373
  0
LWPOLYLINE
  5
A7B
330
17
100
AcDbEntity
  8
KM Kolon
100
AcDbPolyline
 90
4
 70
1
 10
-826980.6521157059
 20
-70098.1589536015
 10
-826880.6522110734
 20
-70098.1589536015
 10
-826880.6522110734
 20
-70198.15975230373
 10
-826980.6521157059
 20
-70198.15975230373
  0
LWPOLYLINE
  5
A7C
330
17
100
AcDbEntity
  8
KM Kolon
100
AcDbPolyline
 90
4
 70
1
 10
-826110.6399623189
 20
-70098.1589536015
 10
-826010.6400576864
 20
-70098.1589536015
 10
-826010.6400576864
 20
-70218.15949481167
 10
-826110.6399623189
 20
-70218.15949481167
  0
LWPOLYLINE
  5
A7D
330
17
100
AcDbEntity
  8
KM Kolon
100
AcDbPolyline
 90
4
 70
1
 10
-825275.5195728573
 20
-70098.2019022893
 10
-825175.6313077244
 20
-70098.15820854343
 10
-825175.6313077244
 20
-70218.15874975361
 10
-825275.5195728573
 20
-70218.20244349947
  0
LWPOLYLINE
  5
A7E
330
17
100
AcDbEntity
  8
KM Kolon
100
AcDbPolyline
 90
4
 70
1
 10
-823600.520364407
 20
-70098.2019022893
 10
-823500.5204597745
 20
-70098.2019022893
 10
-823500.5204597745
 20
-70218.20244349947
 10
-823600.520364407
 20
-70218.20244349947
  0
LWPOLYLINE
  5
A7F
330
17
100
AcDbEntity
  8
KM Kolon
100
AcDbPolyline
 90
4
 70
1
 10
-822737.5972787176
 20
-70098.2019022893
 10
-822597.5972930227
 20
-70098.2019022893
 10
-822597.5972930227
 20
-70218.20244349947
 10
-822737.5972787176
 20
-70218.20244349947
  0
LWPOLYLINE
  5
A80
330
17
100
AcDbEntity
  8
KM Kolon
100
AcDbPolyline
 90
4
 70
1
 10
-821980.5887857708
 20
-70033.2006601285
 10
-821880.5888811382
 20
-70033.2006601285
 10
-821880.5888811382
 20
-70218.20125855913
 10
-821980.5887857708
 20
-70218.20125855913
  0
LWPOLYLINE
  5
A81
330
17
100
AcDbEntity
  8
KM Kolon
100
AcDbPolyline
 90
4
 70
1
 10
-821130.5198589597
 20
-70033.15889638104
 10
-821030.519954327
 20
-70033.15889638104
 10
-821030.519954327
 20
-70218.15949481167
 10
-821130.5198589597
 20
-70218.15949481167
  0
LWPOLYLINE
  5
A82
330
17
100
AcDbEntity
  8
KM Kolon
100
AcDbPolyline
 90
4
 70
1
 10
-819970.5628076826
 20
-70098.1589536015
 10
-819890.5623475345
 20
-70098.1589536015
 10
-819890.5623475345
 20
-70218.15830271877
 10
-819970.5628076826
 20
-70218.15830271877
  0
LWPOLYLINE
  5
A83
330
17
100
AcDbEntity
  8
KM Kolon
100
AcDbPolyline
 90
4
 70
1
 10
-819125.5489507947
 20
-70098.1589536015
 10
-819025.5484501156
 20
-70098.1589536015
 10
-819025.5484501156
 20
-70218.15949481167
 10
-819125.5489507947
 20
-70218.15949481167
  0
LWPOLYLINE
  5
A84
330
17
100
AcDbEntity
  8
KM Kolon
100
AcDbPolyline
 90
4
 70
1
 10
-818292.5403634342
 20
-70098.1589536015
 10
-818192.5404588017
 20
-70098.1589536015
 10
-818192.5404588017
 20
-70218.15949481167
 10
-818292.5403634342
 20
-70218.15949481167
  0
LWPOLYLINE
  5
A85
330
17
100
AcDbEntity
  8
KM Kolon
100
AcDbPolyline
 90
4
 70
1
 10
-817492.5587097439
 20
-70098.1589536015
 10
-817432.5582901273
 20
-70098.1589536015
 10
-817432.5582901273
 20
-70218.15949481167
 10
-817492.5587097439
 20
-70218.15949481167
  0
LWPOLYLINE
  5
A86
330
17
100
AcDbEntity
  8
KM Kolon
100
AcDbPolyline
 90
4
 70
1
 10
-816418.5187736782
 20
-70098.1589536015
 10
-816358.5195461545
 20
-70098.1589536015
 10
-816358.5195461545
 20
-70218.15949481167
 10
-816418.5187736782
 20
-70218.15949481167
  0
LWPOLYLINE
  5
A87
330
17
100
AcDbEntity
  8
KM Kolon
100
AcDbPolyline
 90
4
 70
1
 10
-815613.5082761082
 20
-70098.1589536015
 10
-815513.5071793827
 20
-70098.1589536015
 10
-815513.5071793827
 20
-70218.15949481167
 10
-815613.5082761082
 20
-70218.15949481167
  0
LWPOLYLINE
  5
A88
330
17
100
AcDbEntity
  8
KM Kolon
100
AcDbPolyline
 90
4
 70
1
 10
-814825.4988113675
 20
-70098.1589536015
 10
-814725.4989067349
 20
-70098.1589536015
 10
-814725.4989067349
 20
-70218.15949481167
 10
-814825.4988113675
 20
-70218.15949481167
  0
LWPOLYLINE
  5
A89
330
17
100
AcDbEntity
  8
KM Kolon
100
AcDbPolyline
 90
4
 70
1
 10
-814127.4395290647
 20
-70098.1589536015
 10
-814027.4379173551
 20
-70098.1589536015
 10
-814027.4379173551
 20
-70218.15949481167
 10
-814127.4395290647
 20
-70218.15949481167
  0
LWPOLYLINE
  5
A8A
330
17
100
AcDbEntity
  8
KM Kolon
100
AcDbPolyline
 90
4
 70
1
 10
-813445.4784313474
 20
-70148.15950196423
 10
-813345.4785267147
 20
-70148.15950196423
 10
-813345.4785267147
 20
-70248.15970462002
 10
-813445.4784313474
 20
-70248.15970462002
  0
LWPOLYLINE
  5
A8B
330
17
100
AcDbEntity
  8
KM Kolon
100
AcDbPolyline
 90
4
 70
1
 10
-812845.4682747159
 20
-70148.15950196423
 10
-812745.4683700833
 20
-70148.15950196423
 10
-812745.4683700833
 20
-70248.15970462002
 10
-812845.4682747159
 20
-70248.15970462002
  0
LWPOLYLINE
  5
A8C
330
17
100
AcDbEntity
  8
KM Kolon
100
AcDbPolyline
 90
4
 70
1
 10
-811995.459548596
 20
-70148.15950196423
 10
-811895.4584518704
 20
-70148.15950196423
 10
-811895.4584518704
 20
-70248.15970462002
 10
-811995.459548596
 20
-70248.15970462002
  0
LWPOLYLINE
  5
A8D
330
17
100
AcDbEntity
  8
KM Kolon
100
AcDbPolyline
 90
4
 70
1
 10
-828255.52136958
 20
-70538.20261754503
 10
-828155.5213531886
 20
-70538.20261754503
 10
-828155.5213531886
 20
-70598.20256986131
 10
-828255.52136958
 20
-70598.20256986131
  0
LWPOLYLINE
  5
A8E
330
17
100
AcDbEntity
  8
KM Kolon
100
AcDbPolyline
 90
4
 70
1
 10
-827630.5206505092
 20
-70538.20261754503
 10
-827530.5205968651
 20
-70538.20261754503
 10
-827530.5205968651
 20
-70598.20256986131
 10
-827630.5206505092
 20
-70598.20256986131
  0
LWPOLYLINE
  5
A8F
330
17
100
AcDbEntity
  8
KM Kolon
100
AcDbPolyline
 90
4
 70
1
 10
-826980.6521157059
 20
-70513.16382449307
 10
-826880.6522110734
 20
-70513.16382449307
 10
-826880.6522110734
 20
-70613.16305201687
 10
-826980.6521157059
 20
-70613.16305201687
  0
LWPOLYLINE
  5
A90
330
17
100
AcDbEntity
  8
KM Kolon
100
AcDbPolyline
 90
4
 70
1
 10
-826110.5198589596
 20
-70538.20261754503
 10
-826010.5199543271
 20
-70538.20261754503
 10
-826010.5199543271
 20
-70598.20256986131
 10
-826110.5198589596
 20
-70598.20256986131
  0
LWPOLYLINE
  5
A91
330
17
100
AcDbEntity
  8
KM Kolon
100
AcDbPolyline
 90
4
 70
1
 10
-825255.5195728573
 20
-70538.20261754503
 10
-825155.5196682247
 20
-70538.20261754503
 10
-825155.5196682247
 20
-70598.20256986131
 10
-825255.5195728573
 20
-70598.20256986131
  0
LWPOLYLINE
  5
A92
330
17
100
AcDbEntity
  8
KM Kolon
100
AcDbPolyline
 90
4
 70
1
 10
-824405.5197445188
 20
-70538.20261754503
 10
-824305.5198398861
 20
-70538.20261754503
 10
-824305.5198398861
 20
-70598.20256986131
 10
-824405.5197445188
 20
-70598.20256986131
  0
LWPOLYLINE
  5
A93
330
17
100
AcDbEntity
  8
KM Kolon
100
AcDbPolyline
 90
4
 70
1
 10
-823555.520364407
 20
-70538.20261754503
 10
-823455.5204597745
 20
-70538.20261754503
 10
-823455.5204597745
 20
-70598.20256986131
 10
-823555.520364407
 20
-70598.20256986131
  0
LWPOLYLINE
  5
A94
330
17
100
AcDbEntity
  8
KM Kolon
100
AcDbPolyline
 90
4
 70
1
 10
-822727.5209919246
 20
-70538.20261754503
 10
-822627.5210872922
 20
-70538.20261754503
 10
-822627.5210872922
 20
-70598.20256986131
 10
-822727.5209919246
 20
-70598.20256986131
  0
LWPOLYLINE
  5
A95
330
17
100
AcDbEntity
  8
KM Kolon
100
AcDbPolyline
 90
4
 70
1
 10
-821980.5887857708
 20
-70538.16371958889
 10
-821880.5888811382
 20
-70538.16371958889
 10
-821880.5888811382
 20
-70598.16367190517
 10
-821980.5887857708
 20
-70598.16367190517
  0
LWPOLYLINE
  5
A96
330
17
100
AcDbEntity
  8
KM Kolon
100
AcDbPolyline
 90
4
 70
1
 10
-821140.5770794186
 20
-70518.16392939723
 10
-821030.577174786
 20
-70518.16392939723
 10
-821030.577174786
 20
-70628.16315692104
 10
-821140.5770794186
 20
-70628.16315692104
  0
LWPOLYLINE
  5
A97
330
17
100
AcDbEntity
  8
KM Kolon
100
AcDbPolyline
 90
4
 70
1
 10
-819105.5492082867
 20
-70538.16371958889
 10
-819005.5493036542
 20
-70538.16371958889
 10
-819005.5493036542
 20
-70598.16367190517
 10
-819105.5492082867
 20
-70598.16367190517
  0
LWPOLYLINE
  5
A98
330
17
100
AcDbEntity
  8
KM Kolon
100
AcDbPolyline
 90
4
 70
1
 10
-818292.5412575039
 20
-70538.16371958889
 10
-818192.5413528715
 20
-70538.16371958889
 10
-818192.5413528715
 20
-70598.16367190517
 10
-818292.5412575039
 20
-70598.16367190517
  0
LWPOLYLINE
  5
A99
330
17
100
AcDbEntity
  8
KM Kolon
100
AcDbPolyline
 90
4
 70
1
 10
-817492.5587097439
 20
-70538.16371958889
 10
-817392.5588051114
 20
-70538.16371958889
 10
-817392.5588051114
 20
-70598.16367190517
 10
-817492.5587097439
 20
-70598.16367190517
  0
LWPOLYLINE
  5
A9A
330
17
100
AcDbEntity
  8
KM Kolon
100
AcDbPolyline
 90
4
 70
1
 10
-816458.519450787
 20
-70538.16371958889
 10
-816358.5195461545
 20
-70538.16371958889
 10
-816358.5195461545
 20
-70598.16367190517
 10
-816458.519450787
 20
-70598.16367190517
  0
LWPOLYLINE
  5
A9B
330
17
100
AcDbEntity
  8
KM Kolon
100
AcDbPolyline
 90
4
 70
1
 10
-815653.5086551938
 20
-70538.16371958889
 10
-815553.5087505612
 20
-70538.16371958889
 10
-815553.5087505612
 20
-70598.16367190517
 10
-815653.5086551938
 20
-70598.16367190517
  0
LWPOLYLINE
  5
A9C
330
17
100
AcDbEntity
  8
KM Kolon
100
AcDbPolyline
 90
4
 70
1
 10
-814825.4988113675
 20
-70538.16371958889
 10
-814725.4989067349
 20
-70538.16371958889
 10
-814725.4980126652
 20
-70658.1621746365
 10
-814825.4979172978
 20
-70658.1621746365
  0
LWPOLYLINE
  5
A9D
330
17
100
AcDbEntity
  8
KM Kolon
100
AcDbPolyline
 90
4
 70
1
 10
-819970.5628076826
 20
-70673.16585581936
 10
-819870.5629030499
 20
-70673.16585581936
 10
-819870.5629030499
 20
-70773.16508334316
 10
-819970.5628076826
 20
-70773.16508334316
  0
LWPOLYLINE
  5
A9E
330
17
100
AcDbEntity
  8
KM Kolon
100
AcDbPolyline
 90
4
 70
1
 10
-814127.4378219876
 20
-70578.16413920559
 10
-814027.4379173551
 20
-70578.16413920559
 10
-814027.4379173551
 20
-70678.16575091518
 10
-814127.4378219876
 20
-70678.16575091518
  0
LWPOLYLINE
  5
A9F
330
17
100
AcDbEntity
  8
KM Kolon
100
AcDbPolyline
 90
4
 70
1
 10
-814127.4378219876
 20
-71098.16962283291
 10
-814027.4379173551
 20
-71098.16962283291
 10
-814027.4379173551
 20
-71198.16952746548
 10
-814127.4378219876
 20
-71198.16952746548
  0
LWPOLYLINE
  5
AA0
330
17
100
AcDbEntity
  8
KM Kolon
100
AcDbPolyline
 90
4
 70
1
 10
-813445.4784313474
 20
-71098.16962283291
 10
-813345.4785267147
 20
-71098.16962283291
 10
-813345.4785267147
 20
-71198.16952746548
 10
-813445.4784313474
 20
-71198.16952746548
  0
LWPOLYLINE
  5
AA1
330
17
100
AcDbEntity
  8
KM Kolon
100
AcDbPolyline
 90
4
 70
1
 10
-812845.4682747159
 20
-71098.16962283291
 10
-812745.4683700833
 20
-71098.16962283291
 10
-812745.4683700833
 20
-71198.16952746548
 10
-812845.4682747159
 20
-71198.16952746548
  0
LWPOLYLINE
  5
AA2
330
17
100
AcDbEntity
  8
KM Kolon
100
AcDbPolyline
 90
4
 70
1
 10
-811995.459548596
 20
-71098.16962283291
 10
-811895.4584518704
 20
-71098.16962283291
 10
-811895.4584518704
 20
-71198.16952746548
 10
-811995.459548596
 20
-71198.16952746548
  0
LWPOLYLINE
  5
AA3
330
17
100
AcDbEntity
  8
KM Kolon
100
AcDbPolyline
 90
4
 70
1
 10
-828255.52136958
 20
-71323.20268430223
 10
-828155.5213531886
 20
-71323.20268430223
 10
-828155.5213531886
 20
-71423.2037810277
 10
-828255.52136958
 20
-71423.2037810277
  0
LWPOLYLINE
  5
AA4
330
17
100
AcDbEntity
  8
KM Kolon
100
AcDbPolyline
 90
4
 70
1
 10
-827630.5206505092
 20
-71323.20268430223
 10
-827530.5205968651
 20
-71323.20268430223
 10
-827530.5205968651
 20
-71423.2037810277
 10
-827630.5206505092
 20
-71423.2037810277
  0
LWPOLYLINE
  5
AA5
330
17
100
AcDbEntity
  8
KM Kolon
100
AcDbPolyline
 90
4
 70
1
 10
-826110.5198589596
 20
-71323.20268430223
 10
-826010.5199543271
 20
-71323.20268430223
 10
-826010.5199543271
 20
-71423.2037810277
 10
-826110.5198589596
 20
-71423.2037810277
  0
LWPOLYLINE
  5
AA6
330
17
100
AcDbEntity
  8
KM Kolon
100
AcDbPolyline
 90
4
 70
1
 10
-825255.5195728573
 20
-71323.20268430223
 10
-825155.5196682247
 20
-71323.20268430223
 10
-825155.5196682247
 20
-71423.2037810277
 10
-825255.5195728573
 20
-71423.2037810277
  0
LWPOLYLINE
  5
AA7
330
17
100
AcDbEntity
  8
KM Kolon
100
AcDbPolyline
 90
4
 70
1
 10
-824405.5197445188
 20
-71323.20268430223
 10
-824320.5199447904
 20
-71323.20268430223
 10
-824320.5199447904
 20
-71408.20367612352
 10
-824405.5197445188
 20
-71408.20367612352
  0
LWPOLYLINE
  5
AA8
330
17
100
AcDbEntity
  8
KM Kolon
100
AcDbPolyline
 90
4
 70
1
 10
-822767.5971905027
 20
-71323.17358058132
 10
-822667.59728587
 20
-71323.17358058132
 10
-822667.59728587
 20
-71423.17467730679
 10
-822767.5971905027
 20
-71423.17467730679
  0
LWPOLYLINE
  5
AA9
330
17
100
AcDbEntity
  8
KM Kolon
100
AcDbPolyline
 90
4
 70
1
 10
-821980.5198208124
 20
-71323.20268430223
 10
-821880.5199161797
 20
-71323.20268430223
 10
-821880.5199161797
 20
-71423.2037810277
 10
-821980.5198208124
 20
-71423.2037810277
  0
LWPOLYLINE
  5
AAA
330
17
100
AcDbEntity
  8
KM Kolon
100
AcDbPolyline
 90
4
 70
1
 10
-821130.5770794186
 20
-71256.22253459133
 10
-821030.577174786
 20
-71256.22253459133
 10
-821030.577174786
 20
-71336.22295420803
 10
-821130.5770794186
 20
-71336.22295420803
  0
LWPOLYLINE
  5
AAB
330
17
100
AcDbEntity
  8
KM Kolon
100
AcDbPolyline
 90
4
 70
1
 10
-819970.5200664736
 20
-71267.2025221776
 10
-819885.5202667452
 20
-71267.2025221776
 10
-819885.5202667452
 20
-71347.20268430223
 10
-819970.5200664736
 20
-71347.20268430223
  0
LWPOLYLINE
  5
AAC
330
17
100
AcDbEntity
  8
KM Kolon
100
AcDbPolyline
 90
4
 70
1
 10
-819105.5196491817
 20
-71323.20268430223
 10
-819005.5197445493
 20
-71323.20268430223
 10
-819005.5197445493
 20
-71423.2037810277
 10
-819105.5196491817
 20
-71423.2037810277
  0
LWPOLYLINE
  5
AAD
330
17
100
AcDbEntity
  8
KM Kolon
100
AcDbPolyline
 90
4
 70
1
 10
-818292.5412575039
 20
-71323.17358058132
 10
-818192.5413528715
 20
-71323.17358058132
 10
-818192.5413528715
 20
-71423.17467730679
 10
-818292.5412575039
 20
-71423.17467730679
  0
LWPOLYLINE
  5
AAE
330
17
100
AcDbEntity
  8
KM Kolon
100
AcDbPolyline
 90
4
 70
1
 10
-817492.5587097439
 20
-71323.17358058132
 10
-817412.5585476193
 20
-71323.17358058132
 10
-817412.5585476193
 20
-71403.17374270596
 10
-817492.5587097439
 20
-71403.17374270596
  0
LWPOLYLINE
  5
AAF
330
17
100
AcDbEntity
  8
KM Kolon
100
AcDbPolyline
 90
4
 70
1
 10
-815653.5086551938
 20
-71323.17358058132
 10
-815553.5087505612
 20
-71323.17358058132
 10
-815553.5087505612
 20
-71423.17467730679
 10
-815653.5086551938
 20
-71423.17467730679
  0
LWPOLYLINE
  5
AB0
330
17
100
AcDbEntity
  8
KM Kolon
100
AcDbPolyline
 90
4
 70
1
 10
-814825.4988113675
 20
-71323.17358058132
 10
-814725.4989067349
 20
-71323.17358058132
 10
-814725.4989067349
 20
-71443.17441981472
 10
-814825.4988113675
 20
-71443.17441981472
  0
LWPOLYLINE
  5
AB1
330
17
100
AcDbEntity
  8
KM Kolon
100
AcDbPolyline
 90
4
 70
1
 10
-814127.4378219876
 20
-71323.17332308926
 10
-814027.4379173551
 20
-71323.17332308926
 10
-814027.4379173551
 20
-71423.17374270596
 10
-814127.4378219876
 20
-71423.17374270596
  0
LWPOLYLINE
  5
AB2
330
17
100
AcDbEntity
  8
KM Kolon
100
AcDbPolyline
 90
4
 70
1
 10
-826980.5200783046
 20
-71458.17520182766
 10
-826880.5201736721
 20
-71458.17520182766
 10
-826880.5201736721
 20
-71558.17562144436
 10
-826980.5200783046
 20
-71558.17562144436
  0
LWPOLYLINE
  5
AB3
330
17
100
AcDbEntity
  8
KM Kolon
100
AcDbPolyline
 90
4
 70
1
 10
-821130.5773774418
 20
-71458.17520182766
 10
-821030.5774728094
 20
-71458.17520182766
 10
-821030.5774728094
 20
-71558.17562144436
 10
-821130.5773774418
 20
-71558.17562144436
  0
LWPOLYLINE
  5
AB4
330
17
100
AcDbEntity
  8
KM Kolon
100
AcDbPolyline
 90
4
 70
1
 10
-819970.5628076826
 20
-71582.20268430223
 10
-819885.563007954
 20
-71582.20268430223
 10
-819885.563007954
 20
-71622.20268430223
 10
-819970.5628076826
 20
-71622.20268430223
  0
LWPOLYLINE
  5
AB5
330
17
100
AcDbEntity
  8
KM Kolon
100
AcDbPolyline
 90
4
 70
1
 10
-824405.6168714795
 20
-71798.17610781826
 10
-824365.6170884405
 20
-71798.17610781826
 10
-824365.6170884405
 20
-71898.17601245083
 10
-824405.6168714795
 20
-71898.17601245083
  0
LWPOLYLINE
  5
AB6
330
17
100
AcDbEntity
  8
KM Kolon
100
AcDbPolyline
 90
4
 70
1
 10
-824130.6150475773
 20
-71798.17610781826
 10
-824090.614966515
 20
-71798.17610781826
 10
-824090.614966515
 20
-71898.17601245083
 10
-824130.6150475773
 20
-71898.17601245083
  0
LWPOLYLINE
  5
AB7
330
17
100
AcDbEntity
  8
KM Kolon
100
AcDbPolyline
 90
4
 70
1
 10
-823606.609455708
 20
-71798.07597201504
 10
-823566.6093746457
 20
-71798.07597201504
 10
-823566.6093746457
 20
-71898.0758766476
 10
-823606.609455708
 20
-71898.0758766476
  0
LWPOLYLINE
  5
AB8
330
17
100
AcDbEntity
  8
KM Kolon
100
AcDbPolyline
 90
4
 70
1
 10
-823331.6049495968
 20
-71798.17610781826
 10
-823291.6048685344
 20
-71798.17610781826
 10
-823291.6048685344
 20
-71898.17601245083
 10
-823331.6049495968
 20
-71898.17601245083
  0
LWPOLYLINE
  5
AB9
330
17
100
AcDbEntity
  8
KM Kolon
100
AcDbPolyline
 90
4
 70
1
 10
-823021.6017881664
 20
-71798.17610781826
 10
-822981.6017071042
 20
-71798.17610781826
 10
-822981.6017071042
 20
-71898.17601245083
 10
-823021.6017881664
 20
-71898.17601245083
  0
LWPOLYLINE
  5
ABA
330
17
100
AcDbEntity
  8
KM Kolon
100
AcDbPolyline
 90
4
 70
1
 10
-817492.5587097439
 20
-71798.17610781826
 10
-817452.5592247281
 20
-71798.17610781826
 10
-817452.5592247281
 20
-71898.17601245083
 10
-817492.5587097439
 20
-71898.17601245083
  0
LWPOLYLINE
  5
ABB
330
17
100
AcDbEntity
  8
KM Kolon
100
AcDbPolyline
 90
4
 70
1
 10
-817217.5285736356
 20
-71798.07597201504
 10
-817177.5290886197
 20
-71798.07597201504
 10
-817177.5290886197
 20
-71898.0758766476
 10
-817217.5285736356
 20
-71898.0758766476
  0
LWPOLYLINE
  5
ABC
330
17
100
AcDbEntity
  8
KM Kolon
100
AcDbPolyline
 90
4
 70
1
 10
-816693.5179153715
 20
-71798.07597201504
 10
-816653.5184303555
 20
-71798.07597201504
 10
-816653.5184303555
 20
-71898.0758766476
 10
-816693.5179153715
 20
-71898.0758766476
  0
LWPOLYLINE
  5
ABD
330
17
100
AcDbEntity
  8
KM Kolon
100
AcDbPolyline
 90
4
 70
1
 10
-816418.5187736782
 20
-71798.07597201504
 10
-816378.5180965693
 20
-71798.07597201504
 10
-816378.5180965693
 20
-71898.0758766476
 10
-816418.5187736782
 20
-71898.0758766476
  0
LWPOLYLINE
  5
ABE
330
17
100
AcDbEntity
  8
KM Kolon
100
AcDbPolyline
 90
4
 70
1
 10
-816108.5090557369
 20
-71798.17610781826
 10
-816068.5083786281
 20
-71798.17610781826
 10
-816068.5083786281
 20
-71898.17601245083
 10
-816108.5090557369
 20
-71898.17601245083
  0
LWPOLYLINE
  5
ABF
330
17
100
AcDbEntity
  8
KM Kolon
100
AcDbPolyline
 90
4
 70
1
 10
-813445.4784313474
 20
-71968.18643611111
 10
-813345.4785267147
 20
-71968.18643611111
 10
-813345.4785267147
 20
-72068.18634074368
 10
-813445.4784313474
 20
-72068.18634074368
  0
LWPOLYLINE
  5
AC0
330
17
100
AcDbEntity
  8
KM Kolon
100
AcDbPolyline
 90
4
 70
1
 10
-812845.4682747159
 20
-71968.18643611111
 10
-812745.4683700833
 20
-71968.18643611111
 10
-812745.4683700833
 20
-72068.18634074368
 10
-812845.4682747159
 20
-72068.18634074368
  0
LWPOLYLINE
  5
AC1
330
17
100
AcDbEntity
  8
KM Kolon
100
AcDbPolyline
 90
4
 70
1
 10
-811995.459548596
 20
-71968.18643611111
 10
-811895.4584518704
 20
-71968.18643611111
 10
-811895.4584518704
 20
-72068.18634074368
 10
-811995.459548596
 20
-72068.18634074368
  0
LWPOLYLINE
  5
AC2
330
17
100
AcDbEntity
  8
KM Kolon
100
AcDbPolyline
 90
4
 70
1
 10
-825275.5195728573
 20
-72078.2017973851
 10
-825175.5196682248
 20
-72078.2017973851
 10
-825175.5196682248
 20
-72198.20144452562
 10
-825275.5195728573
 20
-72198.20144452562
  0
LWPOLYLINE
  5
AC3
330
17
100
AcDbEntity
  8
KM Kolon
100
AcDbPolyline
 90
4
 70
1
 10
-824425.5197445188
 20
-72078.1856159512
 10
-824325.5198398861
 20
-72078.1856159512
 10
-824325.5198398861
 20
-72198.1852630917
 10
-824425.5197445188
 20
-72198.1852630917
  0
LWPOLYLINE
  5
AC4
330
17
100
AcDbEntity
  8
KM Kolon
100
AcDbPolyline
 90
4
 70
1
 10
-823626.609455708
 20
-72078.1856159512
 10
-823526.6095510754
 20
-72078.1856159512
 10
-823526.6095510754
 20
-72198.1852630917
 10
-823626.609455708
 20
-72198.1852630917
  0
LWPOLYLINE
  5
AC5
330
17
100
AcDbEntity
  8
KM Kolon
100
AcDbPolyline
 90
4
 70
1
 10
-822767.5974479947
 20
-72078.1856159512
 10
-822667.597543362
 20
-72078.1856159512
 10
-822667.597543362
 20
-72198.1852630917
 10
-822767.5974479947
 20
-72198.1852630917
  0
LWPOLYLINE
  5
AC6
330
17
100
AcDbEntity
  8
KM Kolon
100
AcDbPolyline
 90
4
 70
1
 10
-819105.5489507947
 20
-72078.1856159512
 10
-819005.5484501156
 20
-72078.1856159512
 10
-819005.5484501156
 20
-72198.1852630917
 10
-819105.5489507947
 20
-72198.1852630917
  0
LWPOLYLINE
  5
AC7
330
17
100
AcDbEntity
  8
KM Kolon
100
AcDbPolyline
 90
4
 70
1
 10
-818292.5412575039
 20
-72078.1856159512
 10
-818192.5413528715
 20
-72078.1856159512
 10
-818192.5413528715
 20
-72198.1852630917
 10
-818292.5412575039
 20
-72198.1852630917
  0
LWPOLYLINE
  5
AC8
330
17
100
AcDbEntity
  8
KM Kolon
100
AcDbPolyline
 90
4
 70
1
 10
-815613.5091701779
 20
-72078.1856159512
 10
-815513.5080734524
 20
-72078.1856159512
 10
-815513.5080734524
 20
-72198.1852630917
 10
-815613.5091701779
 20
-72198.1852630917
  0
LWPOLYLINE
  5
AC9
330
17
100
AcDbEntity
  8
KM Kolon
100
AcDbPolyline
 90
4
 70
1
 10
-828255.52136958
 20
-72098.20153989305
 10
-828155.5213531886
 20
-72098.20153989305
 10
-828155.5213531886
 20
-72198.20144452562
 10
-828255.52136958
 20
-72198.20144452562
  0
LWPOLYLINE
  5
ACA
330
17
100
AcDbEntity
  8
KM Kolon
100
AcDbPolyline
 90
4
 70
1
 10
-827630.5206505092
 20
-72098.20153989305
 10
-827530.5205968651
 20
-72098.20153989305
 10
-827530.5205968651
 20
-72198.20144452562
 10
-827630.5206505092
 20
-72198.20144452562
  0
LWPOLYLINE
  5
ACB
330
17
100
AcDbEntity
  8
KM Kolon
100
AcDbPolyline
 90
4
 70
1
 10
-826110.6396237646
 20
-72058.1856159512
 10
-826010.639719132
 20
-72058.1856159512
 10
-826010.639719132
 20
-72198.1852630917
 10
-826110.6396237646
 20
-72198.1852630917
  0
LWPOLYLINE
  5
ACC
330
17
100
AcDbEntity
  8
KM Kolon
100
AcDbPolyline
 90
4
 70
1
 10
-821980.5887857708
 20
-72078.1856159512
 10
-821880.5888811382
 20
-72078.1856159512
 10
-821880.5888811382
 20
-72263.18532031216
 10
-821980.5887857708
 20
-72263.18532031216
  0
LWPOLYLINE
  5
ACD
330
17
100
AcDbEntity
  8
KM Kolon
100
AcDbPolyline
 90
4
 70
1
 10
-821130.5770794186
 20
-72078.1856159512
 10
-821030.577174786
 20
-72078.1856159512
 10
-821030.577174786
 20
-72263.18532031216
 10
-821130.5770794186
 20
-72263.18532031216
  0
LWPOLYLINE
  5
ACE
330
17
100
AcDbEntity
  8
KM Kolon
100
AcDbPolyline
 90
4
 70
1
 10
-819970.5628076826
 20
-72058.1856159512
 10
-819870.5629030499
 20
-72058.1856159512
 10
-819870.5629030499
 20
-72198.1852630917
 10
-819970.5628076826
 20
-72198.1852630917
  0
LWPOLYLINE
  5
ACF
330
17
100
AcDbEntity
  8
KM Kolon
100
AcDbPolyline
 90
4
 70
1
 10
-817492.5587097439
 20
-72058.1856159512
 10
-817392.5582901272
 20
-72058.1856159512
 10
-817392.5582901272
 20
-72198.1852630917
 10
-817492.5587097439
 20
-72198.1852630917
  0
LWPOLYLINE
  5
AD0
330
17
100
AcDbEntity
  8
KM Kolon
100
AcDbPolyline
 90
4
 70
1
 10
-816458.5187736783
 20
-72058.1856159512
 10
-816358.5195461545
 20
-72058.1856159512
 10
-816358.5195461545
 20
-72198.1852630917
 10
-816458.5187736783
 20
-72198.1852630917
  0
LWPOLYLINE
  5
AD1
330
17
100
AcDbEntity
  8
KM Kolon
100
AcDbPolyline
 90
4
 70
1
 10
-814825.4988113675
 20
-72078.1856159512
 10
-814725.4989067349
 20
-72078.1856159512
 10
-814725.4989067349
 20
-72198.1852630917
 10
-814825.4988113675
 20
-72198.1852630917
  0
LWPOLYLINE
  5
AD2
330
17
100
AcDbEntity
  8
KM Kolon
100
AcDbPolyline
 90
4
 70
1
 10
-814127.489081982
 20
-72078.1856159512
 10
-814027.4891773495
 20
-72078.1856159512
 10
-814027.4891773495
 20
-72198.1852630917
 10
-814127.489081982
 20
-72198.1852630917
  0
LWPOLYLINE
  5
AD3
330
17
100
AcDbEntity
  8
KM Kolon
100
AcDbPolyline
 90
4
 70
1
 10
-817492.5587097439
 20
-72428.18528216518
 10
-817392.5588051114
 20
-72428.18528216518
 10
-817392.5588051114
 20
-72508.18544428982
 10
-817492.5587097439
 20
-72508.18544428982
  0
LWPOLYLINE
  5
AD4
330
17
100
AcDbEntity
  8
KM Kolon
100
AcDbPolyline
 90
4
 70
1
 10
-816458.519450787
 20
-72428.18528216518
 10
-816358.5195461545
 20
-72428.18528216518
 10
-816358.5195461545
 20
-72508.18544428982
 10
-816458.519450787
 20
-72508.18544428982
  0
LWPOLYLINE
  5
AD5
330
17
100
AcDbEntity
  8
KM Kolon
100
AcDbPolyline
 90
4
 70
1
 10
-814127.5198505955
 20
-72848.19537203945
 10
-814027.5199459628
 20
-72848.19537203945
 10
-814027.5199459628
 20
-72948.19527667202
 10
-814127.5198505955
 20
-72948.19527667202
  0
LWPOLYLINE
  5
AD6
330
17
100
AcDbEntity
  8
KM Kolon
100
AcDbPolyline
 90
4
 70
1
 10
-813445.5082336698
 20
-72848.19537203945
 10
-813345.5083290371
 20
-72848.19537203945
 10
-813345.5083290371
 20
-72948.19527667202
 10
-813445.5082336698
 20
-72948.19527667202
  0
LWPOLYLINE
  5
AD7
330
17
100
AcDbEntity
  8
KM Kolon
100
AcDbPolyline
 90
4
 70
1
 10
-812845.4682747159
 20
-72848.19537203945
 10
-812745.4683700833
 20
-72848.19537203945
 10
-812745.4683700833
 20
-72948.19527667202
 10
-812845.4682747159
 20
-72948.19527667202
  0
LWPOLYLINE
  5
AD8
330
17
100
AcDbEntity
  8
KM Kolon
100
AcDbPolyline
 90
4
 70
1
 10
-811995.459548596
 20
-72848.19537203945
 10
-811895.4584518704
 20
-72848.19537203945
 10
-811895.4584518704
 20
-72948.19527667202
 10
-811995.459548596
 20
-72948.19527667202
  0
LWPOLYLINE
  5
AD9
330
17
100
AcDbEntity
  8
KM Kolon
100
AcDbPolyline
 90
4
 70
1
 10
-828255.6681478652
 20
-73394.34557955898
 10
-828155.6681314739
 20
-73394.34557955898
 10
-828155.6681314739
 20
-73474.34574168362
 10
-828255.6681478652
 20
-73474.34574168362
  0
LWPOLYLINE
  5
ADA
330
17
100
AcDbEntity
  8
KM Kolon
100
AcDbPolyline
 90
4
 70
1
 10
-827630.421719912
 20
-73396.21239703335
 10
-827530.4221133026
 20
-73396.51042025723
 10
-827530.660829905
 20
-73476.50939028896
 10
-827630.6604365144
 20
-73476.21136706509
  0
LWPOLYLINE
  5
ADB
330
17
100
AcDbEntity
  8
KM Kolon
100
AcDbPolyline
 90
4
 70
1
 10
-826980.4133991034
 20
-73398.15193217434
 10
-826880.4137924943
 20
-73398.44995539822
 10
-826880.6526581082
 20
-73478.45011752285
 10
-826980.6521157059
 20
-73478.15209429897
  0
LWPOLYLINE
  5
ADC
330
17
100
AcDbEntity
  8
KM Kolon
100
AcDbPolyline
 90
4
 70
1
 10
-826555.408141974
 20
-73399.42031901516
 10
-826455.4088333879
 20
-73399.71953433193
 10
-826455.6474009784
 20
-73479.71850436367
 10
-826555.6470075878
 20
-73479.4204811398
  0
LWPOLYLINE
  5
ADD
330
17
100
AcDbEntity
  8
KM Kolon
100
AcDbPolyline
 90
4
 70
1
 10
-826110.4009071621
 20
-73400.74950259365
 10
-826010.4013005529
 20
-73401.04752581753
 10
-826010.6403151784
 20
-73481.04649584927
 10
-826110.6396237646
 20
-73480.74847262539
  0
LWPOLYLINE
  5
ADE
330
17
100
AcDbEntity
  8
KM Kolon
100
AcDbPolyline
 90
4
 70
1
 10
-825682.8949371609
 20
-73402.02504199184
 10
-825582.8953305515
 20
-73402.32425730862
 10
-825583.1343451772
 20
-73482.32322734036
 10
-825683.1336537633
 20
-73482.02401202358
  0
LWPOLYLINE
  5
ADF
330
17
100
AcDbEntity
  8
KM Kolon
100
AcDbPolyline
 90
4
 70
1
 10
-825235.392204884
 20
-73403.36018603481
 10
-825135.3925982746
 20
-73403.65940135159
 10
-825135.6316129003
 20
-73483.65837138332
 10
-825235.6309214864
 20
-73483.36034815945
  0
LWPOLYLINE
  5
AE0
330
17
100
AcDbEntity
  8
KM Kolon
100
AcDbPolyline
 90
4
 70
1
 10
-824830.3860942158
 20
-73404.56896823086
 10
-824730.3864876064
 20
-73404.86699145474
 10
-824730.6252042088
 20
-73484.86715357937
 10
-824830.6248108182
 20
-73484.56913035549
  0
LWPOLYLINE
  5
AE1
330
17
100
AcDbEntity
  8
KM Kolon
100
AcDbPolyline
 90
4
 70
1
 10
-824429.3779650959
 20
-73405.76582949795
 10
-824329.3783584865
 20
-73406.06504481472
 10
-824329.6170750889
 20
-73486.06401484646
 10
-824429.6166816982
 20
-73485.76599162258
  0
LWPOLYLINE
  5
AE2
330
17
100
AcDbEntity
  8
KM Kolon
100
AcDbPolyline
 90
4
 70
1
 10
-824016.8744841847
 20
-73406.9984535519
 10
-823916.8745795522
 20
-73407.29647677578
 10
-823917.1132961544
 20
-73487.29663890041
 10
-824017.1132007871
 20
-73486.99742358364
  0
LWPOLYLINE
  5
AE3
330
17
100
AcDbEntity
  8
KM Kolon
100
AcDbPolyline
 90
4
 70
1
 10
-823626.3701835905
 20
-73408.16312831081
 10
-823526.3702789579
 20
-73408.46115153469
 10
-823526.6092935834
 20
-73488.46131365933
 10
-823626.6091982159
 20
-73488.16329043545
  0
LWPOLYLINE
  5
AE4
330
17
100
AcDbEntity
  8
KM Kolon
100
AcDbPolyline
 90
4
 70
1
 10
-823206.8649450573
 20
-73409.4148258511
 10
-823106.8656364712
 20
-73409.71404116787
 10
-823107.1040550503
 20
-73489.71301119961
 10
-823207.103959683
 20
-73489.41498797573
  0
LWPOLYLINE
  5
AE5
330
17
100
AcDbEntity
  8
KM Kolon
100
AcDbPolyline
 90
4
 70
1
 10
-822757.358304623
 20
-73410.75712245144
 10
-822657.358996037
 20
-73411.05514567532
 10
-822657.5974146161
 20
-73491.05530779995
 10
-822757.5973192486
 20
-73490.75728457607
  0
LWPOLYLINE
  5
AE6
330
17
100
AcDbEntity
  8
KM Kolon
100
AcDbPolyline
 90
4
 70
1
 10
-822385.3537956509
 20
-73411.86815303005
 10
-822285.3544870648
 20
-73412.16617625393
 10
-822285.5929056439
 20
-73492.16633837856
 10
-822385.5928102764
 20
-73491.86831515469
  0
LWPOLYLINE
  5
AE7
330
17
100
AcDbEntity
  8
KM Kolon
100
AcDbPolyline
 90
4
 70
1
 10
-822000.3501096996
 20
-73413.01733058132
 10
-821900.3508011136
 20
-73413.3153538052
 10
-821900.5898157391
 20
-73493.31551592983
 10
-822000.5891243252
 20
-73493.01630061306
  0
LWPOLYLINE
  5
AE8
330
17
100
AcDbEntity
  8
KM Kolon
100
AcDbPolyline
 90
4
 70
1
 10
-821555.342427853
 20
-73414.34532206692
 10
-821455.3431192669
 20
-73414.6433452908
 10
-821455.581537846
 20
-73494.64350741543
 10
-821555.5808464321
 20
-73494.34548419155
  0
LWPOLYLINE
  5
AE9
330
17
100
AcDbEntity
  8
KM Kolon
100
AcDbPolyline
 90
4
 70
1
 10
-821130.3386608395
 20
-73415.61370890774
 10
-821030.3393522535
 20
-73415.91173213162
 10
-821030.5777708326
 20
-73495.91189425625
 10
-821130.5770794186
 20
-73495.61267893948
  0
LWPOLYLINE
  5
AEA
330
17
100
AcDbEntity
  8
KM Kolon
100
AcDbPolyline
 90
4
 70
1
 10
-820550.3300348553
 20
-73417.34462779202
 10
-820450.3313223156
 20
-73417.64265101589
 10
-820450.5691448483
 20
-73497.64281314053
 10
-820550.5684534344
 20
-73497.34359782375
  0
LWPOLYLINE
  5
AEB
330
17
100
AcDbEntity
  8
KM Kolon
100
AcDbPolyline
 90
4
 70
1
 10
-819970.3243891035
 20
-73419.07673876919
 10
-819870.3238884244
 20
-73419.37476199307
 10
-819870.5629030499
 20
-73499.3737320248
 10
-819970.5628076826
 20
-73499.07570880093
  0
LWPOLYLINE
  5
AEC
330
17
100
AcDbEntity
  8
KM Kolon
100
AcDbPolyline
 90
4
 70
1
 10
-819537.8152052198
 20
-73420.36658328213
 10
-819437.8153005871
 20
-73420.664606506
 10
-819438.0543152126
 20
-73500.66476863064
 10
-819538.0542198453
 20
-73500.36555331387
  0
LWPOLYLINE
  5
AED
330
17
100
AcDbEntity
  8
KM Kolon
100
AcDbPolyline
 90
4
 70
1
 10
-819105.3101936613
 20
-73421.65761988796
 10
-819005.3102890287
 20
-73421.95564311184
 10
-819005.5493036542
 20
-73501.95580523647
 10
-819105.5492082867
 20
-73501.6565899197
  0
LWPOLYLINE
  5
AEE
330
17
100
AcDbEntity
  8
KM Kolon
100
AcDbPolyline
 90
4
 70
1
 10
-818697.8051582607
 20
-73422.87474673428
 10
-818597.8052536283
 20
-73423.17276995815
 10
-818598.0448643002
 20
-73503.17173998989
 10
-818698.0447689327
 20
-73502.87371676601
  0
LWPOLYLINE
  5
AEF
330
17
100
AcDbEntity
  8
KM Kolon
100
AcDbPolyline
 90
4
 70
1
 10
-818315.3018871578
 20
-73424.01557963528
 10
-818215.3043667112
 20
-73424.31360285915
 10
-818215.5427852903
 20
-73504.31376498379
 10
-818315.5403057369
 20
-73504.01574175991
  0
LWPOLYLINE
  5
AF0
330
17
100
AcDbEntity
  8
KM Kolon
100
AcDbPolyline
 90
4
 70
1
 10
-817885.2901378903
 20
-73425.29946368374
 10
-817785.2902332578
 20
-73425.59748690762
 10
-817785.5298439297
 20
-73505.59764903225
 10
-817885.5285564694
 20
-73505.29962580837
  0
LWPOLYLINE
  5
AF1
330
17
100
AcDbEntity
  8
KM Kolon
100
AcDbPolyline
 90
4
 70
1
 10
-817502.28976405
 20
-73426.44268077053
 10
-817402.2898594174
 20
-73426.74070399441
 10
-817402.5294700895
 20
-73506.74086611904
 10
-817502.5281826291
 20
-73506.44165080227
  0
LWPOLYLINE
  5
AF2
330
17
100
AcDbEntity
  8
KM Kolon
100
AcDbPolyline
 90
4
 70
1
 10
-816973.279468182
 20
-73428.02220385708
 10
-816873.2795635496
 20
-73428.32022708096
 10
-816873.5179821285
 20
-73508.3191971127
 10
-816973.5178867611
 20
-73508.02117388882
  0
LWPOLYLINE
  5
AF3
330
17
100
AcDbEntity
  8
KM Kolon
100
AcDbPolyline
 90
4
 70
1
 10
-816458.279840115
 20
-73429.55881159939
 10
-816358.2799354825
 20
-73429.85802691616
 10
-816358.5183540616
 20
-73509.8569969479
 10
-816458.5182586941
 20
-73509.55897372402
  0
LWPOLYLINE
  5
AF4
330
17
100
AcDbEntity
  8
KM Kolon
100
AcDbPolyline
 90
4
 70
1
 10
-816052.196971539
 20
-73437.1965507809
 10
-815952.2221008572
 20
-73439.47106402554
 10
-815954.0412346158
 20
-73519.45096057095
 10
-816054.0149132046
 20
-73517.17644732632
  0
LWPOLYLINE
  5
AF5
330
17
100
AcDbEntity
  8
KM Kolon
100
AcDbPolyline
 90
4
 70
1
 10
-815648.563853863
 20
-73452.36712496914
 10
-815548.7499157223
 20
-73458.4551433865
 10
-815553.6196152004
 20
-73538.3062938992
 10
-815653.4335533413
 20
-73532.21946757473
  0
LWPOLYLINE
  5
AF6
330
17
100
AcDbEntity
  8
KM Kolon
100
AcDbPolyline
 90
4
 70
1
 10
-815230.1273266108
 20
-73481.47445719875
 10
-815130.4778972898
 20
-73489.84414141811
 10
-815137.1738830837
 20
-73569.5641617123
 10
-815236.8221203123
 20
-73561.19447749294
  0
LWPOLYLINE
  5
AF7
330
17
100
AcDbEntity
  8
KM Kolon
100
AcDbPolyline
 90
4
 70
1
 10
-814843.4219280515
 20
-73517.21221011318
 10
-814743.9286628994
 20
-73527.25678485073
 10
-814751.9633690151
 20
-73606.85163539089
 10
-814851.4590183529
 20
-73596.80706065334
  0
LWPOLYLINE
  5
AF8
330
17
100
AcDbEntity
  8
KM Kolon
100
AcDbPolyline
 90
4
 70
1
 10
-814134.1373840603
 20
-73603.56741946377
 10
-814035.4833523066
 20
-73619.92054980434
 10
-814048.5653797421
 20
-73698.84425204434
 10
-814147.2194114957
 20
-73682.48992961086
  0
LWPOLYLINE
  5
AF9
330
17
100
AcDbEntity
  8
KM Kolon
100
AcDbPolyline
 90
4
 70
1
 10
-813445.5082336698
 20
-73558.1558327023
 10
-813345.5083290371
 20
-73558.1558327023
 10
-813345.5083290371
 20
-73658.15573733486
 10
-813445.5082336698
 20
-73658.15573733486
  0
LWPOLYLINE
  5
AFA
330
17
100
AcDbEntity
  8
KM Kolon
100
AcDbPolyline
 90
4
 70
1
 10
-812845.4682747159
 20
-73558.1558327023
 10
-812745.4683700833
 20
-73558.1558327023
 10
-812745.4683700833
 20
-73658.15573733486
 10
-812845.4682747159
 20
-73658.15573733486
  0
LWPOLYLINE
  5
AFB
330
17
100
AcDbEntity
  8
KM Kolon
100
AcDbPolyline
 90
4
 70
1
 10
-811995.459548596
 20
-73558.1558327023
 10
-811895.4584518704
 20
-73558.1558327023
 10
-811895.4584518704
 20
-73658.15573733486
 10
-811995.459548596
 20
-73658.15573733486
  0
LWPOLYLINE
  5
AFC
330
17
100
AcDbEntity
  8
KM Kolon
100
AcDbPolyline
 90
4
 70
1
 10
-813441.8973842892
 20
-73767.28588145413
 10
-813343.580714825
 20
-73785.5511287991
 10
-813349.059573773
 20
-73815.04589121975
 10
-813447.37743533
 20
-73796.78183596767
  0
LWPOLYLINE
  5
AFD
330
17
100
AcDbEntity
  8
KM Kolon
100
AcDbPolyline
 90
4
 70
1
 10
-812838.6578480037
 20
-73887.2140030209
 10
-812740.5795971188
 20
-73906.71187441982
 10
-812746.4280048641
 20
-73936.13630335964
 10
-812844.508639935
 20
-73916.63843196072
  0
LWPOLYLINE
  5
AFE
330
17
100
AcDbEntity
  8
KM Kolon
100
AcDbPolyline
 90
4
 70
1
 10
-812407.8354755671
 20
-73948.54479830898
 10
-812328.2060543331
 20
-73956.23975794949
 10
-812331.093303326
 20
-73986.10049288906
 10
-812410.7203403744
 20
-73978.40434115566
  0
LWPOLYLINE
  5
AFF
330
17
100
AcDbEntity
  8
KM Kolon
100
AcDbPolyline
 90
4
 70
1
 10
-811992.1097675595
 20
-73988.56931727566
 10
-811892.5747791562
 20
-73998.18593066372
 10
-811895.4584518704
 20
-74028.0466656033
 10
-811994.9946323666
 20
-74018.43005221523
  0
LWPOLYLINE
  5
B00
330
17
100
AcDbEntity
  8
KM Kolon
100
AcDbPolyline
 90
6
 70
1
 10
-824130.615941647
 20
-71443.17322772183
 10
-824090.6143704687
 20
-71443.17322772183
 10
-824090.6143704687
 20
-71363.17425769009
 10
-824000.6134430203
 20
-71363.17425769009
 10
-824000.6134430203
 20
-71323.17358058132
 10
-824130.615941647
 20
-71323.17358058132
  0
LWPOLYLINE
  5
B01
330
17
100
AcDbEntity
  8
KM Kolon
100
AcDbPolyline
 90
6
 70
1
 10
-823696.6106811794
 20
-71323.17358058132
 10
-823696.6106811794
 20
-71363.17425769009
 10
-823606.609455708
 20
-71363.17425769009
 10
-823606.609455708
 20
-71443.17322772183
 10
-823566.6081825527
 20
-71443.17322772183
 10
-823566.6081825527
 20
-71323.17358058132
  0
LWPOLYLINE
  5
B02
330
17
100
AcDbEntity
  8
KM Kolon
100
AcDbPolyline
 90
6
 70
1
 10
-819705.5575767789
 20
-71307.20268430223
 10
-819705.5575767789
 20
-71347.20268430223
 10
-819660.5584541591
 20
-71347.20268430223
 10
-819660.558454159
 20
-71392.20268430223
 10
-819620.5577770502
 20
-71392.20268430223
 10
-819620.5577770504
 20
-71307.20268430223
  0
LWPOLYLINE
  5
B03
330
17
100
AcDbEntity
  8
KM Kolon
100
AcDbPolyline
 90
6
 70
1
 10
-817217.5297657284
 20
-71403.17374270596
 10
-817177.5278965269
 20
-71403.17374270596
 10
-817177.5278965269
 20
-71363.17425769009
 10
-817087.5272671016
 20
-71363.17425769009
 10
-817087.5272671016
 20
-71323.17358058132
 10
-817217.5297657284
 20
-71323.17358058132
  0
LWPOLYLINE
  5
B04
330
17
100
AcDbEntity
  8
KM Kolon
100
AcDbPolyline
 90
6
 70
1
 10
-816783.5209289822
 20
-71323.17358058132
 10
-816783.5209289822
 20
-71363.17425769009
 10
-816693.5191074642
 20
-71363.17425769009
 10
-816693.5191074642
 20
-71403.17374270596
 10
-816653.5172382626
 20
-71403.17374270596
 10
-816653.5172382626
 20
-71323.17358058132
  0
LWPOLYLINE
  5
B05
330
17
100
AcDbEntity
  8
KM Kolon
100
AcDbPolyline
 90
6
 70
1
 10
-823061.6012731823
 20
-71448.17524951138
 10
-823061.6012731823
 20
-71488.17592662014
 10
-823021.6000000272
 20
-71488.17592662014
 10
-823021.6000000272
 20
-71548.17515414394
 10
-822981.6017071042
 20
-71548.17515414394
 10
-822981.6017071042
 20
-71448.17524951138
  0
LWPOLYLINE
  5
B06
330
17
100
AcDbEntity
  8
KM Kolon
100
AcDbPolyline
 90
12
 70
1
 10
-816338.5209957395
 20
-71488.17592662014
 10
-816338.5209957395
 20
-71448.17524951138
 10
-816378.5180965693
 20
-71448.17524951138
 10
-816378.5180965693
 20
-71323.17358058132
 10
-816418.5199657712
 20
-71323.17358058132
 10
-816418.5199657712
 20
-71548.17515414394
 10
-816468.5199180874
 20
-71548.17515414394
 10
-816468.5199180874
 20
-71588.1770233456
 10
-816418.5199657712
 20
-71588.1770233456
 10
-816418.5199657712
 20
-71638.17816775478
 10
-816378.5180965693
 20
-71638.17816775478
 10
-816378.5180965693
 20
-71488.17592662014
  0
LWPOLYLINE
  5
B07
330
17
100
AcDbEntity
  8
KM Kolon
100
AcDbPolyline
 90
6
 70
1
 10
-816148.5121170315
 20
-71448.17524951138
 10
-816148.5121170315
 20
-71488.17592662014
 10
-816108.51024783
 20
-71488.17592662014
 10
-816108.51024783
 20
-71548.17515414394
 10
-816068.511954907
 20
-71548.17515414394
 10
-816068.511954907
 20
-71448.17524951138
  0
LWPOLYLINE
  5
B08
330
17
100
AcDbEntity
  8
KM Kolon
100
AcDbPolyline
 90
8
 70
1
 10
-824365.6185785566
 20
-71498.17639392056
 10
-824405.6198517117
 20
-71498.17639392056
 10
-824405.6198517117
 20
-71638.17816775478
 10
-824365.6185785566
 20
-71638.17816775478
 10
-824365.6185785566
 20
-71588.1770233456
 10
-824315.6186262401
 20
-71588.1770233456
 10
-824315.6186262401
 20
-71548.17634623684
 10
-824365.6185785566
 20
-71548.17634623684
  0
LWPOLYLINE
  5
B09
330
17
100
AcDbEntity
  8
KM Kolon
100
AcDbPolyline
 90
8
 70
1
 10
-824130.615941647
 20
-71638.17816775478
 10
-824090.6143704687
 20
-71638.17816775478
 10
-824090.6143704687
 20
-71498.17639392056
 10
-824130.615941647
 20
-71498.17639392056
 10
-824130.615941647
 20
-71548.17634623684
 10
-824180.6158939633
 20
-71548.17634623684
 10
-824180.6158939633
 20
-71588.1770233456
 10
-824130.615941647
 20
-71588.1770233456
  0
LWPOLYLINE
  5
B0A
330
17
100
AcDbEntity
  8
KM Kolon
100
AcDbPolyline
 90
8
 70
1
 10
-823566.6081825527
 20
-71498.17400973476
 10
-823606.609455708
 20
-71498.17400973476
 10
-823606.609455708
 20
-71638.175783569
 10
-823566.6081825527
 20
-71638.175783569
 10
-823566.6081825527
 20
-71588.17463915981
 10
-823516.6082302365
 20
-71588.17463915981
 10
-823516.6082302365
 20
-71548.17396205105
 10
-823566.6081825527
 20
-71548.17396205105
  0
LWPOLYLINE
  5
B0B
330
17
100
AcDbEntity
  8
KM Kolon
100
AcDbPolyline
 90
10
 70
1
 10
-823331.6061416898
 20
-71638.17816775478
 10
-823291.604272488
 20
-71638.17816775478
 10
-823291.604272488
 20
-71488.17592662014
 10
-823251.602999333
 20
-71488.17592662014
 10
-823251.602999333
 20
-71448.17524951138
 10
-823331.6061416898
 20
-71448.17524951138
 10
-823331.6061416898
 20
-71548.17634623684
 10
-823381.6060940061
 20
-71548.17634623684
 10
-823381.6060940061
 20
-71588.1770233456
 10
-823331.6061416898
 20
-71588.1770233456
  0
LWPOLYLINE
  5
B0C
330
17
100
AcDbEntity
  8
KM Kolon
100
AcDbPolyline
 90
6
 70
1
 10
-819620.5573809494
 20
-71537.20268430223
 10
-819660.5580580581
 20
-71537.20268430223
 10
-819660.5580580581
 20
-71582.19910802355
 10
-819705.5571806778
 20
-71582.19910802355
 10
-819705.5571806778
 20
-71622.20268430223
 10
-819620.5573809494
 20
-71622.20268430223
  0
LWPOLYLINE
  5
B0D
330
17
100
AcDbEntity
  8
KM Kolon
100
AcDbPolyline
 90
8
 70
1
 10
-817492.5277153286
 20
-71498.17400973476
 10
-817492.5277153286
 20
-71638.175783569
 10
-817452.5258461271
 20
-71638.175783569
 10
-817452.5258461271
 20
-71588.17463915981
 10
-817402.5258938106
 20
-71588.17463915981
 10
-817402.5258938106
 20
-71548.17396205105
 10
-817452.5258461271
 20
-71548.17396205105
 10
-817452.5258461271
 20
-71498.17400973476
  0
LWPOLYLINE
  5
B0E
330
17
100
AcDbEntity
  8
KM Kolon
100
AcDbPolyline
 90
8
 70
1
 10
-817217.5297657284
 20
-71498.17400973476
 10
-817217.5297657284
 20
-71548.17396205105
 10
-817267.5297180447
 20
-71548.17396205105
 10
-817267.5297180447
 20
-71588.17463915981
 10
-817217.5297657284
 20
-71588.17463915981
 10
-817217.5297657284
 20
-71638.175783569
 10
-817177.5278965269
 20
-71638.175783569
 10
-817177.5278965269
 20
-71498.17400973476
  0
LWPOLYLINE
  5
B0F
330
17
100
AcDbEntity
  8
KM Kolon
100
AcDbPolyline
 90
8
 70
1
 10
-816693.5191074642
 20
-71498.17400973476
 10
-816693.5191074642
 20
-71638.175783569
 10
-816653.5172382626
 20
-71638.175783569
 10
-816653.5172382626
 20
-71588.17463915981
 10
-816603.5172859464
 20
-71588.17463915981
 10
-816603.5172859464
 20
-71548.17396205105
 10
-816653.5172382626
 20
-71548.17396205105
 10
-816653.5172382626
 20
-71498.17400973476
  0
LWPOLYLINE
  5
B10
330
17
100
AcDbEntity
  8
KM Kolon
100
AcDbPolyline
 90
4
 70
1
 10
-824424.5197445186
 20
-70098.2019022893
 10
-824324.5198398861
 20
-70098.2019022893
 10
-824324.5198398861
 20
-70218.20244349947
 10
-824424.5197445186
 20
-70218.20244349947
  0
LWPOLYLINE
  5
B11
330
17
100
AcDbEntity
  8
KM Kolon
100
AcDbPolyline
 90
4
 70
1
 10
-826980.5200783046
 20
-72098.20153989305
 10
-826880.5200619134
 20
-72098.20153989305
 10
-826880.5200619134
 20
-72198.20144452562
 10
-826980.5200783046
 20
-72198.20144452562
  0
LWPOLYLINE
  5
B12
330
17
100
AcDbEntity
  8
aksyazı
100
AcDbPolyline
 90
10
 70
1
 10
-810040.1520807436
 20
-72992.67404842284
 10
-810049.048954702
 20
-73003.6378728887
 10
-810049.048954702
 20
-73019.54440510459
 10
-810042.5785009105
 20
-73027.3628700925
 10
-810067.1123048431
 20
-73027.3628700925
 10
-810065.7642936324
 20
-73028.755815004
 10
-810039.4780751457
 20
-73028.755815004
 10
-810047.835744611
 20
-73018.96026691608
 10
-810047.835744611
 20
-73004.3118784912
 10
-810039.4780751457
 20
-72994.11192704085
  0
LWPOLYLINE
  5
B13
330
17
100
AcDbEntity
  8
aksyazı
100
AcDbPolyline
 90
8
 70
0
 10
-810041.2754234216
 20
-72990.42736308184
 10
-810040.1520807436
 20
-72992.67404842284
 10
-810039.4780751457
 20
-72994.11192704085
 10
-810026.8067698173
 20
-73019.54440510459
 10
-810033.5018921411
 20
-73024.57698026951
 10
-810006.9460714003
 20
-73024.57698026951
 10
-810015.5284094055
 20
-73018.96026691608
 10
-810034.4454999781
 20
-72982.24942843989
  0
LWPOLYLINE
  5
B14
330
17
100
AcDbEntity
  8
aksyazı
100
AcDbPolyline
 90
20
 70
1
 10
-810006.2271320885
 20
-72962.38873002212
 10
-810007.9795466578
 20
-72962.6583322631
 10
-810011.4394420824
 20
-72963.7367412271
 10
-810014.899337507
 20
-72965.5790232066
 10
-810018.2693655184
 20
-72968.18517820258
 10
-810021.6393935374
 20
-72971.51027250756
 10
-810031.1653393795
 20
-72982.29436214641
 10
-810012.4279836332
 20
-73019.94880846608
 10
-810001.509092874
 20
-73027.3628700925
 10
-810031.1653393795
 20
-73027.3628700925
 10
-810029.7274607635
 20
-73028.755815004
 10
-809997.1505233115
 20
-73028.755815004
 10
-810011.6641106149
 20
-73018.96026691608
 10
-810029.7274607635
 20
-72982.29436214641
 10
-810020.7407193995
 20
-72972.31907923054
 10
-810019.3477744824
 20
-72970.836266906
 10
-810015.9328127643
 20
-72967.78077484109
 10
-810012.5178510463
 20
-72965.53408950008
 10
-810009.1028893283
 20
-72964.09621088114
 10
-810005.6429939037
 20
-72963.4671389861
  0
LWPOLYLINE
  5
B15
330
17
100
AcDbEntity
  8
aksyazı
100
AcDbPolyline
 90
6
 70
1
 10
-810043.3423739289
 20
-72960.41164692212
 10
-810049.048954702
 20
-72965.98342656808
 10
-810049.048954702
 20
-72993.30312031787
 10
-810047.835744611
 20
-72991.73044057935
 10
-810047.835744611
 20
-72966.65743217058
 10
-810042.5785009105
 20
-72961.53498959262
  0
LWPOLYLINE
  5
B16
330
17
100
AcDbEntity
  8
aksyazı
100
AcDbPolyline
 90
23
 70
0
 10
-810051.8797782278
 20
-73003.05373469926
 10
-810041.2754234216
 20
-72990.42736308184
 10
-810034.4454999781
 20
-72982.24942843989
 10
-810027.301040589
 20
-72973.75695784949
 10
-810024.1556811176
 20
-72970.16226130258
 10
-810020.785653106
 20
-72966.8371669976
 10
-810017.5504262139
 20
-72964.09621088114
 10
-810014.3601330286
 20
-72961.93939295411
 10
-810011.2597072563
 20
-72960.32177950814
 10
-810008.2042151903
 20
-72959.33323795814
 10
-810008.2042151903
 20
-72958.79403347615
 10
-810035.2093729965
 20
-72958.79403347615
 10
-810035.2093729965
 20
-72959.33323795814
 10
-810033.996162913
 20
-72959.64777390566
 10
-810030.4913337742
 20
-72961.6248570066
 10
-810030.2217315352
 20
-72961.84952554014
 10
-810028.5591843864
 20
-72965.35435467307
 10
-810028.5591843864
 20
-72965.44422208611
 10
-810029.4129248178
 20
-72968.90411751252
 10
-810031.9741461044
 20
-72972.76841629855
 10
-810047.835744611
 20
-72991.73044057935
 10
-810049.048954702
 20
-72993.30312031787
 10
-810051.8797782278
 20
-72996.5383472098
  0
LWPOLYLINE
  5
B17
330
17
100
AcDbEntity
  8
xref_antet-100$0$ANTET2
100
AcDbPolyline
 90
5
 70
0
 10
-810507.8921792499
 20
-72209.93814477604
 10
-810507.8921792499
 20
-72513.5482163718
 10
-808647.4751604935
 20
-72513.5482163718
 10
-808647.4751604935
 20
-72209.93814477604
 10
-810507.8921792499
 20
-72209.93814477604
  0
LWPOLYLINE
  5
B18
330
17
100
AcDbEntity
  8
xref_antet-100$0$ANTET2
100
AcDbPolyline
 90
4
 70
1
 10
-810507.8921792499
 20
-72036.36900965031
 10
-808647.4751623711
 20
-72036.36900965031
 10
-808647.4751604935
 20
-72190.14647438377
 10
-810507.8921792499
 20
-72190.14647438377
  0
LWPOLYLINE
  5
B19
330
17
100
AcDbEntity
  8
xref_antet-100$0$ANTET2
100
AcDbPolyline
 90
4
 70
1
 10
-810507.8921773722
 20
-73233.36352647748
 10
-808647.4751604935
 20
-73233.36352647748
 10
-808647.4751604935
 20
-73493.00678430032
 10
-810507.8921773722
 20
-73493.00678430032
  0
LWPOLYLINE
  5
B1A
330
17
100
AcDbEntity
  8
xref_antet-100$0$ANTET2
100
AcDbPolyline
 90
4
 70
1
 10
-810507.8921773722
 20
-73512.79845469259
 10
-808647.4751604935
 20
-73512.79845469259
 10
-808647.4751604935
 20
-73652.87169136664
 10
-810507.8921773722
 20
-73652.87169136664
  0
LWPOLYLINE
  5
B1B
330
17
100
AcDbEntity
  8
xref_antet-100$0$ANTET2
100
AcDbPolyline
 90
5
 70
0
 10
-810507.8921773275
 20
-74992.30899864063
 10
-808647.4751604412
 20
-74992.30899864063
 10
-808647.4751604935
 20
-74533.45178285334
 10
-810507.8921773722
 20
-74533.45178285334
 10
-810507.8921773275
 20
-74992.30899864063
  0
LWPOLYLINE
  5
B1C
330
17
100
AcDbEntity
  8
xref_antet-100$0$ANTET2
100
AcDbPolyline
 90
4
 70
1
 10
-810507.8921792499
 20
-71767.4976062011
 10
-808647.4751623711
 20
-71767.4976062011
 10
-808647.4751604935
 20
-72016.57733925711
 10
-810507.8921792499
 20
-72016.57733925711
  0
LWPOLYLINE
  5
B1D
330
17
100
AcDbEntity
  8
xref_antet-100$0$ANTET2
100
AcDbPolyline
 90
4
 70
1
 10
-810507.8674396565
 20
-71040.10424009431
 10
-808647.4574908382
 20
-71040.10424009431
 10
-808647.499901957
 20
-71747.68119624443
 10
-810507.9169188432
 20
-71747.68119624443
  0
LWPOLYLINE
  5
B1E
330
17
100
AcDbEntity
  8
xref_antet-100$0$ANTET2
100
AcDbPolyline
 90
4
 70
1
 10
-810507.8921773722
 20
-73672.66336175893
 10
-808647.4751604935
 20
-73672.66336175893
 10
-808647.4751604935
 20
-74226.8301327452
 10
-810507.8921773722
 20
-74226.8301327452
  0
LWPOLYLINE
  5
B1F
330
17
100
AcDbEntity
  8
aksyazı
100
AcDbPolyline
 90
10
 70
1
 10
-810040.1520807436
 20
-72992.67404842284
 10
-810049.048954702
 20
-73003.6378728887
 10
-810049.048954702
 20
-73019.54440510459
 10
-810042.5785009105
 20
-73027.3628700925
 10
-810067.1123048431
 20
-73027.3628700925
 10
-810065.7642936324
 20
-73028.755815004
 10
-810039.4780751457
 20
-73028.755815004
 10
-810047.835744611
 20
-73018.96026691608
 10
-810047.835744611
 20
-73004.3118784912
 10
-810039.4780751457
 20
-72994.11192704085
  0
LWPOLYLINE
  5
B20
330
17
100
AcDbEntity
  8
aksyazı
100
AcDbPolyline
 90
20
 70
1
 10
-810006.2271320885
 20
-72962.38873002212
 10
-810007.9795466578
 20
-72962.6583322631
 10
-810011.4394420824
 20
-72963.7367412271
 10
-810014.899337507
 20
-72965.5790232066
 10
-810018.2693655184
 20
-72968.18517820258
 10
-810021.6393935374
 20
-72971.51027250756
 10
-810031.1653393795
 20
-72982.29436214641
 10
-810012.4279836332
 20
-73019.94880846608
 10
-810001.509092874
 20
-73027.3628700925
 10
-810031.1653393795
 20
-73027.3628700925
 10
-810029.7274607635
 20
-73028.755815004
 10
-809997.1505233115
 20
-73028.755815004
 10
-810011.6641106149
 20
-73018.96026691608
 10
-810029.7274607635
 20
-72982.29436214641
 10
-810020.7407193995
 20
-72972.31907923054
 10
-810019.3477744824
 20
-72970.836266906
 10
-810015.9328127643
 20
-72967.78077484109
 10
-810012.5178510463
 20
-72965.53408950008
 10
-810009.1028893283
 20
-72964.09621088114
 10
-810005.6429939037
 20
-72963.4671389861
  0
LWPOLYLINE
  5
B21
330
17
100
AcDbEntity
  8
aksyazı
100
AcDbPolyline
 90
6
 70
1
 10
-810043.3423739289
 20
-72960.41164692212
 10
-810049.048954702
 20
-72965.98342656808
 10
-810049.048954702
 20
-72993.30312031787
 10
-810047.835744611
 20
-72991.73044057935
 10
-810047.835744611
 20
-72966.65743217058
 10
-810042.5785009105
 20
-72961.53498959262
  0
LWPOLYLINE
  5
B22
330
17
100
AcDbEntity
  8
aksyazı
100
AcDbPolyline
 90
8
 70
1
 10
-810044.7802525527
 20
-72958.79403347615
 10
-810068.7299182927
 20
-72958.79403347615
 10
-810062.124663382
 20
-72964.90501760412
 10
-810062.124663382
 20
-73018.55586355459
 10
-810069.1343216515
 20
-73024.57698026951
 10
-810045.678926683
 20
-73024.57698026951
 10
-810051.8797782278
 20
-73018.96026691608
 10
-810051.8797782278
 20
-72965.5790232066
  0
LWPOLYLINE
  5
B23
330
17
100
AcDbEntity
  8
xref_antet-100$0$ANTET2
100
AcDbPolyline
 90
5
 70
0
 10
-810507.8921811571
 20
-75258.67659868207
 10
-810507.8921773275
 20
-75012.10066903196
 10
-808647.4751604412
 20
-75012.10066903196
 10
-808647.4751642784
 20
-75258.67659868207
 10
-810507.8921811571
 20
-75258.67659868207
  0
LWPOLYLINE
  5
B24
330
17
100
AcDbEntity
  8
xref_antet-100$0$ANTET2
100
AcDbPolyline
 90
5
 70
0
 10
-810507.8921773722
 20
-74513.66011240147
 10
-808647.4751604935
 20
-74513.66011246014
 10
-808647.4751604935
 20
-74246.62180313747
 10
-810507.8921773722
 20
-74246.6218030788
 10
-810507.8921773722
 20
-74513.66011240147
  0
LWPOLYLINE
  5
B25
330
17
100
AcDbEntity
  8
xref_antet-100$0$ANTET2
100
AcDbPolyline
 90
4
 70
1
 10
-810507.8702558643
 20
-69706.730976969
 10
-808647.453238978
 20
-69706.730976969
 10
-808647.453238978
 20
-70201.52273677848
 10
-810507.8702558643
 20
-70201.52273677848
  0
LWPOLYLINE
  5
B26
330
17
100
AcDbEntity
  8
xref_antet-100$0$NOTYAZILARI
100
AcDbPolyline
 90
4
 70
1
 10
-810496.9746250428
 20
-69776.5659815874
 10
-809492.0729869668
 20
-69776.5659815874
 10
-809492.0729869668
 20
-70173.64345835242
 10
-810496.9746250428
 20
-70173.64345835242
  0
LWPOLYLINE
  5
B27
330
17
100
AcDbEntity
  8
xref_antet-100$0$NOTYAZILARI
100
AcDbPolyline
 90
4
 70
1
 10
-810496.9746250428
 20
-69776.5659815874
 10
-809492.0729869668
 20
-69776.5659815874
 10
-809492.0729869668
 20
-69734.61025539506
 10
-810496.9746250428
 20
-69734.61025539506
  0
LWPOLYLINE
  5
B28
330
17
100
AcDbEntity
  8
xref_antet-100$0$ANTET2
100
AcDbPolyline
 90
4
 70
1
 10
-810507.8633658505
 20
-70221.30742757116
 10
-808647.4921153849
 20
-70221.31428311672
 10
-808647.4990053988
 20
-69686.9461621223
 10
-810507.8702558643
 20
-69686.93930657674
  0
LWPOLYLINE
  5
B29
330
17
100
AcDbEntity
  8
xref_antet-100$0$ANTET2
100
AcDbPolyline
 90
4
 70
1
 10
-810507.8784910952
 20
-66694.71954866126
 10
-808647.5072406223
 20
-66694.7264042059
 10
-808647.4990053988
 20
-69686.9461621223
 10
-810507.8702558643
 20
-69686.93930657674
  0
LWPOLYLINE
  5
B2A
330
17
100
AcDbEntity
  8
VM Pafta
100
AcDbPolyline
 90
4
 70
0
 10
-810012.6737644067
 20
-70802.19537897315
 10
-810081.0332213407
 20
-70702.24183372501
 10
-810046.1202152584
 20
-70418.29729300363
 10
-809926.5162301055
 20
-70331.24234556686
  0
LWPOLYLINE
  5
B2B
330
17
100
AcDbEntity
  8
VM Pafta
100
AcDbPolyline
 90
6
 70
0
 10
-810012.6737644067
 20
-70802.19537897315
 10
-809738.368319056
 20
-70836.76363738439
 10
-809707.5016627078
 20
-70836.48404945247
 10
-809472.1750707469
 20
-70866.25771583058
 10
-809442.3506717747
 20
-70874.2159737274
 10
-809334.3691621115
 20
-70887.96146323439
  0
LWPOLYLINE
  5
B2C
330
17
100
AcDbEntity
  8
xref_antet-100$0$ANTET2
100
AcDbPolyline
 90
4
 70
1
 10
-810507.863889209
 20
-70221.30742756929
 10
-808647.492638736
 20
-70221.31428311484
 10
-808647.4699447146
 20
-71040.10766786616
 10
-810507.8411951801
 20
-71040.10081232153
  0
TEXT
  5
B2D
330
17
100
AcDbEntity
  8
VM Blok İsmi
100
AcDbText
 10
-811976.148242103
 20
-69108.1998721319
 30
0.0
 40
70.0
  1
PARİS
 11
-811976.148242103
 21
-69108.1998721319
 31
0.0
100
AcDbText
  0
TEXT
  5
B2E
330
17
100
AcDbEntity
  8
VM Blok İsmi
100
AcDbText
 10
-811739.0479775114
 20
-69125.91708487138
 30
0.0
 40
70.0
  1
MİLANO
 11
-811739.0479775114
 21
-69125.91708487138
 31
0.0
100
AcDbText
  0
TEXT
  5
B2F
330
17
100
AcDbEntity
  8
VM Blok İsmi
100
AcDbText
 10
-811976.148242103
 20
-71639.802047578
 30
0.0
 40
70.0
  1
PARİS
 11
-811976.148242103
 21
-71639.802047578
 31
0.0
100
AcDbText
  0
TEXT
  5
B30
330
17
100
AcDbEntity
  8
VM Blok İsmi
100
AcDbText
 10
-811739.0479775114
 20
-71644.26657690952
 30
0.0
 40
70.0
  1
MİLANO
 11
-811739.0479775114
 21
-71644.26657690952
 31
0.0
100
AcDbText
  0
TEXT
  5
B31
330
17
100
AcDbEntity
  8
VM Blok İsmi
100
AcDbText
 10
-811976.148242103
 20
-73396.3730504693
 30
0.0
 40
70.0
  1
PARİS
 11
-811976.148242103
 21
-73396.3730504693
 31
0.0
100
AcDbText
  0
TEXT
  5
B32
330
17
100
AcDbEntity
  8
VM Blok İsmi
100
AcDbText
 10
-811739.0479775114
 20
-73403.4653557025
 30
0.0
 40
70.0
  1
MİLANO
 11
-811739.0479775114
 21
-73403.4653557025
 31
0.0
100
AcDbText
  0
TEXT
  5
B33
330
17
100
AcDbEntity
  8
VM Blok İsmi
100
AcDbText
 10
-828102.3581246476
 20
-73254.82473163071
 30
0.0
 40
70.0
  1
PARİS
 11
-828102.3581246476
 21
-73254.82473163071
 31
0.0
100
AcDbText
  0
TEXT
  5
B34
330
17
100
AcDbEntity
  8
VM Blok İsmi
100
AcDbText
 10
-828336.0321425819
 20
-73340.450584291
 30
0.0
 40
70.0
  1
AMSTERDAM
 11
-828336.0321425819
 21
-73340.450584291
 31
0.0
100
AcDbText
  0
TEXT
  5
B35
330
17
100
AcDbEntity
  8
VM Blok İsmi
100
AcDbText
 10
-828102.3581246476
 20
-69671.90339322478
 30
0.0
 40
70.0
  1
PARİS
 11
-828102.3581246476
 21
-69671.90339322478
 31
0.0
100
AcDbText
  0
TEXT
  5
B36
330
17
100
AcDbEntity
  8
VM Blok İsmi
100
AcDbText
 10
-828336.0321425819
 20
-69759.22945012499
 30
0.0
 40
70.0
  1
AMSTERDAM
 11
-828336.0321425819
 21
-69759.22945012499
 31
0.0
100
AcDbText
  0
TEXT
  5
B37
330
17
100
AcDbEntity
  8
VM Blok İsmi
100
AcDbText
 10
-824032.1429798388
 20
-71006.1348272626
 30
0.0
 40
70.0
  1
B4-BLOK
 11
-824032.1429798388
 21
-71006.1348272626
 31
0.0
100
AcDbText
  0
TEXT
  5
B38
330
17
100
AcDbEntity
  8
VM Blok İsmi
100
AcDbText
 10
-817128.9590374767
 20
-71006.1348272626
 30
0.0
 40
70.0
  1
B1-BLOK
 11
-817128.9590374767
 21
-71006.1348272626
 31
0.0
100
AcDbText
  0
TEXT
  5
B39
330
17
100
AcDbEntity
  8
VM Blok İsmi
100
AcDbText
 10
-821724.6505327472
 20
-70993.09647296334
 30
0.0
 40
70.0
  1
PARİS
 11
-821724.6505327472
 21
-70993.09647296334
 31
0.0
100
AcDbText
  0
TEXT
  5
B3A
330
17
100
AcDbEntity
  8
VM Blok İsmi
100
AcDbText
 10
-817258.3234702713
 20
-67697.59701579565
 30
0.0
 40
70.0
  1
B2-BLOK
 11
-817258.3234702713
 21
-67697.59701579565
 31
0.0
100
AcDbText
  0
TEXT
  5
B3B
330
17
100
AcDbEntity
  8
VM Blok İsmi
100
AcDbText
 10
-824277.9082353056
 20
-67732.12424004404
 30
0.0
 40
70.0
  1
B3-BLOK
 11
-824277.9082353056
 21
-67732.12424004404
 31
0.0
100
AcDbText
  0
TEXT
  5
B3C
330
17
100
AcDbEntity
  8
VM Blok İsmi
100
AcDbText
 10
-821724.6505327472
 20
-67720.16982586356
 30
0.0
 40
70.0
  1
PARİS
 11
-821724.6505327472
 21
-67720.16982586356
 31
0.0
100
AcDbText
  0
TEXT
  5
B3D
330
17
100
AcDbEntity
  8
VM Kot kesit
100
AcDbText
 10
-815171.7506441975
 20
-74815.49995211675
 30
0.0
 40
20.0
  1
-3.33
 11
-815171.7506441975
 21
-74815.49995211675
 31
0.0
100
AcDbText
  0
TEXT
  5
B3E
330
17
100
AcDbEntity
  8
VM Kot kesit
100
AcDbText
 10
-815171.7506441975
 20
-74885.49995211673
 30
0.0
 40
20.0
  1
-4.03
 11
-815171.7506441975
 21
-74885.49995211673
 31
0.0
100
AcDbText
  0
TEXT
  5
B3F
330
17
100
AcDbEntity
  8
KM Temel Alt Bilgi Yazısı
100
AcDbText
 10
-815448.321555035
 20
-74969.97197845636
 30
0.0
 40
12.5
  1
RADYE TEMEL
 11
-815448.321555035
 21
-74969.97197845636
 31
0.0
100
AcDbText
  0
TEXT
  5
B40
330
17
100
AcDbEntity
  8
KM Temel Alt Bilgi Yazısı
100
AcDbText
 10
-815448.321555035
 20
-74994.44035609823
 30
0.0
 40
12.5
  1
KORUMA ŞAPI (5cm)
 11
-815448.321555035
 21
-74994.44035609823
 31
0.0
100
AcDbText
  0
TEXT
  5
B41
330
17
100
AcDbEntity
  8
KM Temel Alt Bilgi Yazısı
100
AcDbText
 10
-815448.321555035
 20
-75018.90873374009
 30
0.0
 40
12.5
  1
BİTUMLU ÇİFT KAT İZALASYON 
 11
-815448.321555035
 21
-75018.90873374009
 31
0.0
100
AcDbText
  0
TEXT
  5
B42
330
17
100
AcDbEntity
  8
KM Temel Alt Bilgi Yazısı
100
AcDbText
 10
-815448.321555035
 20
-75043.37711138195
 30
0.0
 40
12.5
  1
GROBETON (10CM C14) 
 11
-815448.321555035
 21
-75043.37711138195
 31
0.0
100
AcDbText
  0
TEXT
  5
B43
330
17
100
AcDbEntity
  8
KM Temel Alt Bilgi Yazısı
100
AcDbText
 10
-815448.321555035
 20
-75067.84548902384
 30
0.0
 40
12.5
  1
BLOKAJ (10CM) 
 11
-815448.321555035
 21
-75067.84548902384
 31
0.0
100
AcDbText
  0
TEXT
  5
B44
330
17
100
AcDbEntity
  8
VM Kot kesit
100
AcDbText
 10
-822233.7969750912
 20
-74815.49995211675
 30
0.0
 40
20.0
  1
-3.33
 11
-822233.7969750912
 21
-74815.49995211675
 31
0.0
100
AcDbText
  0
TEXT
  5
B45
330
17
100
AcDbEntity
  8
VM Kot kesit
100
AcDbText
 10
-822233.7969750912
 20
-74885.49995211673
 30
0.0
 40
20.0
  1
-4.03
 11
-822233.7969750912
 21
-74885.49995211673
 31
0.0
100
AcDbText
  0
TEXT
  5
B46
330
17
100
AcDbEntity
  8
KM Temel Alt Bilgi Yazısı
100
AcDbText
 10
-822331.6668662949
 20
-74969.97197845636
 30
0.0
 40
12.5
  1
RADYE TEMEL
 11
-822331.6668662949
 21
-74969.97197845636
 31
0.0
100
AcDbText
  0
TEXT
  5
B47
330
17
100
AcDbEntity
  8
KM Temel Alt Bilgi Yazısı
100
AcDbText
 10
-822331.6668662949
 20
-74994.44035609823
 30
0.0
 40
12.5
  1
KORUMA ŞAPI (5cm)
 11
-822331.6668662949
 21
-74994.44035609823
 31
0.0
100
AcDbText
  0
TEXT
  5
B48
330
17
100
AcDbEntity
  8
KM Temel Alt Bilgi Yazısı
100
AcDbText
 10
-822331.6668662949
 20
-75018.90873374009
 30
0.0
 40
12.5
  1
BİTUMLU ÇİFT KAT İZALASYON 
 11
-822331.6668662949
 21
-75018.90873374009
 31
0.0
100
AcDbText
  0
TEXT
  5
B49
330
17
100
AcDbEntity
  8
KM Temel Alt Bilgi Yazısı
100
AcDbText
 10
-822331.6668662949
 20
-75043.37711138195
 30
0.0
 40
12.5
  1
GROBETON (10CM C14) 
 11
-822331.6668662949
 21
-75043.37711138195
 31
0.0
100
AcDbText
  0
TEXT
  5
B4A
330
17
100
AcDbEntity
  8
KM Temel Alt Bilgi Yazısı
100
AcDbText
 10
-822331.6668662949
 20
-75067.84548902384
 30
0.0
 40
12.5
  1
BLOKAJ (10CM) 
 11
-822331.6668662949
 21
-75067.84548902384
 31
0.0
100
AcDbText
  0
TEXT
  5
B4B
330
17
100
AcDbEntity
  8
VM Kot kesit
100
AcDbText
 10
-817996.2116710676
 20
-74815.49995211675
 30
0.0
 40
20.0
  1
-3.33
 11
-817996.2116710676
 21
-74815.49995211675
 31
0.0
100
AcDbText
  0
TEXT
  5
B4C
330
17
100
AcDbEntity
  8
VM Kot kesit
100
AcDbText
 10
-817996.2116710676
 20
-74885.49995211673
 30
0.0
 40
20.0
  1
-4.03
 11
-817996.2116710676
 21
-74885.49995211673
 31
0.0
100
AcDbText
  0
TEXT
  5
B4D
330
17
100
AcDbEntity
  8
KM Temel Alt Bilgi Yazısı
100
AcDbText
 10
-818094.0815622713
 20
-74969.97197845636
 30
0.0
 40
12.5
  1
RADYE TEMEL
 11
-818094.0815622713
 21
-74969.97197845636
 31
0.0
100
AcDbText
  0
TEXT
  5
B4E
330
17
100
AcDbEntity
  8
KM Temel Alt Bilgi Yazısı
100
AcDbText
 10
-818094.0815622713
 20
-74994.44035609823
 30
0.0
 40
12.5
  1
KORUMA ŞAPI (5cm)
 11
-818094.0815622713
 21
-74994.44035609823
 31
0.0
100
AcDbText
  0
TEXT
  5
B4F
330
17
100
AcDbEntity
  8
KM Temel Alt Bilgi Yazısı
100
AcDbText
 10
-818094.0815622713
 20
-75018.90873374009
 30
0.0
 40
12.5
  1
BİTUMLU ÇİFT KAT İZALASYON 
 11
-818094.0815622713
 21
-75018.90873374009
 31
0.0
100
AcDbText
  0
TEXT
  5
B50
330
17
100
AcDbEntity
  8
KM Temel Alt Bilgi Yazısı
100
AcDbText
 10
-818094.0815622713
 20
-75043.37711138195
 30
0.0
 40
12.5
  1
GROBETON (10CM C14) 
 11
-818094.0815622713
 21
-75043.37711138195
 31
0.0
100
AcDbText
  0
TEXT
  5
B51
330
17
100
AcDbEntity
  8
KM Temel Alt Bilgi Yazısı
100
AcDbText
 10
-818094.0815622713
 20
-75067.84548902384
 30
0.0
 40
12.5
  1
BLOKAJ (10CM) 
 11
-818094.0815622713
 21
-75067.84548902384
 31
0.0
100
AcDbText
  0
TEXT
  5
B52
330
17
100
AcDbEntity
  8
VM Kot kesit
100
AcDbText
 10
-820334.3624132427
 20
-74815.49995211675
 30
0.0
 40
20.0
  1
-3.33
 11
-820334.3624132427
 21
-74815.49995211675
 31
0.0
100
AcDbText
  0
TEXT
  5
B53
330
17
100
AcDbEntity
  8
VM Kot kesit
100
AcDbText
 10
-820334.3624132427
 20
-74885.49995211673
 30
0.0
 40
20.0
  1
-4.03
 11
-820334.3624132427
 21
-74885.49995211673
 31
0.0
100
AcDbText
  0
TEXT
  5
B54
330
17
100
AcDbEntity
  8
KM Temel Alt Bilgi Yazısı
100
AcDbText
 10
-820432.2323044463
 20
-74969.97197845636
 30
0.0
 40
12.5
  1
RADYE TEMEL
 11
-820432.2323044463
 21
-74969.97197845636
 31
0.0
100
AcDbText
  0
TEXT
  5
B55
330
17
100
AcDbEntity
  8
KM Temel Alt Bilgi Yazısı
100
AcDbText
 10
-820432.2323044463
 20
-74994.44035609823
 30
0.0
 40
12.5
  1
KORUMA ŞAPI (5cm)
 11
-820432.2323044463
 21
-74994.44035609823
 31
0.0
100
AcDbText
  0
TEXT
  5
B56
330
17
100
AcDbEntity
  8
KM Temel Alt Bilgi Yazısı
100
AcDbText
 10
-820432.2323044463
 20
-75018.90873374009
 30
0.0
 40
12.5
  1
BİTUMLU ÇİFT KAT İZALASYON 
 11
-820432.2323044463
 21
-75018.90873374009
 31
0.0
100
AcDbText
  0
TEXT
  5
B57
330
17
100
AcDbEntity
  8
KM Temel Alt Bilgi Yazısı
100
AcDbText
 10
-820432.2323044463
 20
-75043.37711138195
 30
0.0
 40
12.5
  1
GROBETON (10CM C14) 
 11
-820432.2323044463
 21
-75043.37711138195
 31
0.0
100
AcDbText
  0
TEXT
  5
B58
330
17
100
AcDbEntity
  8
KM Temel Alt Bilgi Yazısı
100
AcDbText
 10
-820432.2323044463
 20
-75067.84548902384
 30
0.0
 40
12.5
  1
BLOKAJ (10CM) 
 11
-820432.2323044463
 21
-75067.84548902384
 31
0.0
100
AcDbText
  0
TEXT
  5
B59
330
17
100
AcDbEntity
  8
VM Kot kesit
100
AcDbText
 10
-824903.8741612366
 20
-74815.49995211675
 30
0.0
 40
20.0
  1
-3.33
 11
-824903.8741612366
 21
-74815.49995211675
 31
0.0
100
AcDbText
  0
TEXT
  5
B5A
330
17
100
AcDbEntity
  8
VM Kot kesit
100
AcDbText
 10
-824903.8741612366
 20
-74885.49995211673
 30
0.0
 40
20.0
  1
-4.03
 11
-824903.8741612366
 21
-74885.49995211673
 31
0.0
100
AcDbText
  0
TEXT
  5
B5B
330
17
100
AcDbEntity
  8
KM Temel Alt Bilgi Yazısı
100
AcDbText
 10
-825001.7440524404
 20
-74969.97197845636
 30
0.0
 40
12.5
  1
RADYE TEMEL
 11
-825001.7440524404
 21
-74969.97197845636
 31
0.0
100
AcDbText
  0
TEXT
  5
B5C
330
17
100
AcDbEntity
  8
KM Temel Alt Bilgi Yazısı
100
AcDbText
 10
-825001.7440524404
 20
-74994.44035609823
 30
0.0
 40
12.5
  1
KORUMA ŞAPI (5cm)
 11
-825001.7440524404
 21
-74994.44035609823
 31
0.0
100
AcDbText
  0
TEXT
  5
B5D
330
17
100
AcDbEntity
  8
KM Temel Alt Bilgi Yazısı
100
AcDbText
 10
-825001.7440524404
 20
-75018.90873374009
 30
0.0
 40
12.5
  1
BİTUMLU ÇİFT KAT İZALASYON 
 11
-825001.7440524404
 21
-75018.90873374009
 31
0.0
100
AcDbText
  0
TEXT
  5
B5E
330
17
100
AcDbEntity
  8
KM Temel Alt Bilgi Yazısı
100
AcDbText
 10
-825001.7440524404
 20
-75043.37711138195
 30
0.0
 40
12.5
  1
GROBETON (10CM C14) 
 11
-825001.7440524404
 21
-75043.37711138195
 31
0.0
100
AcDbText
  0
TEXT
  5
B5F
330
17
100
AcDbEntity
  8
KM Temel Alt Bilgi Yazısı
100
AcDbText
 10
-825001.7440524404
 20
-75067.84548902384
 30
0.0
 40
12.5
  1
BLOKAJ (10CM) 
 11
-825001.7440524404
 21
-75067.84548902384
 31
0.0
100
AcDbText
  0
TEXT
  5
B60
330
17
100
AcDbEntity
  8
VM Kot kesit
100
AcDbText
 10
-826663.7186492381
 20
-74815.49995211675
 30
0.0
 40
20.0
  1
-3.33
 11
-826663.7186492381
 21
-74815.49995211675
 31
0.0
100
AcDbText
  0
TEXT
  5
B61
330
17
100
AcDbEntity
  8
VM Kot kesit
100
AcDbText
 10
-826663.7186492381
 20
-74885.49995211673
 30
0.0
 40
20.0
  1
-4.03
 11
-826663.7186492381
 21
-74885.49995211673
 31
0.0
100
AcDbText
  0
TEXT
  5
B62
330
17
100
AcDbEntity
  8
KM Temel Alt Bilgi Yazısı
100
AcDbText
 10
-826761.5885404419
 20
-74969.97197845636
 30
0.0
 40
12.5
  1
RADYE TEMEL
 11
-826761.5885404419
 21
-74969.97197845636
 31
0.0
100
AcDbText
  0
TEXT
  5
B63
330
17
100
AcDbEntity
  8
KM Temel Alt Bilgi Yazısı
100
AcDbText
 10
-826761.5885404419
 20
-74994.44035609823
 30
0.0
 40
12.5
  1
KORUMA ŞAPI (5cm)
 11
-826761.5885404419
 21
-74994.44035609823
 31
0.0
100
AcDbText
  0
TEXT
  5
B64
330
17
100
AcDbEntity
  8
KM Temel Alt Bilgi Yazısı
100
AcDbText
 10
-826761.5885404419
 20
-75018.90873374009
 30
0.0
 40
12.5
  1
BİTUMLU ÇİFT KAT İZALASYON 
 11
-826761.5885404419
 21
-75018.90873374009
 31
0.0
100
AcDbText
  0
TEXT
  5
B65
330
17
100
AcDbEntity
  8
KM Temel Alt Bilgi Yazısı
100
AcDbText
 10
-826761.5885404419
 20
-75043.37711138195
 30
0.0
 40
12.5
  1
GROBETON (10CM C14) 
 11
-826761.5885404419
 21
-75043.37711138195
 31
0.0
100
AcDbText
  0
TEXT
  5
B66
330
17
100
AcDbEntity
  8
KM Temel Alt Bilgi Yazısı
100
AcDbText
 10
-826761.5885404419
 20
-75067.84548902384
 30
0.0
 40
12.5
  1
BLOKAJ (10CM) 
 11
-826761.5885404419
 21
-75067.84548902384
 31
0.0
100
AcDbText
  0
TEXT
  5
B67
330
17
100
AcDbEntity
  8
VM Kot kesit
100
AcDbText
 10
-812444.1419666501
 20
-74815.49995211675
 30
0.0
 40
20.0
  1
-3.33
 11
-812444.1419666501
 21
-74815.49995211675
 31
0.0
100
AcDbText
  0
TEXT
  5
B68
330
17
100
AcDbEntity
  8
KM Temel Alt Bilgi Yazısı
100
AcDbText
 10
-812542.0118578537
 20
-74969.97197845636
 30
0.0
 40
12.5
  1
RADYE TEMEL
 11
-812542.0118578537
 21
-74969.97197845636
 31
0.0
100
AcDbText
  0
TEXT
  5
B69
330
17
100
AcDbEntity
  8
KM Temel Alt Bilgi Yazısı
100
AcDbText
 10
-812542.0118578537
 20
-74994.44035609823
 30
0.0
 40
12.5
  1
KORUMA ŞAPI (5cm)
 11
-812542.0118578537
 21
-74994.44035609823
 31
0.0
100
AcDbText
  0
TEXT
  5
B6A
330
17
100
AcDbEntity
  8
KM Temel Alt Bilgi Yazısı
100
AcDbText
 10
-812542.0118578537
 20
-75018.90873374009
 30
0.0
 40
12.5
  1
BİTUMLU ÇİFT KAT İZALASYON 
 11
-812542.0118578537
 21
-75018.90873374009
 31
0.0
100
AcDbText
  0
TEXT
  5
B6B
330
17
100
AcDbEntity
  8
KM Temel Alt Bilgi Yazısı
100
AcDbText
 10
-812542.0118578537
 20
-75043.37711138195
 30
0.0
 40
12.5
  1
GROBETON (10CM C14) 
 11
-812542.0118578537
 21
-75043.37711138195
 31
0.0
100
AcDbText
  0
TEXT
  5
B6C
330
17
100
AcDbEntity
  8
KM Temel Alt Bilgi Yazısı
100
AcDbText
 10
-812542.0118578537
 20
-75067.84548902384
 30
0.0
 40
12.5
  1
BLOKAJ (10CM) 
 11
-812542.0118578537
 21
-75067.84548902384
 31
0.0
100
AcDbText
  0
TEXT
  5
B6D
330
17
100
AcDbEntity
  8
VM Kot kesit
100
AcDbText
 10
-827850.0926984367
 20
-74815.49995211675
 30
0.0
 40
20.0
  1
-3.33
 11
-827850.0926984367
 21
-74815.49995211675
 31
0.0
100
AcDbText
  0
TEXT
  5
B6E
330
17
100
AcDbEntity
  8
KM Temel Alt Bilgi Yazısı
100
AcDbText
 10
-827947.9625896405
 20
-74969.97197845636
 30
0.0
 40
12.5
  1
RADYE TEMEL
 11
-827947.9625896405
 21
-74969.97197845636
 31
0.0
100
AcDbText
  0
TEXT
  5
B6F
330
17
100
AcDbEntity
  8
KM Temel Alt Bilgi Yazısı
100
AcDbText
 10
-827947.9625896405
 20
-74994.44035609823
 30
0.0
 40
12.5
  1
KORUMA ŞAPI (5cm)
 11
-827947.9625896405
 21
-74994.44035609823
 31
0.0
100
AcDbText
  0
TEXT
  5
B70
330
17
100
AcDbEntity
  8
KM Temel Alt Bilgi Yazısı
100
AcDbText
 10
-827947.9625896405
 20
-75018.90873374009
 30
0.0
 40
12.5
  1
BİTUMLU ÇİFT KAT İZALASYON 
 11
-827947.9625896405
 21
-75018.90873374009
 31
0.0
100
AcDbText
  0
TEXT
  5
B71
330
17
100
AcDbEntity
  8
KM Temel Alt Bilgi Yazısı
100
AcDbText
 10
-827947.9625896405
 20
-75043.37711138195
 30
0.0
 40
12.5
  1
GROBETON (10CM C14) 
 11
-827947.9625896405
 21
-75043.37711138195
 31
0.0
100
AcDbText
  0
TEXT
  5
B72
330
17
100
AcDbEntity
  8
KM Temel Alt Bilgi Yazısı
100
AcDbText
 10
-827947.9625896405
 20
-75067.84548902384
 30
0.0
 40
12.5
  1
BLOKAJ (10CM) 
 11
-827947.9625896405
 21
-75067.84548902384
 31
0.0
100
AcDbText
  0
TEXT
  5
B73
330
17
100
AcDbEntity
  8
VM Kesit Yazı
100
AcDbText
 10
-821013.8144676891
 20
-74997.61391427869
 30
0.0
 40
25.0
  1
%%UB-B KESİTİ Ölçek:1/100
 11
-821013.8144676891
 21
-74997.61391427869
 31
0.0
100
AcDbText
  0
TEXT
  5
B74
330
17
100
AcDbEntity
  8
VM Kot kesit
100
AcDbText
 10
-824249.8196293055
 20
-74965.49995211673
 30
0.0
 40
20.0
  1
-4.83
 11
-824249.8196293055
 21
-74965.49995211673
 31
0.0
100
AcDbText
  0
TEXT
  5
B75
330
17
100
AcDbEntity
  8
VM Kot kesit
100
AcDbText
 10
-824249.8196293055
 20
-75039.49995211663
 30
0.0
 40
20.0
  1
-5.53
 11
-824249.8196293055
 21
-75039.49995211663
 31
0.0
100
AcDbText
  0
TEXT
  5
B76
330
17
100
AcDbEntity
  8
VM Kot kesit
100
AcDbText
 10
-824249.8196293055
 20
-74815.49995211675
 30
0.0
 40
20.0
  1
-3.33
 11
-824249.8196293055
 21
-74815.49995211675
 31
0.0
100
AcDbText
  0
TEXT
  5
B77
330
17
100
AcDbEntity
  8
VM Kot kesit
100
AcDbText
 10
-817336.8157077968
 20
-74965.49995211673
 30
0.0
 40
20.0
  1
-4.83
 11
-817336.8157077968
 21
-74965.49995211673
 31
0.0
100
AcDbText
  0
TEXT
  5
B78
330
17
100
AcDbEntity
  8
VM Kot kesit
100
AcDbText
 10
-817336.8157077968
 20
-75039.49995211663
 30
0.0
 40
20.0
  1
-5.53
 11
-817336.8157077968
 21
-75039.49995211663
 31
0.0
100
AcDbText
  0
TEXT
  5
B79
330
17
100
AcDbEntity
  8
VM Kot kesit
100
AcDbText
 10
-817336.8157077968
 20
-74815.49995211675
 30
0.0
 40
20.0
  1
-3.33
 11
-817336.8157077968
 21
-74815.49995211675
 31
0.0
100
AcDbText
  0
TEXT
  5
B7A
330
17
100
AcDbEntity
  8
VM Kot kesit
100
AcDbText
 10
-816279.9342522577
 20
-74965.49995211673
 30
0.0
 40
20.0
  1
-4.83
 11
-816279.9342522577
 21
-74965.49995211673
 31
0.0
100
AcDbText
  0
TEXT
  5
B7B
330
17
100
AcDbEntity
  8
VM Kot kesit
100
AcDbText
 10
-816277.4580617815
 20
-75039.49995211675
 30
0.0
 40
20.0
  1
-5.53
 11
-816277.4580617815
 21
-75039.49995211675
 31
0.0
100
AcDbText
  0
TEXT
  5
B7C
330
17
100
AcDbEntity
  8
VM Kot kesit
100
AcDbText
 10
-816279.9342522577
 20
-74815.49995211675
 30
0.0
 40
20.0
  1
-3.33
 11
-816279.9342522577
 21
-74815.49995211675
 31
0.0
100
AcDbText
  0
TEXT
  5
B7D
330
17
100
AcDbEntity
  8
VM Kot kesit
100
AcDbText
 10
-823192.9334053949
 20
-74965.49995211582
 30
0.0
 40
20.0
  1
-4.83
 11
-823192.9334053949
 21
-74965.49995211582
 31
0.0
100
AcDbText
  0
TEXT
  5
B7E
330
17
100
AcDbEntity
  8
VM Kot kesit
100
AcDbText
 10
-823190.4572149188
 20
-75039.4999521157
 30
0.0
 40
20.0
  1
-5.53
 11
-823190.4572149188
 21
-75039.4999521157
 31
0.0
100
AcDbText
  0
TEXT
  5
B7F
330
17
100
AcDbEntity
  8
VM Kot kesit
100
AcDbText
 10
-823192.9334053949
 20
-74815.49995211582
 30
0.0
 40
20.0
  1
-3.33
 11
-823192.9334053949
 21
-74815.49995211582
 31
0.0
100
AcDbText
  0
TEXT
  5
B80
330
17
100
AcDbEntity
  8
VM Kot kesit
100
AcDbText
 10
-823940.3049535006
 20
-74965.49995211582
 30
0.0
 40
20.0
  1
-4.83
 11
-823940.3049535006
 21
-74965.49995211582
 31
0.0
100
AcDbText
  0
TEXT
  5
B81
330
17
100
AcDbEntity
  8
VM Kot kesit
100
AcDbText
 10
-823937.8287630243
 20
-75039.4999521157
 30
0.0
 40
20.0
  1
-5.53
 11
-823937.8287630243
 21
-75039.4999521157
 31
0.0
100
AcDbText
  0
TEXT
  5
B82
330
17
100
AcDbEntity
  8
VM Kot kesit
100
AcDbText
 10
-823940.3049535006
 20
-74815.49995211582
 30
0.0
 40
20.0
  1
-3.33
 11
-823940.3049535006
 21
-74815.49995211582
 31
0.0
100
AcDbText
  0
TEXT
  5
B83
330
17
100
AcDbEntity
  8
VM Kot kesit
100
AcDbText
 10
-817013.5333204868
 20
-74965.49995211582
 30
0.0
 40
20.0
  1
-4.83
 11
-817013.5333204868
 21
-74965.49995211582
 31
0.0
100
AcDbText
  0
TEXT
  5
B84
330
17
100
AcDbEntity
  8
VM Kot kesit
100
AcDbText
 10
-817011.0571300104
 20
-75039.4999521157
 30
0.0
 40
20.0
  1
-5.53
 11
-817011.0571300104
 21
-75039.4999521157
 31
0.0
100
AcDbText
  0
TEXT
  5
B85
330
17
100
AcDbEntity
  8
VM Kot kesit
100
AcDbText
 10
-817013.5333204868
 20
-74815.49995211582
 30
0.0
 40
20.0
  1
-3.33
 11
-817013.5333204868
 21
-74815.49995211582
 31
0.0
100
AcDbText
  0
TEXT
  5
B86
330
17
100
AcDbEntity
  8
VM Kot kesit
100
AcDbText
 10
-810873.3020562344
 20
-71104.82918657782
 30
0.0
 40
20.0
  1
-3.33
 11
-810873.3020562344
 21
-71104.82918657782
 31
0.0
100
AcDbText
  0
TEXT
  5
B87
330
17
100
AcDbEntity
  8
VM Kot kesit
100
AcDbText
 10
-810803.3020562344
 20
-71104.82918657782
 30
0.0
 40
20.0
  1
-4.03
 11
-810803.3020562344
 21
-71104.82918657782
 31
0.0
100
AcDbText
  0
TEXT
  5
B88
330
17
100
AcDbEntity
  8
KM Temel Alt Bilgi Yazısı
100
AcDbText
 10
-810718.830029895
 20
-71202.69907778152
 30
0.0
 40
12.5
  1
RADYE TEMEL
 11
-810718.830029895
 21
-71202.69907778152
 31
0.0
100
AcDbText
  0
TEXT
  5
B89
330
17
100
AcDbEntity
  8
KM Temel Alt Bilgi Yazısı
100
AcDbText
 10
-810694.361652253
 20
-71202.69907778152
 30
0.0
 40
12.5
  1
KORUMA ŞAPI (5cm)
 11
-810694.361652253
 21
-71202.69907778152
 31
0.0
100
AcDbText
  0
TEXT
  5
B8A
330
17
100
AcDbEntity
  8
KM Temel Alt Bilgi Yazısı
100
AcDbText
 10
-810669.8932746111
 20
-71202.69907778152
 30
0.0
 40
12.5
  1
BİTUMLU ÇİFT KAT İZALASYON 
 11
-810669.8932746111
 21
-71202.69907778152
 31
0.0
100
AcDbText
  0
TEXT
  5
B8B
330
17
100
AcDbEntity
  8
KM Temel Alt Bilgi Yazısı
100
AcDbText
 10
-810645.4248969693
 20
-71202.69907778152
 30
0.0
 40
12.5
  1
GROBETON (10CM C14) 
 11
-810645.4248969693
 21
-71202.69907778152
 31
0.0
100
AcDbText
  0
TEXT
  5
B8C
330
17
100
AcDbEntity
  8
KM Temel Alt Bilgi Yazısı
100
AcDbText
 10
-810620.9565193272
 20
-71202.69907778152
 30
0.0
 40
12.5
  1
BLOKAJ (10CM) 
 11
-810620.9565193272
 21
-71202.69907778152
 31
0.0
100
AcDbText
  0
TEXT
  5
B8D
330
17
100
AcDbEntity
  8
VM Kot kesit
100
AcDbText
 10
-810873.3020562344
 20
-72164.33580565127
 30
0.0
 40
20.0
  1
-3.33
 11
-810873.3020562344
 21
-72164.33580565127
 31
0.0
100
AcDbText
  0
TEXT
  5
B8E
330
17
100
AcDbEntity
  8
VM Kot kesit
100
AcDbText
 10
-810803.3020562344
 20
-72164.33580565127
 30
0.0
 40
20.0
  1
-4.03
 11
-810803.3020562344
 21
-72164.33580565127
 31
0.0
100
AcDbText
  0
TEXT
  5
B8F
330
17
100
AcDbEntity
  8
VM Kot kesit
100
AcDbText
 10
-810873.3020562344
 20
-70218.41789420648
 30
0.0
 40
20.0
  1
-3.33
 11
-810873.3020562344
 21
-70218.41789420648
 31
0.0
100
AcDbText
  0
TEXT
  5
B90
330
17
100
AcDbEntity
  8
VM Kot kesit
100
AcDbText
 10
-810803.3020562344
 20
-70218.41789420648
 30
0.0
 40
20.0
  1
-4.03
 11
-810803.3020562344
 21
-70218.41789420648
 31
0.0
100
AcDbText
  0
TEXT
  5
B91
330
17
100
AcDbEntity
  8
VM Kot kesit
100
AcDbText
 10
-810873.3020562344
 20
-68666.52578715316
 30
0.0
 40
20.0
  1
-3.33
 11
-810873.3020562344
 21
-68666.52578715316
 31
0.0
100
AcDbText
  0
TEXT
  5
B92
330
17
100
AcDbEntity
  8
VM Kot kesit
100
AcDbText
 10
-810803.3020562344
 20
-68666.52578715316
 30
0.0
 40
20.0
  1
-4.03
 11
-810803.3020562344
 21
-68666.52578715316
 31
0.0
100
AcDbText
  0
TEXT
  5
B93
330
17
100
AcDbEntity
  8
VM Kot kesit
100
AcDbText
 10
-810873.3020562344
 20
-67765.4191762287
 30
0.0
 40
20.0
  1
-3.33
 11
-810873.3020562344
 21
-67765.4191762287
 31
0.0
100
AcDbText
  0
TEXT
  5
B94
330
17
100
AcDbEntity
  8
VM Kot kesit
100
AcDbText
 10
-810803.3020562344
 20
-67765.4191762287
 30
0.0
 40
20.0
  1
-4.03
 11
-810803.3020562344
 21
-67765.4191762287
 31
0.0
100
AcDbText
  0
TEXT
  5
B95
330
17
100
AcDbEntity
  8
VM Kot kesit
100
AcDbText
 10
-810873.3020562344
 20
-73266.17936898279
 30
0.0
 40
20.0
  1
-3.33
 11
-810873.3020562344
 21
-73266.17936898279
 31
0.0
100
AcDbText
  0
TEXT
  5
B96
330
17
100
AcDbEntity
  8
VM Kesit Yazı
100
AcDbText
 10
-810646.4008796045
 20
-68341.74877675423
 30
0.0
 40
25.0
  1
%%UD-D KESİTİ Ölçek:1/100
 11
-810646.4008796045
 21
-68341.74877675423
 31
0.0
100
AcDbText
  0
TEXT
  5
B97
330
17
100
AcDbEntity
  8
KM Temel Alt Bilgi Yazısı
100
AcDbText
 10
-810745.086584737
 20
-72702.65280232357
 30
0.0
 40
12.5
  1
RADYE TEMEL
 11
-810745.086584737
 21
-72702.65280232357
 31
0.0
100
AcDbText
  0
TEXT
  5
B98
330
17
100
AcDbEntity
  8
KM Temel Alt Bilgi Yazısı
100
AcDbText
 10
-810720.6182070951
 20
-72702.65280232357
 30
0.0
 40
12.5
  1
KORUMA ŞAPI (5cm)
 11
-810720.6182070951
 21
-72702.65280232357
 31
0.0
100
AcDbText
  0
TEXT
  5
B99
330
17
100
AcDbEntity
  8
KM Temel Alt Bilgi Yazısı
100
AcDbText
 10
-810696.1498294534
 20
-72702.65280232357
 30
0.0
 40
12.5
  1
BİTUMLU ÇİFT KAT İZALASYON 
 11
-810696.1498294534
 21
-72702.65280232357
 31
0.0
100
AcDbText
  0
TEXT
  5
B9A
330
17
100
AcDbEntity
  8
KM Temel Alt Bilgi Yazısı
100
AcDbText
 10
-810671.6814518113
 20
-72702.65280232357
 30
0.0
 40
12.5
  1
GROBETON (10CM C14) 
 11
-810671.6814518113
 21
-72702.65280232357
 31
0.0
100
AcDbText
  0
TEXT
  5
B9B
330
17
100
AcDbEntity
  8
KM Temel Alt Bilgi Yazısı
100
AcDbText
 10
-810647.2130741696
 20
-72702.65280232357
 30
0.0
 40
12.5
  1
BLOKAJ (10CM) 
 11
-810647.2130741696
 21
-72702.65280232357
 31
0.0
100
AcDbText
  0
TEXT
  5
B9C
330
17
100
AcDbEntity
  8
KM Temel Alt Bilgi Yazısı
100
AcDbText
 10
-810745.086584737
 20
-69546.87617189635
 30
0.0
 40
12.5
  1
RADYE TEMEL
 11
-810745.086584737
 21
-69546.87617189635
 31
0.0
100
AcDbText
  0
TEXT
  5
B9D
330
17
100
AcDbEntity
  8
KM Temel Alt Bilgi Yazısı
100
AcDbText
 10
-810720.6182070951
 20
-69546.87617189635
 30
0.0
 40
12.5
  1
KORUMA ŞAPI (5cm)
 11
-810720.6182070951
 21
-69546.87617189635
 31
0.0
100
AcDbText
  0
TEXT
  5
B9E
330
17
100
AcDbEntity
  8
KM Temel Alt Bilgi Yazısı
100
AcDbText
 10
-810696.1498294534
 20
-69546.87617189635
 30
0.0
 40
12.5
  1
BİTUMLU ÇİFT KAT İZALASYON 
 11
-810696.1498294534
 21
-69546.87617189635
 31
0.0
100
AcDbText
  0
TEXT
  5
B9F
330
17
100
AcDbEntity
  8
KM Temel Alt Bilgi Yazısı
100
AcDbText
 10
-810671.6814518113
 20
-69546.87617189635
 30
0.0
 40
12.5
  1
GROBETON (10CM C14) 
 11
-810671.6814518113
 21
-69546.87617189635
 31
0.0
100
AcDbText
  0
TEXT
  5
BA0
330
17
100
AcDbEntity
  8
KM Temel Alt Bilgi Yazısı
100
AcDbText
 10
-810647.2130741696
 20
-69546.87617189635
 30
0.0
 40
12.5
  1
BLOKAJ (10CM) 
 11
-810647.2130741696
 21
-69546.87617189635
 31
0.0
100
AcDbText
  0
TEXT
  5
BA1
330
17
100
AcDbEntity
  8
KM İç Ölçü 100
100
AcDbText
 10
-825475.6905841404
 20
-67623.20168532827
 30
0.0
 40
20.0
  1
\A1;2450
 11
-825475.6905841404
 21
-67623.20168532827
 31
0.0
100
AcDbText
  0
TEXT
  5
BA2
330
17
100
AcDbEntity
  8
KM İç Ölçü 100
100
AcDbText
 10
-823729.1966067825
 20
-68073.20282496908
 30
0.0
 40
20.0
  1
\A1;1550
 11
-823729.1966067825
 21
-68073.20282496908
 31
0.0
100
AcDbText
  0
TEXT
  5
BA3
330
17
100
AcDbEntity
  8
KM İç Ölçü 100
100
AcDbText
 10
-821228.1951268598
 20
-67810.70180453756
 30
0.0
 40
20.0
  1
\A1;2825
 11
-821228.1951268598
 21
-67810.70180453756
 31
0.0
100
AcDbText
  0
TEXT
  5
BA4
330
17
100
AcDbEntity
  8
KM İç Ölçü 100
100
AcDbText
 10
-816777.7196139703
 20
-67609.50298560935
 30
0.0
 40
20.0
  1
\A1;2195
 11
-816777.7196139703
 21
-67609.50298560935
 31
0.0
100
AcDbText
  0
TEXT
  5
BA5
330
17
100
AcDbEntity
  8
KM İç Ölçü 100
100
AcDbText
 10
-814576.0104404642
 20
-67810.70180453756
 30
0.0
 40
20.0
  1
\A1;2825
 11
-814576.0104404642
 21
-67810.70180453756
 31
0.0
100
AcDbText
  0
TEXT
  5
BA6
330
17
100
AcDbEntity
  8
VM Kesit Simge
100
AcDbText
 10
-828949.3610987125
 20
-71722.36281391582
 30
0.0
 40
45.0
  1
B
 11
-828949.3610987125
 21
-71722.36281391582
 31
0.0
100
AcDbText
  0
TEXT
  5
BA7
330
17
100
AcDbEntity
  8
VM Kesit Simge
100
AcDbText
 10
-811242.335936238
 20
-71722.36266490421
 30
0.0
 40
45.0
  1
B
 11
-811242.335936238
 21
-71722.36266490421
 31
0.0
100
AcDbText
  0
TEXT
  5
BA8
330
17
100
AcDbEntity
  8
VM Kesit Simge
100
AcDbText
 10
-826638.7712013319
 20
-74484.50526431901
 30
0.0
 40
45.0
  1
C
 11
-826638.7712013319
 21
-74484.50526431901
 31
0.0
100
AcDbText
  0
TEXT
  5
BA9
330
17
100
AcDbEntity
  8
VM Kesit Simge
100
AcDbText
 10
-826638.7713503435
 20
-67003.76697817387
 30
0.0
 40
45.0
  1
C
 11
-826638.7713503435
 21
-67003.76697817387
 31
0.0
100
AcDbText
  0
TEXT
  5
BAA
330
17
100
AcDbEntity
  8
VM Kesit Simge
100
AcDbText
 10
-814160.7805498905
 20
-74484.50526431901
 30
0.0
 40
45.0
  1
D
 11
-814160.7805498905
 21
-74484.50526431901
 31
0.0
100
AcDbText
  0
TEXT
  5
BAB
330
17
100
AcDbEntity
  8
VM Kesit Simge
100
AcDbText
 10
-814160.7805573698
 20
-67003.76697817387
 30
0.0
 40
45.0
  1
D
 11
-814160.7805573698
 21
-67003.76697817387
 31
0.0
100
AcDbText
  0
TEXT
  5
BAC
330
17
100
AcDbEntity
  8
VM Aks Markası
100
AcDbText
 10
-828257.9023219607
 20
-67099.74051631638
 30
0.0
 40
40.0
  1
1
 11
-828257.9023219607
 21
-67099.74051631638
 31
0.0
100
AcDbText
  0
TEXT
  5
BAD
330
17
100
AcDbEntity
  8
VM Aks Markası
100
AcDbText
 10
-827587.1873171759
 20
-67099.74051631638
 30
0.0
 40
40.0
  1
2
 11
-827587.1873171759
 21
-67099.74051631638
 31
0.0
100
AcDbText
  0
TEXT
  5
BAE
330
17
100
AcDbEntity
  8
VM Aks Markası
100
AcDbText
 10
-826987.1867449714
 20
-67099.74051631638
 30
0.0
 40
40.0
  1
3
 11
-826987.1867449714
 21
-67099.74051631638
 31
0.0
100
AcDbText
  0
TEXT
  5
BAF
330
17
100
AcDbEntity
  8
VM Aks Markası
100
AcDbText
 10
-826512.663463783
 20
-67099.74051631638
 30
0.0
 40
40.0
  1
4
 11
-826512.663463783
 21
-67099.74051631638
 31
0.0
100
AcDbText
  0
TEXT
  5
BB0
330
17
100
AcDbEntity
  8
VM Aks Markası
100
AcDbText
 10
-826037.1866209937
 20
-67099.74051631638
 30
0.0
 40
40.0
  1
5
 11
-826037.1866209937
 21
-67099.74051631638
 31
0.0
100
AcDbText
  0
TEXT
  5
BB1
330
17
100
AcDbEntity
  8
VM Aks Markası
100
AcDbText
 10
-825639.2112477429
 20
-67099.74051631638
 30
0.0
 40
40.0
  1
6
 11
-825639.2112477429
 21
-67099.74051631638
 31
0.0
100
AcDbText
  0
TEXT
  5
BB2
330
17
100
AcDbEntity
  8
VM Aks Markası
100
AcDbText
 10
-825237.1862395239
 20
-67099.74051631638
 30
0.0
 40
40.0
  1
7
 11
-825237.1862395239
 21
-67099.74051631638
 31
0.0
100
AcDbText
  0
TEXT
  5
BB3
330
17
100
AcDbEntity
  8
VM Aks Markası
100
AcDbText
 10
-825085.1716386403
 20
-67099.74051631638
 30
0.0
 40
40.0
  1
8
 11
-825085.1716386403
 21
-67099.74051631638
 31
0.0
100
AcDbText
  0
TEXT
  5
BB4
330
17
100
AcDbEntity
  8
VM Aks Markası
100
AcDbText
 10
-824786.710010901
 20
-67099.74051631638
 30
0.0
 40
40.0
  1
9
 11
-824786.710010901
 21
-67099.74051631638
 31
0.0
100
AcDbText
  0
TEXT
  5
BB5
330
17
100
AcDbEntity
  8
VM Aks Markası
100
AcDbText
 10
-824393.8054588044
 20
-67099.74051631638
 30
0.0
 40
40.0
  1
10
 11
-824393.8054588044
 21
-67099.74051631638
 31
0.0
100
AcDbText
  0
TEXT
  5
BB6
330
17
100
AcDbEntity
  8
VM Aks Markası
100
AcDbText
 10
-824253.021338035
 20
-67099.74051631638
 30
0.0
 40
40.0
  1
11
 11
-824253.021338035
 21
-67099.74051631638
 31
0.0
100
AcDbText
  0
TEXT
  5
BB7
330
17
100
AcDbEntity
  8
VM Aks Markası
100
AcDbText
 10
-824021.3056352342
 20
-67099.74051631638
 30
0.0
 40
40.0
  1
12
 11
-824021.3056352342
 21
-67099.74051631638
 31
0.0
100
AcDbText
  0
TEXT
  5
BB8
330
17
100
AcDbEntity
  8
VM Aks Markası
100
AcDbText
 10
-823569.8060786928
 20
-67099.74051631638
 30
0.0
 40
40.0
  1
13
 11
-823569.8060786928
 21
-67099.74051631638
 31
0.0
100
AcDbText
  0
TEXT
  5
BB9
330
17
100
AcDbEntity
  8
VM Aks Markası
100
AcDbText
 10
-823405.2817866098
 20
-67099.74051631638
 30
0.0
 40
40.0
  1
14
 11
-823405.2817866098
 21
-67099.74051631638
 31
0.0
100
AcDbText
  0
TEXT
  5
BBA
330
17
100
AcDbEntity
  8
VM Aks Markası
100
AcDbText
 10
-823252.1353049021
 20
-67099.74051631638
 30
0.0
 40
40.0
  1
15
 11
-823252.1353049021
 21
-67099.74051631638
 31
0.0
100
AcDbText
  0
TEXT
  5
BBB
330
17
100
AcDbEntity
  8
VM Aks Markası
100
AcDbText
 10
-823167.1642496603
 20
-67099.74051631638
 30
0.0
 40
40.0
  1
16
 11
-823167.1642496603
 21
-67099.74051631638
 31
0.0
100
AcDbText
  0
TEXT
  5
BBC
330
17
100
AcDbEntity
  8
VM Aks Markası
100
AcDbText
 10
-822995.8048865999
 20
-67099.74051631638
 30
0.0
 40
40.0
  1
17
 11
-822995.8048865999
 21
-67099.74051631638
 31
0.0
100
AcDbText
  0
TEXT
  5
BBD
330
17
100
AcDbEntity
  8
VM Aks Markası
100
AcDbText
 10
-822741.8067062102
 20
-67099.74051631638
 30
0.0
 40
40.0
  1
18
 11
-822741.8067062102
 21
-67099.74051631638
 31
0.0
100
AcDbText
  0
TEXT
  5
BBE
330
17
100
AcDbEntity
  8
VM Aks Markası
100
AcDbText
 10
-822624.3294018426
 20
-67099.74051631638
 30
0.0
 40
40.0
  1
19
 11
-822624.3294018426
 21
-67099.74051631638
 31
0.0
100
AcDbText
  0
TEXT
  5
BBF
330
17
100
AcDbEntity
  8
VM Aks Markası
100
AcDbText
 10
-822316.7102970032
 20
-67099.74051631638
 30
0.0
 40
40.0
  1
20
 11
-822316.7102970032
 21
-67099.74051631638
 31
0.0
100
AcDbText
  0
TEXT
  5
BC0
330
17
100
AcDbEntity
  8
VM Aks Markası
100
AcDbText
 10
-821992.4245827174
 20
-67099.74051631638
 30
0.0
 40
40.0
  1
21
 11
-821992.4245827174
 21
-67099.74051631638
 31
0.0
100
AcDbText
  0
TEXT
  5
BC1
330
17
100
AcDbEntity
  8
VM Aks Markası
100
AcDbText
 10
-821521.7115964604
 20
-67099.74051631638
 30
0.0
 40
40.0
  1
22
 11
-821521.7115964604
 21
-67099.74051631638
 31
0.0
100
AcDbText
  0
TEXT
  5
BC2
330
17
100
AcDbEntity
  8
VM Aks Markası
100
AcDbText
 10
-821046.7104305177
 20
-67099.74051631638
 30
0.0
 40
40.0
  1
23
 11
-821046.7104305177
 21
-67099.74051631638
 31
0.0
100
AcDbText
  0
TEXT
  5
BC3
330
17
100
AcDbEntity
  8
VM Aks Markası
100
AcDbText
 10
-820517.1879229842
 20
-67099.74051631638
 30
0.0
 40
40.0
  1
24
 11
-820517.1879229842
 21
-67099.74051631638
 31
0.0
100
AcDbText
  0
TEXT
  5
BC4
330
17
100
AcDbEntity
  8
VM Aks Markası
100
AcDbText
 10
-820246.7105106263
 20
-67099.74051631638
 30
0.0
 40
40.0
  1
25
 11
-820246.7105106263
 21
-67099.74051631638
 31
0.0
100
AcDbText
  0
TEXT
  5
BC5
330
17
100
AcDbEntity
  8
VM Aks Markası
100
AcDbText
 10
-819986.234352188
 20
-67099.74051631638
 30
0.0
 40
40.0
  1
26
 11
-819986.234352188
 21
-67099.74051631638
 31
0.0
100
AcDbText
  0
TEXT
  5
BC6
330
17
100
AcDbEntity
  8
VM Aks Markası
100
AcDbText
 10
-819621.7105426642
 20
-67099.74051631638
 30
0.0
 40
40.0
  1
27
 11
-819621.7105426642
 21
-67099.74051631638
 31
0.0
100
AcDbText
  0
TEXT
  5
BC7
330
17
100
AcDbEntity
  8
VM Aks Markası
100
AcDbText
 10
-819504.2113593963
 20
-67099.74051631638
 30
0.0
 40
40.0
  1
28
 11
-819504.2113593963
 21
-67099.74051631638
 31
0.0
100
AcDbText
  0
TEXT
  5
BC8
330
17
100
AcDbEntity
  8
VM Aks Markası
100
AcDbText
 10
-819396.2351307732
 20
-67099.74051631638
 30
0.0
 40
40.0
  1
29
 11
-819396.2351307732
 21
-67099.74051631638
 31
0.0
100
AcDbText
  0
TEXT
  5
BC9
330
17
100
AcDbEntity
  8
VM Aks Markası
100
AcDbText
 10
-819301.7108501341
 20
-67099.74051631638
 30
0.0
 40
40.0
  1
30
 11
-819301.7108501341
 21
-67099.74051631638
 31
0.0
100
AcDbText
  0
TEXT
  5
BCA
330
17
100
AcDbEntity
  8
VM Aks Markası
100
AcDbText
 10
-819037.4245064539
 20
-67099.74051631638
 30
0.0
 40
40.0
  1
31
 11
-819037.4245064539
 21
-67099.74051631638
 31
0.0
100
AcDbText
  0
TEXT
  5
BCB
330
17
100
AcDbEntity
  8
VM Aks Markası
100
AcDbText
 10
-818664.2125170616
 20
-67099.74051631638
 30
0.0
 40
40.0
  1
32
 11
-818664.2125170616
 21
-67099.74051631638
 31
0.0
100
AcDbText
  0
TEXT
  5
BCC
330
17
100
AcDbEntity
  8
VM Aks Markası
100
AcDbText
 10
-818429.2111114411
 20
-67099.74051631638
 30
0.0
 40
40.0
  1
33
 11
-818429.2111114411
 21
-67099.74051631638
 31
0.0
100
AcDbText
  0
TEXT
  5
BCD
330
17
100
AcDbEntity
  8
VM Aks Markası
100
AcDbText
 10
-818282.187946601
 20
-67099.74051631638
 30
0.0
 40
40.0
  1
34
 11
-818282.187946601
 21
-67099.74051631638
 31
0.0
100
AcDbText
  0
TEXT
  5
BCE
330
17
100
AcDbEntity
  8
VM Aks Markası
100
AcDbText
 10
-817856.7138300964
 20
-67099.74051631638
 30
0.0
 40
40.0
  1
35
 11
-817856.7138300964
 21
-67099.74051631638
 31
0.0
100
AcDbText
  0
TEXT
  5
BCF
330
17
100
AcDbEntity
  8
VM Aks Markası
100
AcDbText
 10
-817476.6555674677
 20
-67099.74051631638
 30
0.0
 40
40.0
  1
36
 11
-817476.6555674677
 21
-67099.74051631638
 31
0.0
100
AcDbText
  0
TEXT
  5
BD0
330
17
100
AcDbEntity
  8
VM Aks Markası
100
AcDbText
 10
-816939.7115308127
 20
-67099.74051631638
 30
0.0
 40
40.0
  1
37
 11
-816939.7115308127
 21
-67099.74051631638
 31
0.0
100
AcDbText
  0
TEXT
  5
BD1
330
17
100
AcDbEntity
  8
VM Aks Markası
100
AcDbText
 10
-816611.7109931855
 20
-67099.74051631638
 30
0.0
 40
40.0
  1
38
 11
-816611.7109931855
 21
-67099.74051631638
 31
0.0
100
AcDbText
  0
TEXT
  5
BD2
330
17
100
AcDbEntity
  8
VM Aks Markası
100
AcDbText
 10
-816481.2337059838
 20
-67099.74051631638
 30
0.0
 40
40.0
  1
39
 11
-816481.2337059838
 21
-67099.74051631638
 31
0.0
100
AcDbText
  0
TEXT
  5
BD3
330
17
100
AcDbEntity
  8
VM Aks Markası
100
AcDbText
 10
-816394.7112144378
 20
-67099.74051631638
 30
0.0
 40
40.0
  1
40
 11
-816394.7112144378
 21
-67099.74051631638
 31
0.0
100
AcDbText
  0
TEXT
  5
BD4
330
17
100
AcDbEntity
  8
VM Aks Markası
100
AcDbText
 10
-816080.4247810816
 20
-67099.74051631638
 30
0.0
 40
40.0
  1
41
 11
-816080.4247810816
 21
-67099.74051631638
 31
0.0
100
AcDbText
  0
TEXT
  5
BD5
330
17
100
AcDbEntity
  8
VM Aks Markası
100
AcDbText
 10
-815791.7118038087
 20
-67099.74051631638
 30
0.0
 40
40.0
  1
42
 11
-815791.7118038087
 21
-67099.74051631638
 31
0.0
100
AcDbText
  0
TEXT
  5
BD6
330
17
100
AcDbEntity
  8
VM Aks Markası
100
AcDbText
 10
-815629.7111476808
 20
-67099.74962635466
 30
0.0
 40
40.0
  1
43
 11
-815629.7111476808
 21
-67099.74962635466
 31
0.0
100
AcDbText
  0
TEXT
  5
BD7
330
17
100
AcDbEntity
  8
VM Aks Markası
100
AcDbText
 10
-815203.6872313452
 20
-67099.74051631638
 30
0.0
 40
40.0
  1
44
 11
-815203.6872313452
 21
-67099.74051631638
 31
0.0
100
AcDbText
  0
TEXT
  5
BD8
330
17
100
AcDbEntity
  8
VM Aks Markası
100
AcDbText
 10
-814961.710230246
 20
-67099.74051631638
 30
0.0
 40
40.0
  1
45
 11
-814961.710230246
 21
-67099.74051631638
 31
0.0
100
AcDbText
  0
TEXT
  5
BD9
330
17
100
AcDbEntity
  8
VM Aks Markası
100
AcDbText
 10
-814841.2329430442
 20
-67099.74051631638
 30
0.0
 40
40.0
  1
46
 11
-814841.2329430442
 21
-67099.74051631638
 31
0.0
100
AcDbText
  0
TEXT
  5
BDA
330
17
100
AcDbEntity
  8
VM Aks Markası
100
AcDbText
 10
-814691.3716510681
 20
-67099.74051631638
 30
0.0
 40
40.0
  1
47
 11
-814691.3716510681
 21
-67099.74051631638
 31
0.0
100
AcDbText
  0
TEXT
  5
BDB
330
17
100
AcDbEntity
  8
VM Aks Markası
100
AcDbText
 10
-814421.2376918984
 20
-67099.74051631638
 30
0.0
 40
40.0
  1
48
 11
-814421.2376918984
 21
-67099.74051631638
 31
0.0
100
AcDbText
  0
TEXT
  5
BDC
330
17
100
AcDbEntity
  8
VM Aks Markası
100
AcDbText
 10
-814043.2342316773
 20
-67099.74051631638
 30
0.0
 40
40.0
  1
49
 11
-814043.2342316773
 21
-67099.74051631638
 31
0.0
100
AcDbText
  0
TEXT
  5
BDD
330
17
100
AcDbEntity
  8
VM Aks Markası
100
AcDbText
 10
-813346.4115393586
 20
-67099.74051631638
 30
0.0
 40
40.0
  1
50
 11
-813346.4115393586
 21
-67099.74051631638
 31
0.0
100
AcDbText
  0
TEXT
  5
BDE
330
17
100
AcDbEntity
  8
VM Aks Markası
100
AcDbText
 10
-813425.7427166833
 20
-67099.74051631638
 30
0.0
 40
40.0
  1
51
 11
-813425.7427166833
 21
-67099.74051631638
 31
0.0
100
AcDbText
  0
TEXT
  5
BDF
330
17
100
AcDbEntity
  8
VM Aks Markası
100
AcDbText
 10
-813191.7099632131
 20
-67099.74051631638
 30
0.0
 40
40.0
  1
52
 11
-813191.7099632131
 21
-67099.74051631638
 31
0.0
100
AcDbText
  0
TEXT
  5
BE0
330
17
100
AcDbEntity
  8
VM Aks Markası
100
AcDbText
 10
-812827.1578350057
 20
-67099.74051631638
 30
0.0
 40
40.0
  1
53
 11
-812827.1578350057
 21
-67099.74051631638
 31
0.0
100
AcDbText
  0
TEXT
  5
BE1
330
17
100
AcDbEntity
  8
VM Aks Markası
100
AcDbText
 10
-812743.649848571
 20
-67099.74051631638
 30
0.0
 40
40.0
  1
54
 11
-812743.649848571
 21
-67099.74051631638
 31
0.0
100
AcDbText
  0
TEXT
  5
BE2
330
17
100
AcDbEntity
  8
VM Aks Markası
100
AcDbText
 10
-812531.7107013611
 20
-67099.74051631638
 30
0.0
 40
40.0
  1
55
 11
-812531.7107013611
 21
-67099.74051631638
 31
0.0
100
AcDbText
  0
TEXT
  5
BE3
330
17
100
AcDbEntity
  8
VM Aks Markası
100
AcDbText
 10
-811911.2339959007
 20
-67099.74051631638
 30
0.0
 40
40.0
  1
56
 11
-811911.2339959007
 21
-67099.74051631638
 31
0.0
100
AcDbText
  0
TEXT
  5
BE4
330
17
100
AcDbEntity
  8
VM Aks Markası
100
AcDbText
 10
-828257.9023219607
 20
-74488.18668611383
 30
0.0
 40
40.0
  1
1
 11
-828257.9023219607
 21
-74488.18668611383
 31
0.0
100
AcDbText
  0
TEXT
  5
BE5
330
17
100
AcDbEntity
  8
VM Aks Markası
100
AcDbText
 10
-827587.1873171759
 20
-74488.18668611383
 30
0.0
 40
40.0
  1
2
 11
-827587.1873171759
 21
-74488.18668611383
 31
0.0
100
AcDbText
  0
TEXT
  5
BE6
330
17
100
AcDbEntity
  8
VM Aks Markası
100
AcDbText
 10
-826987.1867449714
 20
-74488.18668611383
 30
0.0
 40
40.0
  1
3
 11
-826987.1867449714
 21
-74488.18668611383
 31
0.0
100
AcDbText
  0
TEXT
  5
BE7
330
17
100
AcDbEntity
  8
VM Aks Markası
100
AcDbText
 10
-826512.663463783
 20
-74488.18668611383
 30
0.0
 40
40.0
  1
4
 11
-826512.663463783
 21
-74488.18668611383
 31
0.0
100
AcDbText
  0
TEXT
  5
BE8
330
17
100
AcDbEntity
  8
VM Aks Markası
100
AcDbText
 10
-826037.1866209937
 20
-74488.18668611383
 30
0.0
 40
40.0
  1
5
 11
-826037.1866209937
 21
-74488.18668611383
 31
0.0
100
AcDbText
  0
TEXT
  5
BE9
330
17
100
AcDbEntity
  8
VM Aks Markası
100
AcDbText
 10
-825639.2112477429
 20
-74488.18668611383
 30
0.0
 40
40.0
  1
6
 11
-825639.2112477429
 21
-74488.18668611383
 31
0.0
100
AcDbText
  0
TEXT
  5
BEA
330
17
100
AcDbEntity
  8
VM Aks Markası
100
AcDbText
 10
-825237.1862395239
 20
-74488.18668611383
 30
0.0
 40
40.0
  1
7
 11
-825237.1862395239
 21
-74488.18668611383
 31
0.0
100
AcDbText
  0
TEXT
  5
BEB
330
17
100
AcDbEntity
  8
VM Aks Markası
100
AcDbText
 10
-825085.1716386403
 20
-74488.18668611383
 30
0.0
 40
40.0
  1
8
 11
-825085.1716386403
 21
-74488.18668611383
 31
0.0
100
AcDbText
  0
TEXT
  5
BEC
330
17
100
AcDbEntity
  8
VM Aks Markası
100
AcDbText
 10
-824786.710010901
 20
-74488.18668611383
 30
0.0
 40
40.0
  1
9
 11
-824786.710010901
 21
-74488.18668611383
 31
0.0
100
AcDbText
  0
TEXT
  5
BED
330
17
100
AcDbEntity
  8
VM Aks Markası
100
AcDbText
 10
-824393.8054588044
 20
-74488.18668611383
 30
0.0
 40
40.0
  1
10
 11
-824393.8054588044
 21
-74488.18668611383
 31
0.0
100
AcDbText
  0
TEXT
  5
BEE
330
17
100
AcDbEntity
  8
VM Aks Markası
100
AcDbText
 10
-824253.021338035
 20
-74488.18668611383
 30
0.0
 40
40.0
  1
11
 11
-824253.021338035
 21
-74488.18668611383
 31
0.0
100
AcDbText
  0
TEXT
  5
BEF
330
17
100
AcDbEntity
  8
VM Aks Markası
100
AcDbText
 10
-824021.3056352342
 20
-74488.18668611383
 30
0.0
 40
40.0
  1
12
 11
-824021.3056352342
 21
-74488.18668611383
 31
0.0
100
AcDbText
  0
TEXT
  5
BF0
330
17
100
AcDbEntity
  8
VM Aks Markası
100
AcDbText
 10
-823569.8060786928
 20
-74488.18668611383
 30
0.0
 40
40.0
  1
13
 11
-823569.8060786928
 21
-74488.18668611383
 31
0.0
100
AcDbText
  0
TEXT
  5
BF1
330
17
100
AcDbEntity
  8
VM Aks Markası
100
AcDbText
 10
-823405.2817866098
 20
-74488.18668611383
 30
0.0
 40
40.0
  1
14
 11
-823405.2817866098
 21
-74488.18668611383
 31
0.0
100
AcDbText
  0
TEXT
  5
BF2
330
17
100
AcDbEntity
  8
VM Aks Markası
100
AcDbText
 10
-823252.1353049021
 20
-74488.18668611383
 30
0.0
 40
40.0
  1
15
 11
-823252.1353049021
 21
-74488.18668611383
 31
0.0
100
AcDbText
  0
TEXT
  5
BF3
330
17
100
AcDbEntity
  8
VM Aks Markası
100
AcDbText
 10
-823167.1642496603
 20
-74488.18668611383
 30
0.0
 40
40.0
  1
16
 11
-823167.1642496603
 21
-74488.18668611383
 31
0.0
100
AcDbText
  0
TEXT
  5
BF4
330
17
100
AcDbEntity
  8
VM Aks Markası
100
AcDbText
 10
-822995.8048865999
 20
-74488.18668611383
 30
0.0
 40
40.0
  1
17
 11
-822995.8048865999
 21
-74488.18668611383
 31
0.0
100
AcDbText
  0
TEXT
  5
BF5
330
17
100
AcDbEntity
  8
VM Aks Markası
100
AcDbText
 10
-822741.8067062102
 20
-74488.18668611383
 30
0.0
 40
40.0
  1
18
 11
-822741.8067062102
 21
-74488.18668611383
 31
0.0
100
AcDbText
  0
TEXT
  5
BF6
330
17
100
AcDbEntity
  8
VM Aks Markası
100
AcDbText
 10
-822624.3294018426
 20
-74488.18668611383
 30
0.0
 40
40.0
  1
19
 11
-822624.3294018426
 21
-74488.18668611383
 31
0.0
100
AcDbText
  0
TEXT
  5
BF7
330
17
100
AcDbEntity
  8
VM Aks Markası
100
AcDbText
 10
-822316.7102970032
 20
-74488.18668611383
 30
0.0
 40
40.0
  1
20
 11
-822316.7102970032
 21
-74488.18668611383
 31
0.0
100
AcDbText
  0
TEXT
  5
BF8
330
17
100
AcDbEntity
  8
VM Aks Markası
100
AcDbText
 10
-821992.4245827174
 20
-74488.18668611383
 30
0.0
 40
40.0
  1
21
 11
-821992.4245827174
 21
-74488.18668611383
 31
0.0
100
AcDbText
  0
TEXT
  5
BF9
330
17
100
AcDbEntity
  8
VM Aks Markası
100
AcDbText
 10
-821521.7115964604
 20
-74488.18668611383
 30
0.0
 40
40.0
  1
22
 11
-821521.7115964604
 21
-74488.18668611383
 31
0.0
100
AcDbText
  0
TEXT
  5
BFA
330
17
100
AcDbEntity
  8
VM Aks Markası
100
AcDbText
 10
-821046.7104305177
 20
-74488.18668611383
 30
0.0
 40
40.0
  1
23
 11
-821046.7104305177
 21
-74488.18668611383
 31
0.0
100
AcDbText
  0
TEXT
  5
BFB
330
17
100
AcDbEntity
  8
VM Aks Markası
100
AcDbText
 10
-820517.1879229842
 20
-74488.18668611383
 30
0.0
 40
40.0
  1
24
 11
-820517.1879229842
 21
-74488.18668611383
 31
0.0
100
AcDbText
  0
TEXT
  5
BFC
330
17
100
AcDbEntity
  8
VM Aks Markası
100
AcDbText
 10
-820246.7105106263
 20
-74488.18668611383
 30
0.0
 40
40.0
  1
25
 11
-820246.7105106263
 21
-74488.18668611383
 31
0.0
100
AcDbText
  0
TEXT
  5
BFD
330
17
100
AcDbEntity
  8
VM Aks Markası
100
AcDbText
 10
-819986.234352188
 20
-74488.18668611383
 30
0.0
 40
40.0
  1
26
 11
-819986.234352188
 21
-74488.18668611383
 31
0.0
100
AcDbText
  0
TEXT
  5
BFE
330
17
100
AcDbEntity
  8
VM Aks Markası
100
AcDbText
 10
-819621.7105426642
 20
-74488.18668611383
 30
0.0
 40
40.0
  1
27
 11
-819621.7105426642
 21
-74488.18668611383
 31
0.0
100
AcDbText
  0
TEXT
  5
BFF
330
17
100
AcDbEntity
  8
VM Aks Markası
100
AcDbText
 10
-819504.2113593963
 20
-74488.18668611383
 30
0.0
 40
40.0
  1
28
 11
-819504.2113593963
 21
-74488.18668611383
 31
0.0
100
AcDbText
  0
TEXT
  5
C00
330
17
100
AcDbEntity
  8
VM Aks Markası
100
AcDbText
 10
-819396.2351307732
 20
-74488.18668611383
 30
0.0
 40
40.0
  1
29
 11
-819396.2351307732
 21
-74488.18668611383
 31
0.0
100
AcDbText
  0
TEXT
  5
C01
330
17
100
AcDbEntity
  8
VM Aks Markası
100
AcDbText
 10
-819301.7108501341
 20
-74488.18668611383
 30
0.0
 40
40.0
  1
30
 11
-819301.7108501341
 21
-74488.18668611383
 31
0.0
100
AcDbText
  0
TEXT
  5
C02
330
17
100
AcDbEntity
  8
VM Aks Markası
100
AcDbText
 10
-819037.4245064539
 20
-74488.18668611383
 30
0.0
 40
40.0
  1
31
 11
-819037.4245064539
 21
-74488.18668611383
 31
0.0
100
AcDbText
  0
TEXT
  5
C03
330
17
100
AcDbEntity
  8
VM Aks Markası
100
AcDbText
 10
-818664.2125170616
 20
-74488.18668611383
 30
0.0
 40
40.0
  1
32
 11
-818664.2125170616
 21
-74488.18668611383
 31
0.0
100
AcDbText
  0
TEXT
  5
C04
330
17
100
AcDbEntity
  8
VM Aks Markası
100
AcDbText
 10
-818429.2111114411
 20
-74488.18668611383
 30
0.0
 40
40.0
  1
33
 11
-818429.2111114411
 21
-74488.18668611383
 31
0.0
100
AcDbText
  0
TEXT
  5
C05
330
17
100
AcDbEntity
  8
VM Aks Markası
100
AcDbText
 10
-818282.187946601
 20
-74488.18668611383
 30
0.0
 40
40.0
  1
34
 11
-818282.187946601
 21
-74488.18668611383
 31
0.0
100
AcDbText
  0
TEXT
  5
C06
330
17
100
AcDbEntity
  8
VM Aks Markası
100
AcDbText
 10
-817856.7138300964
 20
-74488.18668611383
 30
0.0
 40
40.0
  1
35
 11
-817856.7138300964
 21
-74488.18668611383
 31
0.0
100
AcDbText
  0
TEXT
  5
C07
330
17
100
AcDbEntity
  8
VM Aks Markası
100
AcDbText
 10
-817476.6555674677
 20
-74488.18668611383
 30
0.0
 40
40.0
  1
36
 11
-817476.6555674677
 21
-74488.18668611383
 31
0.0
100
AcDbText
  0
TEXT
  5
C08
330
17
100
AcDbEntity
  8
VM Aks Markası
100
AcDbText
 10
-816939.7115308127
 20
-74488.18668611383
 30
0.0
 40
40.0
  1
37
 11
-816939.7115308127
 21
-74488.18668611383
 31
0.0
100
AcDbText
  0
TEXT
  5
C09
330
17
100
AcDbEntity
  8
VM Aks Markası
100
AcDbText
 10
-816611.7109931855
 20
-74488.18668611383
 30
0.0
 40
40.0
  1
38
 11
-816611.7109931855
 21
-74488.18668611383
 31
0.0
100
AcDbText
  0
TEXT
  5
C0A
330
17
100
AcDbEntity
  8
VM Aks Markası
100
AcDbText
 10
-816481.2337059838
 20
-74488.18668611383
 30
0.0
 40
40.0
  1
39
 11
-816481.2337059838
 21
-74488.18668611383
 31
0.0
100
AcDbText
  0
TEXT
  5
C0B
330
17
100
AcDbEntity
  8
VM Aks Markası
100
AcDbText
 10
-816394.7112144378
 20
-74488.18668611383
 30
0.0
 40
40.0
  1
40
 11
-816394.7112144378
 21
-74488.18668611383
 31
0.0
100
AcDbText
  0
TEXT
  5
C0C
330
17
100
AcDbEntity
  8
VM Aks Markası
100
AcDbText
 10
-816080.4247810816
 20
-74488.18668611383
 30
0.0
 40
40.0
  1
41
 11
-816080.4247810816
 21
-74488.18668611383
 31
0.0
100
AcDbText
  0
TEXT
  5
C0D
330
17
100
AcDbEntity
  8
VM Aks Markası
100
AcDbText
 10
-815791.7118038087
 20
-74488.18668611383
 30
0.0
 40
40.0
  1
42
 11
-815791.7118038087
 21
-74488.18668611383
 31
0.0
100
AcDbText
  0
TEXT
  5
C0E
330
17
100
AcDbEntity
  8
VM Aks Markası
100
AcDbText
 10
-815629.7111476808
 20
-74488.19579615211
 30
0.0
 40
40.0
  1
43
 11
-815629.7111476808
 21
-74488.19579615211
 31
0.0
100
AcDbText
  0
TEXT
  5
C0F
330
17
100
AcDbEntity
  8
VM Aks Markası
100
AcDbText
 10
-815203.6872313452
 20
-74488.18668611383
 30
0.0
 40
40.0
  1
44
 11
-815203.6872313452
 21
-74488.18668611383
 31
0.0
100
AcDbText
  0
TEXT
  5
C10
330
17
100
AcDbEntity
  8
VM Aks Markası
100
AcDbText
 10
-814961.710230246
 20
-74488.18668611383
 30
0.0
 40
40.0
  1
45
 11
-814961.710230246
 21
-74488.18668611383
 31
0.0
100
AcDbText
  0
TEXT
  5
C11
330
17
100
AcDbEntity
  8
VM Aks Markası
100
AcDbText
 10
-814841.2329430442
 20
-74488.18668611383
 30
0.0
 40
40.0
  1
46
 11
-814841.2329430442
 21
-74488.18668611383
 31
0.0
100
AcDbText
  0
TEXT
  5
C12
330
17
100
AcDbEntity
  8
VM Aks Markası
100
AcDbText
 10
-814691.3716510681
 20
-74488.18668611383
 30
0.0
 40
40.0
  1
47
 11
-814691.3716510681
 21
-74488.18668611383
 31
0.0
100
AcDbText
  0
TEXT
  5
C13
330
17
100
AcDbEntity
  8
VM Aks Markası
100
AcDbText
 10
-815120.0066098471
 20
-74488.18668611383
 30
0.0
 40
40.0
  1
48
 11
-815120.0066098471
 21
-74488.18668611383
 31
0.0
100
AcDbText
  0
TEXT
  5
C14
330
17
100
AcDbEntity
  8
VM Aks Markası
100
AcDbText
 10
-814043.2342316773
 20
-74488.18668611383
 30
0.0
 40
40.0
  1
49
 11
-814043.2342316773
 21
-74488.18668611383
 31
0.0
100
AcDbText
  0
TEXT
  5
C15
330
17
100
AcDbEntity
  8
VM Aks Markası
100
AcDbText
 10
-814127.1385033173
 20
-74488.18668611383
 30
0.0
 40
40.0
  1
50
 11
-814127.1385033173
 21
-74488.18668611383
 31
0.0
100
AcDbText
  0
TEXT
  5
C16
330
17
100
AcDbEntity
  8
VM Aks Markası
100
AcDbText
 10
-813407.425473449
 20
-74488.18668611383
 30
0.0
 40
40.0
  1
51
 11
-813407.425473449
 21
-74488.18668611383
 31
0.0
100
AcDbText
  0
TEXT
  5
C17
330
17
100
AcDbEntity
  8
VM Aks Markası
100
AcDbText
 10
-813191.7099632131
 20
-74488.18668611383
 30
0.0
 40
40.0
  1
52
 11
-813191.7099632131
 21
-74488.18668611383
 31
0.0
100
AcDbText
  0
TEXT
  5
C18
330
17
100
AcDbEntity
  8
VM Aks Markası
100
AcDbText
 10
-812827.1578350057
 20
-74488.18668611383
 30
0.0
 40
40.0
  1
53
 11
-812827.1578350057
 21
-74488.18668611383
 31
0.0
100
AcDbText
  0
TEXT
  5
C19
330
17
100
AcDbEntity
  8
VM Aks Markası
100
AcDbText
 10
-812743.649848571
 20
-74488.18668611383
 30
0.0
 40
40.0
  1
54
 11
-812743.649848571
 21
-74488.18668611383
 31
0.0
100
AcDbText
  0
TEXT
  5
C1A
330
17
100
AcDbEntity
  8
VM Aks Markası
100
AcDbText
 10
-812531.7107013611
 20
-74488.18668611383
 30
0.0
 40
40.0
  1
55
 11
-812531.7107013611
 21
-74488.18668611383
 31
0.0
100
AcDbText
  0
TEXT
  5
C1B
330
17
100
AcDbEntity
  8
VM Aks Markası
100
AcDbText
 10
-811911.2339959007
 20
-74488.18668611383
 30
0.0
 40
40.0
  1
56
 11
-811911.2339959007
 21
-74488.18668611383
 31
0.0
100
AcDbText
  0
TEXT
  5
C1C
330
17
100
AcDbEntity
  8
VM Aks Markası
100
AcDbText
 10
-828951.7086948304
 20
-67598.20308961382
 30
0.0
 40
40.0
  1
F
 11
-828951.7086948304
 21
-67598.20308961382
 31
0.0
100
AcDbText
  0
TEXT
  5
C1D
330
17
100
AcDbEntity
  8
VM Aks Markası
100
AcDbText
 10
-828955.5275100964
 20
-67803.20165433397
 30
0.0
 40
40.0
  1
G
 11
-828955.5275100964
 21
-67803.20165433397
 31
0.0
100
AcDbText
  0
TEXT
  5
C1E
330
17
100
AcDbEntity
  8
VM Aks Markası
100
AcDbText
 10
-828952.1848853064
 20
-67927.20308961382
 30
0.0
 40
40.0
  1
H
 11
-828952.1848853064
 21
-67927.20308961382
 31
0.0
100
AcDbText
  0
TEXT
  5
C1F
330
17
100
AcDbEntity
  8
VM Aks Markası
100
AcDbText
 10
-828943.6656749661
 20
-68038.20185937395
 30
0.0
 40
40.0
  1
I
 11
-828943.6656749661
 21
-68038.20185937395
 31
0.0
100
AcDbText
  0
TEXT
  5
C20
330
17
100
AcDbEntity
  8
VM Aks Markası
100
AcDbText
 10
-828950.2801234018
 20
-68163.2027558278
 30
0.0
 40
40.0
  1
J
 11
-828950.2801234018
 21
-68163.2027558278
 31
0.0
100
AcDbText
  0
TEXT
  5
C21
330
17
100
AcDbEntity
  8
VM Aks Markası
100
AcDbText
 10
-828952.1848853064
 20
-68278.20268422517
 30
0.0
 40
40.0
  1
K
 11
-828952.1848853064
 21
-68278.20268422517
 31
0.0
100
AcDbText
  0
TEXT
  5
C22
330
17
100
AcDbEntity
  8
VM Aks Markası
100
AcDbText
 10
-828951.2325043542
 20
-68463.20205010881
 30
0.0
 40
40.0
  1
L
 11
-828951.2325043542
 21
-68463.20205010881
 31
0.0
100
AcDbText
  0
TEXT
  5
C23
330
17
100
AcDbEntity
  8
VM Aks Markası
100
AcDbText
 10
-828953.1372662588
 20
-68631.57428543188
 30
0.0
 40
40.0
  1
M
 11
-828953.1372662588
 21
-68631.57428543188
 31
0.0
100
AcDbText
  0
TEXT
  5
C24
330
17
100
AcDbEntity
  8
VM Aks Markası
100
AcDbText
 10
-828952.1848853064
 20
-68718.20264138689
 30
0.0
 40
40.0
  1
N
 11
-828952.1848853064
 21
-68718.20264138689
 31
0.0
100
AcDbText
  0
TEXT
  5
C25
330
17
100
AcDbEntity
  8
VM Aks Markası
100
AcDbText
 10
-828953.1372662588
 20
-68807.68249554408
 30
0.0
 40
40.0
  1
O
 11
-828953.1372662588
 21
-68807.68249554408
 31
0.0
100
AcDbText
  0
TEXT
  5
C26
330
17
100
AcDbEntity
  8
VM Aks Markası
100
AcDbText
 10
-828955.0513196202
 20
-69348.20113458147
 30
0.0
 40
40.0
  1
P
 11
-828955.0513196202
 21
-69348.20113458147
 31
0.0
100
AcDbText
  0
TEXT
  5
C27
330
17
100
AcDbEntity
  8
VM Aks Markası
100
AcDbText
 10
-828952.1848853064
 20
-69798.20167340746
 30
0.0
 40
40.0
  1
R
 11
-828952.1848853064
 21
-69798.20167340746
 31
0.0
100
AcDbText
  0
TEXT
  5
C28
330
17
100
AcDbEntity
  8
VM Aks Markası
100
AcDbText
 10
-828952.1848853064
 20
-70118.2019022893
 30
0.0
 40
40.0
  1
S
 11
-828952.1848853064
 21
-70118.2019022893
 31
0.0
100
AcDbText
  0
TEXT
  5
C29
330
17
100
AcDbEntity
  8
VM Aks Markası
100
AcDbText
 10
-828955.0513196202
 20
-70218.20125855913
 30
0.0
 40
40.0
  1
T
 11
-828955.0513196202
 21
-70218.20125855913
 31
0.0
100
AcDbText
  0
TEXT
  5
C2A
330
17
100
AcDbEntity
  8
VM Aks Markası
100
AcDbText
 10
-828952.1848853064
 20
-70558.20261754503
 30
0.0
 40
40.0
  1
U
 11
-828952.1848853064
 21
-70558.20261754503
 31
0.0
100
AcDbText
  0
TEXT
  5
C2B
330
17
100
AcDbEntity
  8
VM Aks Markası
100
AcDbText
 10
-828953.1375260452
 20
-70693.2023695897
 30
0.0
 40
40.0
  1
V
 11
-828953.1375260452
 21
-70693.2023695897
 31
0.0
100
AcDbText
  0
TEXT
  5
C2C
330
17
100
AcDbEntity
  8
VM Aks Markası
100
AcDbText
 10
-828953.1372662588
 20
-71168.20154466142
 30
0.0
 40
40.0
  1
Y
 11
-828953.1372662588
 21
-71168.20154466142
 31
0.0
100
AcDbText
  0
TEXT
  5
C2D
330
17
100
AcDbEntity
  8
VM Aks Markası
100
AcDbText
 10
-828952.1848853064
 20
-71363.20268430223
 30
0.0
 40
40.0
  1
Z
 11
-828952.1848853064
 21
-71363.20268430223
 31
0.0
100
AcDbText
  0
TEXT
  5
C2E
330
17
100
AcDbEntity
  8
VM Aks Markası
100
AcDbText
 10
-828960.8734938267
 20
-71508.2013300847
 30
0.0
 40
40.0
  1
X1
 11
-828960.8734938267
 21
-71508.2013300847
 31
0.0
100
AcDbText
  0
TEXT
  5
C2F
330
17
100
AcDbEntity
  8
VM Aks Markası
100
AcDbText
 10
-828961.7086948302
 20
-72038.20166863909
 30
0.0
 40
40.0
  1
X2
 11
-828961.7086948302
 21
-72038.20166863909
 31
0.0
100
AcDbText
  0
TEXT
  5
C30
330
17
100
AcDbEntity
  8
VM Aks Markası
100
AcDbText
 10
-828961.7089546167
 20
-72218.20144452562
 30
0.0
 40
40.0
  1
X3
 11
-828961.7089546167
 21
-72218.20144452562
 31
0.0
100
AcDbText
  0
TEXT
  5
C31
330
17
100
AcDbEntity
  8
VM Aks Markası
100
AcDbText
 10
-828962.1851450929
 20
-72528.20246495714
 30
0.0
 40
40.0
  1
X4
 11
-828962.1851450929
 21
-72528.20246495714
 31
0.0
100
AcDbText
  0
TEXT
  5
C32
330
17
100
AcDbEntity
  8
VM Aks Markası
100
AcDbText
 10
-828964.5751291442
 20
-72918.20285596361
 30
0.0
 40
40.0
  1
X5
 11
-828964.5751291442
 21
-72918.20285596361
 31
0.0
100
AcDbText
  0
TEXT
  5
C33
330
17
100
AcDbEntity
  8
VM Aks Markası
100
AcDbText
 10
-828964.0989386679
 20
-73475.19384734787
 30
0.0
 40
40.0
  1
X6
 11
-828964.0989386679
 21
-73475.19384734787
 31
0.0
100
AcDbText
  0
TEXT
  5
C34
330
17
100
AcDbEntity
  8
VM Aks Markası
100
AcDbText
 10
-828964.5751291442
 20
-73628.2014635991
 30
0.0
 40
40.0
  1
X7
 11
-828964.5751291442
 21
-73628.2014635991
 31
0.0
100
AcDbText
  0
TEXT
  5
C35
330
17
100
AcDbEntity
  8
VM Aks Markası
100
AcDbText
 10
-811208.8461362489
 20
-67598.20308961382
 30
0.0
 40
40.0
  1
F
 11
-811208.8461362489
 21
-67598.20308961382
 31
0.0
100
AcDbText
  0
TEXT
  5
C36
330
17
100
AcDbEntity
  8
VM Aks Markası
100
AcDbText
 10
-811212.664951515
 20
-67803.20165433397
 30
0.0
 40
40.0
  1
G
 11
-811212.664951515
 21
-67803.20165433397
 31
0.0
100
AcDbText
  0
TEXT
  5
C37
330
17
100
AcDbEntity
  8
VM Aks Markası
100
AcDbText
 10
-811209.3223267249
 20
-67927.20308961382
 30
0.0
 40
40.0
  1
H
 11
-811209.3223267249
 21
-67927.20308961382
 31
0.0
100
AcDbText
  0
TEXT
  5
C38
330
17
100
AcDbEntity
  8
VM Aks Markası
100
AcDbText
 10
-811200.8031163847
 20
-68038.20185937395
 30
0.0
 40
40.0
  1
I
 11
-811200.8031163847
 21
-68038.20185937395
 31
0.0
100
AcDbText
  0
TEXT
  5
C39
330
17
100
AcDbEntity
  8
VM Aks Markası
100
AcDbText
 10
-811207.4175648203
 20
-68163.2027558278
 30
0.0
 40
40.0
  1
J
 11
-811207.4175648203
 21
-68163.2027558278
 31
0.0
100
AcDbText
  0
TEXT
  5
C3A
330
17
100
AcDbEntity
  8
VM Aks Markası
100
AcDbText
 10
-811209.3223267249
 20
-68278.30268422514
 30
0.0
 40
40.0
  1
K
 11
-811209.3223267249
 21
-68278.30268422514
 31
0.0
100
AcDbText
  0
TEXT
  5
C3B
330
17
100
AcDbEntity
  8
VM Aks Markası
100
AcDbText
 10
-811208.3699457727
 20
-68463.20205010881
 30
0.0
 40
40.0
  1
L
 11
-811208.3699457727
 21
-68463.20205010881
 31
0.0
100
AcDbText
  0
TEXT
  5
C3C
330
17
100
AcDbEntity
  8
VM Aks Markası
100
AcDbText
 10
-811210.2747076773
 20
-68631.57428543188
 30
0.0
 40
40.0
  1
M
 11
-811210.2747076773
 21
-68631.57428543188
 31
0.0
100
AcDbText
  0
TEXT
  5
C3D
330
17
100
AcDbEntity
  8
VM Aks Markası
100
AcDbText
 10
-811209.3223267249
 20
-68718.20264138689
 30
0.0
 40
40.0
  1
N
 11
-811209.3223267249
 21
-68718.20264138689
 31
0.0
100
AcDbText
  0
TEXT
  5
C3E
330
17
100
AcDbEntity
  8
VM Aks Markası
100
AcDbText
 10
-811210.2747076773
 20
-68807.68249554408
 30
0.0
 40
40.0
  1
O
 11
-811210.2747076773
 21
-68807.68249554408
 31
0.0
100
AcDbText
  0
TEXT
  5
C3F
330
17
100
AcDbEntity
  8
VM Aks Markası
100
AcDbText
 10
-811212.1887610388
 20
-69348.20113458147
 30
0.0
 40
40.0
  1
P
 11
-811212.1887610388
 21
-69348.20113458147
 31
0.0
100
AcDbText
  0
TEXT
  5
C40
330
17
100
AcDbEntity
  8
VM Aks Markası
100
AcDbText
 10
-811209.3223267249
 20
-69798.20167340746
 30
0.0
 40
40.0
  1
R
 11
-811209.3223267249
 21
-69798.20167340746
 31
0.0
100
AcDbText
  0
TEXT
  5
C41
330
17
100
AcDbEntity
  8
VM Aks Markası
100
AcDbText
 10
-811209.3223267249
 20
-70118.2019022893
 30
0.0
 40
40.0
  1
S
 11
-811209.3223267249
 21
-70118.2019022893
 31
0.0
100
AcDbText
  0
TEXT
  5
C42
330
17
100
AcDbEntity
  8
VM Aks Markası
100
AcDbText
 10
-811212.1887610388
 20
-70218.20125855913
 30
0.0
 40
40.0
  1
T
 11
-811212.1887610388
 21
-70218.20125855913
 31
0.0
100
AcDbText
  0
TEXT
  5
C43
330
17
100
AcDbEntity
  8
VM Aks Markası
100
AcDbText
 10
-811209.3223267249
 20
-70558.20261754503
 30
0.0
 40
40.0
  1
U
 11
-811209.3223267249
 21
-70558.20261754503
 31
0.0
100
AcDbText
  0
TEXT
  5
C44
330
17
100
AcDbEntity
  8
VM Aks Markası
100
AcDbText
 10
-811210.2749674638
 20
-70693.2023695897
 30
0.0
 40
40.0
  1
V
 11
-811210.2749674638
 21
-70693.2023695897
 31
0.0
100
AcDbText
  0
TEXT
  5
C45
330
17
100
AcDbEntity
  8
VM Aks Markası
100
AcDbText
 10
-811210.2747076773
 20
-71168.20154466142
 30
0.0
 40
40.0
  1
Y
 11
-811210.2747076773
 21
-71168.20154466142
 31
0.0
100
AcDbText
  0
TEXT
  5
C46
330
17
100
AcDbEntity
  8
VM Aks Markası
100
AcDbText
 10
-811209.3223267249
 20
-71363.20268430223
 30
0.0
 40
40.0
  1
Z
 11
-811209.3223267249
 21
-71363.20268430223
 31
0.0
100
AcDbText
  0
TEXT
  5
C47
330
17
100
AcDbEntity
  8
VM Aks Markası
100
AcDbText
 10
-811218.0109352452
 20
-71508.2013300847
 30
0.0
 40
40.0
  1
X1
 11
-811218.0109352452
 21
-71508.2013300847
 31
0.0
100
AcDbText
  0
TEXT
  5
C48
330
17
100
AcDbEntity
  8
VM Aks Markası
100
AcDbText
 10
-811218.8461362491
 20
-72038.20166863909
 30
0.0
 40
40.0
  1
X2
 11
-811218.8461362491
 21
-72038.20166863909
 31
0.0
100
AcDbText
  0
TEXT
  5
C49
330
17
100
AcDbEntity
  8
VM Aks Markası
100
AcDbText
 10
-811218.8463960354
 20
-72218.20144452562
 30
0.0
 40
40.0
  1
X3
 11
-811218.8463960354
 21
-72218.20144452562
 31
0.0
100
AcDbText
  0
TEXT
  5
C4A
330
17
100
AcDbEntity
  8
VM Aks Markası
100
AcDbText
 10
-811219.3225865114
 20
-72528.20246495714
 30
0.0
 40
40.0
  1
X4
 11
-811219.3225865114
 21
-72528.20246495714
 31
0.0
100
AcDbText
  0
TEXT
  5
C4B
330
17
100
AcDbEntity
  8
VM Aks Markası
100
AcDbText
 10
-811221.7125705628
 20
-72918.20285596361
 30
0.0
 40
40.0
  1
X5
 11
-811221.7125705628
 21
-72918.20285596361
 31
0.0
100
AcDbText
  0
TEXT
  5
C4C
330
17
100
AcDbEntity
  8
VM Aks Markası
100
AcDbText
 10
-811220.0900500361
 20
-74110.96458886038
 30
0.0
 40
40.0
  1
X6
 11
-811220.0900500361
 21
-74110.96458886038
 31
0.0
100
AcDbText
  0
TEXT
  5
C4D
330
17
100
AcDbEntity
  8
VM Aks Markası
100
AcDbText
 10
-811221.7125705628
 20
-73628.2014635991
 30
0.0
 40
40.0
  1
X7
 11
-811221.7125705628
 21
-73628.2014635991
 31
0.0
100
AcDbText
  0
TEXT
  5
C4E
330
17
100
AcDbEntity
  8
KM Dış Ölçü 100
100
AcDbText
 10
-828820.5182186429
 20
-67710.62019661651
 30
0.0
 40
22.0
  1
\A1;12634.8
 11
-828820.5182186429
 21
-67710.62019661651
 31
0.0
100
AcDbText
  0
TEXT
  5
C4F
330
17
100
AcDbEntity
  8
KM Dış Ölçü 100
100
AcDbText
 10
-811560.5220943755
 20
-68283.1200365721
 30
0.0
 40
22.0
  1
\A1;11489.8
 11
-811560.5220943755
 21
-68283.1200365721
 31
0.0
100
AcDbText
  0
TEXT
  5
C50
330
17
100
AcDbEntity
  8
KM Dış Ölçü 100
100
AcDbText
 10
-811360.5220943751
 20
-67710.69439344923
 30
0.0
 40
22.0
  1
\A1;12635
 11
-811360.5220943751
 21
-67710.69439344923
 31
0.0
100
AcDbText
  0
TEXT
  5
C51
330
17
100
AcDbEntity
  8
KM Dış Ölçü 100
100
AcDbText
 10
-828620.5182186428
 20
-69187.48821714905
 30
0.0
 40
22.0
  1
\A1;8573.4
 11
-828620.5182186428
 21
-69187.48821714905
 31
0.0
100
AcDbText
  0
TEXT
  5
C52
330
17
100
AcDbEntity
  8
VM Aks Markası
100
AcDbText
 10
-828958.6668943318
 20
-69147.01125920581
 30
0.0
 40
40.0
  1
O'
 11
-828958.6668943318
 21
-69147.01125920581
 31
0.0
100
AcDbText
  0
TEXT
  5
C53
330
17
100
AcDbEntity
  8
VM Aks Markası
100
AcDbText
 10
-811215.8043357503
 20
-69147.01125920581
 30
0.0
 40
40.0
  1
O'
 11
-811215.8043357503
 21
-69147.01125920581
 31
0.0
100
AcDbText
  0
TEXT
  5
C54
330
17
100
AcDbEntity
  8
KM Temel Kot Plan
100
AcDbText
 10
-816306.7851491796
 20
-71709.91149920935
 30
0.0
 40
20.0
  1
-4.83 (T.Ü.K) 
 11
-816306.7851491796
 21
-71709.91149920935
 31
0.0
100
AcDbText
  0
TEXT
  5
C55
330
17
100
AcDbEntity
  8
KM Temel Kot Plan
100
AcDbText
 10
-816306.7851491796
 20
-71748.40985430055
 30
0.0
 40
20.0
  1
-5.53 (T.A.K) 
 11
-816306.7851491796
 21
-71748.40985430055
 31
0.0
100
AcDbText
  0
TEXT
  5
C56
330
17
100
AcDbEntity
  8
KM Temel Kot Plan
100
AcDbText
 10
-816599.7361283766
 20
-71709.17429214146
 30
0.0
 40
20.0
  1
-4.83 (T.Ü.K) 
 11
-816599.7361283766
 21
-71709.17429214146
 31
0.0
100
AcDbText
  0
TEXT
  5
C57
330
17
100
AcDbEntity
  8
KM Temel Kot Plan
100
AcDbText
 10
-816599.7361283766
 20
-71747.67264723254
 30
0.0
 40
20.0
  1
-5.53 (T.A.K) 
 11
-816599.7361283766
 21
-71747.67264723254
 31
0.0
100
AcDbText
  0
TEXT
  5
C58
330
17
100
AcDbEntity
  8
KM Temel Kot Plan
100
AcDbText
 10
-817395.5238115077
 20
-71707.40698271652
 30
0.0
 40
20.0
  1
-4.83 (T.Ü.K) 
 11
-817395.5238115077
 21
-71707.40698271652
 31
0.0
100
AcDbText
  0
TEXT
  5
C59
330
17
100
AcDbEntity
  8
KM Temel Kot Plan
100
AcDbText
 10
-817395.5238115077
 20
-71745.90533780772
 30
0.0
 40
20.0
  1
-5.53 (T.A.K) 
 11
-817395.5238115077
 21
-71745.90533780772
 31
0.0
100
AcDbText
  0
TEXT
  5
C5A
330
17
100
AcDbEntity
  8
KM Temel Kot Plan
100
AcDbText
 10
-823216.9961213957
 20
-71702.59960292431
 30
0.0
 40
20.0
  1
-4.83 (T.Ü.K) 
 11
-823216.9961213957
 21
-71702.59960292431
 31
0.0
100
AcDbText
  0
TEXT
  5
C5B
330
17
100
AcDbEntity
  8
KM Temel Kot Plan
100
AcDbText
 10
-823216.9961213957
 20
-71741.09795801551
 30
0.0
 40
20.0
  1
-5.53 (T.A.K) 
 11
-823216.9961213957
 21
-71741.09795801551
 31
0.0
100
AcDbText
  0
TEXT
  5
C5C
330
17
100
AcDbEntity
  8
KM Temel Kot Plan
100
AcDbText
 10
-823511.6952204537
 20
-71706.63902161946
 30
0.0
 40
20.0
  1
-4.83 (T.Ü.K) 
 11
-823511.6952204537
 21
-71706.63902161946
 31
0.0
100
AcDbText
  0
TEXT
  5
C5D
330
17
100
AcDbEntity
  8
KM Temel Kot Plan
100
AcDbText
 10
-823511.6952204537
 20
-71745.13737671066
 30
0.0
 40
20.0
  1
-5.53 (T.A.K) 
 11
-823511.6952204537
 21
-71745.13737671066
 31
0.0
100
AcDbText
  0
TEXT
  5
C5E
330
17
100
AcDbEntity
  8
KM Temel Kot Plan
100
AcDbText
 10
-824314.6264918424
 20
-71703.30762215739
 30
0.0
 40
20.0
  1
-4.83 (T.Ü.K) 
 11
-824314.6264918424
 21
-71703.30762215739
 31
0.0
100
AcDbText
  0
TEXT
  5
C5F
330
17
100
AcDbEntity
  8
KM Temel Kot Plan
100
AcDbText
 10
-824314.6264918424
 20
-71741.80597724859
 30
0.0
 40
20.0
  1
-5.53 (T.A.K) 
 11
-824314.6264918424
 21
-71741.80597724859
 31
0.0
100
AcDbText
  0
TEXT
  5
C60
330
17
100
AcDbEntity
  8
KM Temel Marka
100
AcDbText
 10
-826520.3564875674
 20
-70294.39210078516
 30
0.0
 40
30.0
  1
RD1
 11
-826520.3564875674
 21
-70294.39210078516
 31
0.0
100
AcDbText
  0
TEXT
  5
C61
330
17
100
AcDbEntity
  8
KM Temel Marka
100
AcDbText
 10
-826524.3080895039
 20
-70353.18282495055
 30
0.0
 40
30.0
  1
70cm
 11
-826524.3080895039
 21
-70353.18282495055
 31
0.0
100
AcDbText
  0
TEXT
  5
C62
330
17
100
AcDbEntity
  8
KM Temel Kot Plan
100
AcDbText
 10
-826580.9506694063
 20
-70411.82506935985
 30
0.0
 40
20.0
  1
-3.33 (TEMEL ÜST KOT) 
 11
-826580.9506694063
 21
-70411.82506935985
 31
0.0
100
AcDbText
  0
TEXT
  5
C63
330
17
100
AcDbEntity
  8
KM Temel Kot Plan
100
AcDbText
 10
-826580.9506694063
 20
-70450.32342445105
 30
0.0
 40
20.0
  1
-4.03 (TEMEL ALT KOT) 
 11
-826580.9506694063
 21
-70450.32342445105
 31
0.0
100
AcDbText
  0
TEXT
  5
C64
330
17
100
AcDbEntity
  8
KM Temel Marka
100
AcDbText
 10
-826520.3564875674
 20
-71742.51284504496
 30
0.0
 40
30.0
  1
RD1
 11
-826520.3564875674
 21
-71742.51284504496
 31
0.0
100
AcDbText
  0
TEXT
  5
C65
330
17
100
AcDbEntity
  8
KM Temel Marka
100
AcDbText
 10
-826524.3080895039
 20
-71801.30356921034
 30
0.0
 40
30.0
  1
70cm
 11
-826524.3080895039
 21
-71801.30356921034
 31
0.0
100
AcDbText
  0
TEXT
  5
C66
330
17
100
AcDbEntity
  8
KM Temel Kot Plan
100
AcDbText
 10
-826580.9506694063
 20
-71859.94581361963
 30
0.0
 40
20.0
  1
-3.33 (TEMEL ÜST KOT) 
 11
-826580.9506694063
 21
-71859.94581361963
 31
0.0
100
AcDbText
  0
TEXT
  5
C67
330
17
100
AcDbEntity
  8
KM Temel Kot Plan
100
AcDbText
 10
-826580.9506694063
 20
-71898.44416871085
 30
0.0
 40
20.0
  1
-4.03 (TEMEL ALT KOT) 
 11
-826580.9506694063
 21
-71898.44416871085
 31
0.0
100
AcDbText
  0
TEXT
  5
C68
330
17
100
AcDbEntity
  8
KM Temel Marka
100
AcDbText
 10
-822325.3127546145
 20
-70294.39210078516
 30
0.0
 40
30.0
  1
RD1
 11
-822325.3127546145
 21
-70294.39210078516
 31
0.0
100
AcDbText
  0
TEXT
  5
C69
330
17
100
AcDbEntity
  8
KM Temel Marka
100
AcDbText
 10
-822329.2643565506
 20
-70353.18282495055
 30
0.0
 40
30.0
  1
70cm
 11
-822329.2643565506
 21
-70353.18282495055
 31
0.0
100
AcDbText
  0
TEXT
  5
C6A
330
17
100
AcDbEntity
  8
KM Temel Kot Plan
100
AcDbText
 10
-822385.906936453
 20
-70411.82506935985
 30
0.0
 40
20.0
  1
-3.33 (TEMEL ÜST KOT) 
 11
-822385.906936453
 21
-70411.82506935985
 31
0.0
100
AcDbText
  0
TEXT
  5
C6B
330
17
100
AcDbEntity
  8
KM Temel Kot Plan
100
AcDbText
 10
-822385.906936453
 20
-70450.32342445105
 30
0.0
 40
20.0
  1
-4.03 (TEMEL ALT KOT) 
 11
-822385.906936453
 21
-70450.32342445105
 31
0.0
100
AcDbText
  0
TEXT
  5
C6C
330
17
100
AcDbEntity
  8
KM Temel Marka
100
AcDbText
 10
-822411.2970375973
 20
-71742.51284504496
 30
0.0
 40
30.0
  1
RD1
 11
-822411.2970375973
 21
-71742.51284504496
 31
0.0
100
AcDbText
  0
TEXT
  5
C6D
330
17
100
AcDbEntity
  8
KM Temel Marka
100
AcDbText
 10
-822415.2486395338
 20
-71801.30356921034
 30
0.0
 40
30.0
  1
70cm
 11
-822415.2486395338
 21
-71801.30356921034
 31
0.0
100
AcDbText
  0
TEXT
  5
C6E
330
17
100
AcDbEntity
  8
KM Temel Kot Plan
100
AcDbText
 10
-822471.891219436
 20
-71859.94581361963
 30
0.0
 40
20.0
  1
-3.33 (TEMEL ÜST KOT) 
 11
-822471.891219436
 21
-71859.94581361963
 31
0.0
100
AcDbText
  0
TEXT
  5
C6F
330
17
100
AcDbEntity
  8
KM Temel Kot Plan
100
AcDbText
 10
-822471.891219436
 20
-71898.44416871085
 30
0.0
 40
20.0
  1
-4.03 (TEMEL ALT KOT) 
 11
-822471.891219436
 21
-71898.44416871085
 31
0.0
100
AcDbText
  0
TEXT
  5
C70
330
17
100
AcDbEntity
  8
KM Temel Marka
100
AcDbText
 10
-819583.6205755156
 20
-70294.39210078516
 30
0.0
 40
30.0
  1
RD1
 11
-819583.6205755156
 21
-70294.39210078516
 31
0.0
100
AcDbText
  0
TEXT
  5
C71
330
17
100
AcDbEntity
  8
KM Temel Marka
100
AcDbText
 10
-819587.5721774516
 20
-70353.18282495055
 30
0.0
 40
30.0
  1
70cm
 11
-819587.5721774516
 21
-70353.18282495055
 31
0.0
100
AcDbText
  0
TEXT
  5
C72
330
17
100
AcDbEntity
  8
KM Temel Kot Plan
100
AcDbText
 10
-819644.2147573538
 20
-70411.82506935985
 30
0.0
 40
20.0
  1
-3.33 (TEMEL ÜST KOT) 
 11
-819644.2147573538
 21
-70411.82506935985
 31
0.0
100
AcDbText
  0
TEXT
  5
C73
330
17
100
AcDbEntity
  8
KM Temel Kot Plan
100
AcDbText
 10
-819644.2147573538
 20
-70450.32342445105
 30
0.0
 40
20.0
  1
-4.03 (TEMEL ALT KOT) 
 11
-819644.2147573538
 21
-70450.32342445105
 31
0.0
100
AcDbText
  0
TEXT
  5
C74
330
17
100
AcDbEntity
  8
KM Temel Marka
100
AcDbText
 10
-819583.6205755156
 20
-71742.51284504496
 30
0.0
 40
30.0
  1
RD1
 11
-819583.6205755156
 21
-71742.51284504496
 31
0.0
100
AcDbText
  0
TEXT
  5
C75
330
17
100
AcDbEntity
  8
KM Temel Marka
100
AcDbText
 10
-819587.5721774516
 20
-71801.30356921034
 30
0.0
 40
30.0
  1
70cm
 11
-819587.5721774516
 21
-71801.30356921034
 31
0.0
100
AcDbText
  0
TEXT
  5
C76
330
17
100
AcDbEntity
  8
KM Temel Kot Plan
100
AcDbText
 10
-819644.2147573538
 20
-71859.94581361963
 30
0.0
 40
20.0
  1
-3.33 (TEMEL ÜST KOT) 
 11
-819644.2147573538
 21
-71859.94581361963
 31
0.0
100
AcDbText
  0
TEXT
  5
C77
330
17
100
AcDbEntity
  8
KM Temel Kot Plan
100
AcDbText
 10
-819644.2147573538
 20
-71898.44416871085
 30
0.0
 40
20.0
  1
-4.03 (TEMEL ALT KOT) 
 11
-819644.2147573538
 21
-71898.44416871085
 31
0.0
100
AcDbText
  0
TEXT
  5
C78
330
17
100
AcDbEntity
  8
KM Temel Marka
100
AcDbText
 10
-817891.1769449923
 20
-70294.39210078516
 30
0.0
 40
30.0
  1
RD1
 11
-817891.1769449923
 21
-70294.39210078516
 31
0.0
100
AcDbText
  0
TEXT
  5
C79
330
17
100
AcDbEntity
  8
KM Temel Marka
100
AcDbText
 10
-817895.1285469286
 20
-70353.18282495055
 30
0.0
 40
30.0
  1
70cm
 11
-817895.1285469286
 21
-70353.18282495055
 31
0.0
100
AcDbText
  0
TEXT
  5
C7A
330
17
100
AcDbEntity
  8
KM Temel Kot Plan
100
AcDbText
 10
-817951.7711268308
 20
-70411.82506935985
 30
0.0
 40
20.0
  1
-3.33 (TEMEL ÜST KOT) 
 11
-817951.7711268308
 21
-70411.82506935985
 31
0.0
100
AcDbText
  0
TEXT
  5
C7B
330
17
100
AcDbEntity
  8
KM Temel Kot Plan
100
AcDbText
 10
-817951.7711268308
 20
-70450.32342445105
 30
0.0
 40
20.0
  1
-4.03 (TEMEL ALT KOT) 
 11
-817951.7711268308
 21
-70450.32342445105
 31
0.0
100
AcDbText
  0
TEXT
  5
C7C
330
17
100
AcDbEntity
  8
KM Temel Marka
100
AcDbText
 10
-817891.1769449923
 20
-71742.51284504496
 30
0.0
 40
30.0
  1
RD1
 11
-817891.1769449923
 21
-71742.51284504496
 31
0.0
100
AcDbText
  0
TEXT
  5
C7D
330
17
100
AcDbEntity
  8
KM Temel Marka
100
AcDbText
 10
-817895.1285469286
 20
-71801.30356921034
 30
0.0
 40
30.0
  1
70cm
 11
-817895.1285469286
 21
-71801.30356921034
 31
0.0
100
AcDbText
  0
TEXT
  5
C7E
330
17
100
AcDbEntity
  8
KM Temel Kot Plan
100
AcDbText
 10
-817951.7711268308
 20
-71859.94581361963
 30
0.0
 40
20.0
  1
-3.33 (TEMEL ÜST KOT) 
 11
-817951.7711268308
 21
-71859.94581361963
 31
0.0
100
AcDbText
  0
TEXT
  5
C7F
330
17
100
AcDbEntity
  8
KM Temel Kot Plan
100
AcDbText
 10
-817951.7711268308
 20
-71898.44416871085
 30
0.0
 40
20.0
  1
-4.03 (TEMEL ALT KOT) 
 11
-817951.7711268308
 21
-71898.44416871085
 31
0.0
100
AcDbText
  0
TEXT
  5
C80
330
17
100
AcDbEntity
  8
KM Temel Marka
100
AcDbText
 10
-814416.8998741346
 20
-70294.39210078516
 30
0.0
 40
30.0
  1
RD1
 11
-814416.8998741346
 21
-70294.39210078516
 31
0.0
100
AcDbText
  0
TEXT
  5
C81
330
17
100
AcDbEntity
  8
KM Temel Marka
100
AcDbText
 10
-814420.8514760707
 20
-70353.18282495055
 30
0.0
 40
30.0
  1
70cm
 11
-814420.8514760707
 21
-70353.18282495055
 31
0.0
100
AcDbText
  0
TEXT
  5
C82
330
17
100
AcDbEntity
  8
KM Temel Kot Plan
100
AcDbText
 10
-814477.4940559729
 20
-70411.82506935985
 30
0.0
 40
20.0
  1
-3.33 (TEMEL ÜST KOT) 
 11
-814477.4940559729
 21
-70411.82506935985
 31
0.0
100
AcDbText
  0
TEXT
  5
C83
330
17
100
AcDbEntity
  8
KM Temel Kot Plan
100
AcDbText
 10
-814477.4940559729
 20
-70450.32342445105
 30
0.0
 40
20.0
  1
-4.03 (TEMEL ALT KOT) 
 11
-814477.4940559729
 21
-70450.32342445105
 31
0.0
100
AcDbText
  0
TEXT
  5
C84
330
17
100
AcDbEntity
  8
KM Temel Marka
100
AcDbText
 10
-814376.9818475574
 20
-71742.51284504496
 30
0.0
 40
30.0
  1
RD1
 11
-814376.9818475574
 21
-71742.51284504496
 31
0.0
100
AcDbText
  0
TEXT
  5
C85
330
17
100
AcDbEntity
  8
KM Temel Marka
100
AcDbText
 10
-814380.9334494937
 20
-71801.30356921034
 30
0.0
 40
30.0
  1
70cm
 11
-814380.9334494937
 21
-71801.30356921034
 31
0.0
100
AcDbText
  0
TEXT
  5
C86
330
17
100
AcDbEntity
  8
KM Temel Kot Plan
100
AcDbText
 10
-814437.5760293959
 20
-71859.94581361963
 30
0.0
 40
20.0
  1
-3.33 (TEMEL ÜST KOT) 
 11
-814437.5760293959
 21
-71859.94581361963
 31
0.0
100
AcDbText
  0
TEXT
  5
C87
330
17
100
AcDbEntity
  8
KM Temel Kot Plan
100
AcDbText
 10
-814437.5760293959
 20
-71898.44416871085
 30
0.0
 40
20.0
  1
-4.03 (TEMEL ALT KOT) 
 11
-814437.5760293959
 21
-71898.44416871085
 31
0.0
100
AcDbText
  0
TEXT
  5
C88
330
17
100
AcDbEntity
  8
KM Temel Marka
100
AcDbText
 10
-815800.4421461795
 20
-70294.39210078516
 30
0.0
 40
30.0
  1
RD1
 11
-815800.4421461795
 21
-70294.39210078516
 31
0.0
100
AcDbText
  0
TEXT
  5
C89
330
17
100
AcDbEntity
  8
KM Temel Marka
100
AcDbText
 10
-815804.3937481157
 20
-70353.18282495055
 30
0.0
 40
30.0
  1
70cm
 11
-815804.3937481157
 21
-70353.18282495055
 31
0.0
100
AcDbText
  0
TEXT
  5
C8A
330
17
100
AcDbEntity
  8
KM Temel Kot Plan
100
AcDbText
 10
-815861.036328018
 20
-70411.82506935985
 30
0.0
 40
20.0
  1
-3.33 (TEMEL ÜST KOT) 
 11
-815861.036328018
 21
-70411.82506935985
 31
0.0
100
AcDbText
  0
TEXT
  5
C8B
330
17
100
AcDbEntity
  8
KM Temel Kot Plan
100
AcDbText
 10
-815861.036328018
 20
-70450.32342445105
 30
0.0
 40
20.0
  1
-4.03 (TEMEL ALT KOT) 
 11
-815861.036328018
 21
-70450.32342445105
 31
0.0
100
AcDbText
  0
TEXT
  5
C8C
330
17
100
AcDbEntity
  8
KM Temel Marka
100
AcDbText
 10
-815445.2801499349
 20
-71766.80928323267
 30
0.0
 40
30.0
  1
RD1
 11
-815445.2801499349
 21
-71766.80928323267
 31
0.0
100
AcDbText
  0
TEXT
  5
C8D
330
17
100
AcDbEntity
  8
KM Temel Marka
100
AcDbText
 10
-815449.2317518714
 20
-71825.60000739817
 30
0.0
 40
30.0
  1
70cm
 11
-815449.2317518714
 21
-71825.60000739817
 31
0.0
100
AcDbText
  0
TEXT
  5
C8E
330
17
100
AcDbEntity
  8
KM Temel Kot Plan
100
AcDbText
 10
-815505.8743317736
 20
-71884.24225180747
 30
0.0
 40
20.0
  1
-3.33 (TEMEL ÜST KOT) 
 11
-815505.8743317736
 21
-71884.24225180747
 31
0.0
100
AcDbText
  0
TEXT
  5
C8F
330
17
100
AcDbEntity
  8
KM Temel Kot Plan
100
AcDbText
 10
-815505.8743317736
 20
-71922.74060689867
 30
0.0
 40
20.0
  1
-4.03 (TEMEL ALT KOT) 
 11
-815505.8743317736
 21
-71922.74060689867
 31
0.0
100
AcDbText
  0
TEXT
  5
C90
330
17
100
AcDbEntity
  8
KM Temel Marka
100
AcDbText
 10
-824804.4867563498
 20
-70294.39210078516
 30
0.0
 40
30.0
  1
RD1
 11
-824804.4867563498
 21
-70294.39210078516
 31
0.0
100
AcDbText
  0
TEXT
  5
C91
330
17
100
AcDbEntity
  8
KM Temel Marka
100
AcDbText
 10
-824808.4383582863
 20
-70353.18282495055
 30
0.0
 40
30.0
  1
70cm
 11
-824808.4383582863
 21
-70353.18282495055
 31
0.0
100
AcDbText
  0
TEXT
  5
C92
330
17
100
AcDbEntity
  8
KM Temel Kot Plan
100
AcDbText
 10
-824865.0809381887
 20
-70411.82506935985
 30
0.0
 40
20.0
  1
-3.33 (TEMEL ÜST KOT) 
 11
-824865.0809381887
 21
-70411.82506935985
 31
0.0
100
AcDbText
  0
TEXT
  5
C93
330
17
100
AcDbEntity
  8
KM Temel Kot Plan
100
AcDbText
 10
-824865.0809381887
 20
-70450.32342445105
 30
0.0
 40
20.0
  1
-4.03 (TEMEL ALT KOT) 
 11
-824865.0809381887
 21
-70450.32342445105
 31
0.0
100
AcDbText
  0
TEXT
  5
C94
330
17
100
AcDbEntity
  8
KM Temel Marka
100
AcDbText
 10
-824821.178578262
 20
-71742.51284504496
 30
0.0
 40
30.0
  1
RD1
 11
-824821.178578262
 21
-71742.51284504496
 31
0.0
100
AcDbText
  0
TEXT
  5
C95
330
17
100
AcDbEntity
  8
KM Temel Marka
100
AcDbText
 10
-824825.1301801983
 20
-71801.30356921034
 30
0.0
 40
30.0
  1
70cm
 11
-824825.1301801983
 21
-71801.30356921034
 31
0.0
100
AcDbText
  0
TEXT
  5
C96
330
17
100
AcDbEntity
  8
KM Temel Kot Plan
100
AcDbText
 10
-824881.7727601007
 20
-71859.94581361963
 30
0.0
 40
20.0
  1
-3.33 (TEMEL ÜST KOT) 
 11
-824881.7727601007
 21
-71859.94581361963
 31
0.0
100
AcDbText
  0
TEXT
  5
C97
330
17
100
AcDbEntity
  8
KM Temel Kot Plan
100
AcDbText
 10
-824881.7727601007
 20
-71898.44416871085
 30
0.0
 40
20.0
  1
-4.03 (TEMEL ALT KOT) 
 11
-824881.7727601007
 21
-71898.44416871085
 31
0.0
100
AcDbText
  0
TEXT
  5
C98
330
17
100
AcDbEntity
  8
KM Temel Marka
100
AcDbText
 10
-826334.9237407153
 20
-69554.55343822762
 30
0.0
 40
30.0
  1
RD2
 11
-826334.9237407153
 21
-69554.55343822762
 31
0.0
100
AcDbText
  0
TEXT
  5
C99
330
17
100
AcDbEntity
  8
KM Temel Marka
100
AcDbText
 10
-826338.8753426516
 20
-69613.34416239313
 30
0.0
 40
30.0
  1
40cm
 11
-826338.8753426516
 21
-69613.34416239313
 31
0.0
100
AcDbText
  0
TEXT
  5
C9A
330
17
100
AcDbEntity
  8
KM Temel Kot Plan
100
AcDbText
 10
-826395.5179225538
 20
-69671.98640680232
 30
0.0
 40
20.0
  1
-3.33 (TEMEL ÜST KOT) 
 11
-826395.5179225538
 21
-69671.98640680232
 31
0.0
100
AcDbText
  0
TEXT
  5
C9B
330
17
100
AcDbEntity
  8
KM Temel Kot Plan
100
AcDbText
 10
-826395.5179225538
 20
-69710.48476189352
 30
0.0
 40
20.0
  1
-3.73 (TEMEL ALT KOT) 
 11
-826395.5179225538
 21
-69710.48476189352
 31
0.0
100
AcDbText
  0
TEXT
  5
C9C
330
17
100
AcDbEntity
  8
KM Temel Marka
100
AcDbText
 10
-824621.3795807285
 20
-69551.42487701285
 30
0.0
 40
30.0
  1
RD2
 11
-824621.3795807285
 21
-69551.42487701285
 31
0.0
100
AcDbText
  0
TEXT
  5
C9D
330
17
100
AcDbEntity
  8
KM Temel Marka
100
AcDbText
 10
-824625.3311826651
 20
-69610.21560117824
 30
0.0
 40
30.0
  1
40cm
 11
-824625.3311826651
 21
-69610.21560117824
 31
0.0
100
AcDbText
  0
TEXT
  5
C9E
330
17
100
AcDbEntity
  8
KM Temel Kot Plan
100
AcDbText
 10
-824681.9737625672
 20
-69668.85784558754
 30
0.0
 40
20.0
  1
-3.33 (TEMEL ÜST KOT) 
 11
-824681.9737625672
 21
-69668.85784558754
 31
0.0
100
AcDbText
  0
TEXT
  5
C9F
330
17
100
AcDbEntity
  8
KM Temel Kot Plan
100
AcDbText
 10
-824681.9737625672
 20
-69707.35620067874
 30
0.0
 40
20.0
  1
-3.73 (TEMEL ALT KOT) 
 11
-824681.9737625672
 21
-69707.35620067874
 31
0.0
100
AcDbText
  0
TEXT
  5
CA0
330
17
100
AcDbEntity
  8
KM Temel Marka
100
AcDbText
 10
-821799.9754926681
 20
-69563.55044999684
 30
0.0
 40
30.0
  1
RD2
 11
-821799.9754926681
 21
-69563.55044999684
 31
0.0
100
AcDbText
  0
TEXT
  5
CA1
330
17
100
AcDbEntity
  8
KM Temel Marka
100
AcDbText
 10
-821803.9270946047
 20
-69622.34117416223
 30
0.0
 40
30.0
  1
40cm
 11
-821803.9270946047
 21
-69622.34117416223
 31
0.0
100
AcDbText
  0
TEXT
  5
CA2
330
17
100
AcDbEntity
  8
KM Temel Kot Plan
100
AcDbText
 10
-821860.5696745068
 20
-69680.98341857153
 30
0.0
 40
20.0
  1
-3.33 (TEMEL ÜST KOT) 
 11
-821860.5696745068
 21
-69680.98341857153
 31
0.0
100
AcDbText
  0
TEXT
  5
CA3
330
17
100
AcDbEntity
  8
KM Temel Kot Plan
100
AcDbText
 10
-821860.5696745068
 20
-69719.48177366273
 30
0.0
 40
20.0
  1
-3.73 (TEMEL ALT KOT) 
 11
-821860.5696745068
 21
-69719.48177366273
 31
0.0
100
AcDbText
  0
TEXT
  5
CA4
330
17
100
AcDbEntity
  8
KM Temel Marka
100
AcDbText
 10
-819827.359210325
 20
-69546.15554272744
 30
0.0
 40
30.0
  1
RD2
 11
-819827.359210325
 21
-69546.15554272744
 31
0.0
100
AcDbText
  0
TEXT
  5
CA5
330
17
100
AcDbEntity
  8
KM Temel Marka
100
AcDbText
 10
-819831.3108122615
 20
-69604.94626689293
 30
0.0
 40
30.0
  1
40cm
 11
-819831.3108122615
 21
-69604.94626689293
 31
0.0
100
AcDbText
  0
TEXT
  5
CA6
330
17
100
AcDbEntity
  8
KM Temel Kot Plan
100
AcDbText
 10
-819887.9533921637
 20
-69663.58851130214
 30
0.0
 40
20.0
  1
-3.33 (TEMEL ÜST KOT) 
 11
-819887.9533921637
 21
-69663.58851130214
 31
0.0
100
AcDbText
  0
TEXT
  5
CA7
330
17
100
AcDbEntity
  8
KM Temel Kot Plan
100
AcDbText
 10
-819887.9533921637
 20
-69702.08686639334
 30
0.0
 40
20.0
  1
-3.73 (TEMEL ALT KOT) 
 11
-819887.9533921637
 21
-69702.08686639334
 31
0.0
100
AcDbText
  0
TEXT
  5
CA8
330
17
100
AcDbEntity
  8
KM Temel Marka
100
AcDbText
 10
-818104.4798807492
 20
-69543.02393826655
 30
0.0
 40
30.0
  1
RD2
 11
-818104.4798807492
 21
-69543.02393826655
 31
0.0
100
AcDbText
  0
TEXT
  5
CA9
330
17
100
AcDbEntity
  8
KM Temel Marka
100
AcDbText
 10
-818108.4314826856
 20
-69601.81466243195
 30
0.0
 40
30.0
  1
40cm
 11
-818108.4314826856
 21
-69601.81466243195
 31
0.0
100
AcDbText
  0
TEXT
  5
CAA
330
17
100
AcDbEntity
  8
KM Temel Kot Plan
100
AcDbText
 10
-818165.0740625878
 20
-69660.45690684125
 30
0.0
 40
20.0
  1
-3.33 (TEMEL ÜST KOT) 
 11
-818165.0740625878
 21
-69660.45690684125
 31
0.0
100
AcDbText
  0
TEXT
  5
CAB
330
17
100
AcDbEntity
  8
KM Temel Kot Plan
100
AcDbText
 10
-818165.0740625878
 20
-69698.95526193245
 30
0.0
 40
20.0
  1
-3.73 (TEMEL ALT KOT) 
 11
-818165.0740625878
 21
-69698.95526193245
 31
0.0
100
AcDbText
  0
TEXT
  5
CAC
330
17
100
AcDbEntity
  8
KM Temel Marka
100
AcDbText
 10
-815436.0473797551
 20
-69556.76288161543
 30
0.0
 40
30.0
  1
RD2
 11
-815436.0473797551
 21
-69556.76288161543
 31
0.0
100
AcDbText
  0
TEXT
  5
CAD
330
17
100
AcDbEntity
  8
KM Temel Marka
100
AcDbText
 10
-815439.9989816914
 20
-69615.55360578082
 30
0.0
 40
30.0
  1
40cm
 11
-815439.9989816914
 21
-69615.55360578082
 31
0.0
100
AcDbText
  0
TEXT
  5
CAE
330
17
100
AcDbEntity
  8
KM Temel Kot Plan
100
AcDbText
 10
-815496.6415615936
 20
-69674.19585019012
 30
0.0
 40
20.0
  1
-3.33 (TEMEL ÜST KOT) 
 11
-815496.6415615936
 21
-69674.19585019012
 31
0.0
100
AcDbText
  0
TEXT
  5
CAF
330
17
100
AcDbEntity
  8
KM Temel Kot Plan
100
AcDbText
 10
-815496.6415615936
 20
-69712.69420528132
 30
0.0
 40
20.0
  1
-3.73 (TEMEL ALT KOT) 
 11
-815496.6415615936
 21
-69712.69420528132
 31
0.0
100
AcDbText
  0
TEXT
  5
CB0
330
17
100
AcDbEntity
  8
KM Temel Marka
100
AcDbText
 10
-814401.9876907128
 20
-69546.20687787572
 30
0.0
 40
30.0
  1
RD2
 11
-814401.9876907128
 21
-69546.20687787572
 31
0.0
100
AcDbText
  0
TEXT
  5
CB1
330
17
100
AcDbEntity
  8
KM Temel Marka
100
AcDbText
 10
-814405.9392926492
 20
-69604.99760204111
 30
0.0
 40
30.0
  1
40cm
 11
-814405.9392926492
 21
-69604.99760204111
 31
0.0
100
AcDbText
  0
TEXT
  5
CB2
330
17
100
AcDbEntity
  8
KM Temel Kot Plan
100
AcDbText
 10
-814462.5818725514
 20
-69663.6398464503
 30
0.0
 40
20.0
  1
-3.33 (TEMEL ÜST KOT) 
 11
-814462.5818725514
 21
-69663.6398464503
 31
0.0
100
AcDbText
  0
TEXT
  5
CB3
330
17
100
AcDbEntity
  8
KM Temel Kot Plan
100
AcDbText
 10
-814462.5818725514
 20
-69702.13820154162
 30
0.0
 40
20.0
  1
-3.73 (TEMEL ALT KOT) 
 11
-814462.5818725514
 21
-69702.13820154162
 31
0.0
100
AcDbText
  0
TEXT
  5
CB4
330
17
100
AcDbEntity
  8
KM Temel Marka
100
AcDbText
 10
-826324.878657587
 20
-73052.74246713193
 30
0.0
 40
30.0
  1
RD2
 11
-826324.878657587
 21
-73052.74246713193
 31
0.0
100
AcDbText
  0
TEXT
  5
CB5
330
17
100
AcDbEntity
  8
KM Temel Marka
100
AcDbText
 10
-826328.8302595234
 20
-73111.53319129732
 30
0.0
 40
30.0
  1
40cm
 11
-826328.8302595234
 21
-73111.53319129732
 31
0.0
100
AcDbText
  0
TEXT
  5
CB6
330
17
100
AcDbEntity
  8
KM Temel Kot Plan
100
AcDbText
 10
-826385.4728394256
 20
-73170.17543570662
 30
0.0
 40
20.0
  1
-3.33 (TEMEL ÜST KOT) 
 11
-826385.4728394256
 21
-73170.17543570662
 31
0.0
100
AcDbText
  0
TEXT
  5
CB7
330
17
100
AcDbEntity
  8
KM Temel Kot Plan
100
AcDbText
 10
-826385.4728394256
 20
-73208.67379079782
 30
0.0
 40
20.0
  1
-3.73 (TEMEL ALT KOT) 
 11
-826385.4728394256
 21
-73208.67379079782
 31
0.0
100
AcDbText
  0
TEXT
  5
CB8
330
17
100
AcDbEntity
  8
KM Temel Marka
100
AcDbText
 10
-824626.2250764258
 20
-73052.74246713193
 30
0.0
 40
30.0
  1
RD2
 11
-824626.2250764258
 21
-73052.74246713193
 31
0.0
100
AcDbText
  0
TEXT
  5
CB9
330
17
100
AcDbEntity
  8
KM Temel Marka
100
AcDbText
 10
-824630.1766783622
 20
-73111.53319129732
 30
0.0
 40
30.0
  1
40cm
 11
-824630.1766783622
 21
-73111.53319129732
 31
0.0
100
AcDbText
  0
TEXT
  5
CBA
330
17
100
AcDbEntity
  8
KM Temel Kot Plan
100
AcDbText
 10
-824686.8192582644
 20
-73170.17543570662
 30
0.0
 40
20.0
  1
-3.33 (TEMEL ÜST KOT) 
 11
-824686.8192582644
 21
-73170.17543570662
 31
0.0
100
AcDbText
  0
TEXT
  5
CBB
330
17
100
AcDbEntity
  8
KM Temel Kot Plan
100
AcDbText
 10
-824686.8192582644
 20
-73208.67379079782
 30
0.0
 40
20.0
  1
-3.73 (TEMEL ALT KOT) 
 11
-824686.8192582644
 21
-73208.67379079782
 31
0.0
100
AcDbText
  0
TEXT
  5
CBC
330
17
100
AcDbEntity
  8
KM Temel Marka
100
AcDbText
 10
-822497.9548479934
 20
-73052.74246713193
 30
0.0
 40
30.0
  1
RD2
 11
-822497.9548479934
 21
-73052.74246713193
 31
0.0
100
AcDbText
  0
TEXT
  5
CBD
330
17
100
AcDbEntity
  8
KM Temel Marka
100
AcDbText
 10
-822501.9064499297
 20
-73111.53319129732
 30
0.0
 40
30.0
  1
40cm
 11
-822501.9064499297
 21
-73111.53319129732
 31
0.0
100
AcDbText
  0
TEXT
  5
CBE
330
17
100
AcDbEntity
  8
KM Temel Kot Plan
100
AcDbText
 10
-822558.5490298319
 20
-73170.17543570662
 30
0.0
 40
20.0
  1
-3.33 (TEMEL ÜST KOT) 
 11
-822558.5490298319
 21
-73170.17543570662
 31
0.0
100
AcDbText
  0
TEXT
  5
CBF
330
17
100
AcDbEntity
  8
KM Temel Kot Plan
100
AcDbText
 10
-822558.5490298319
 20
-73208.67379079782
 30
0.0
 40
20.0
  1
-3.73 (TEMEL ALT KOT) 
 11
-822558.5490298319
 21
-73208.67379079782
 31
0.0
100
AcDbText
  0
TEXT
  5
CC0
330
17
100
AcDbEntity
  8
KM Temel Marka
100
AcDbText
 10
-819850.756989847
 20
-73052.74246713193
 30
0.0
 40
30.0
  1
RD2
 11
-819850.756989847
 21
-73052.74246713193
 31
0.0
100
AcDbText
  0
TEXT
  5
CC1
330
17
100
AcDbEntity
  8
KM Temel Marka
100
AcDbText
 10
-819854.7085917832
 20
-73111.53319129732
 30
0.0
 40
30.0
  1
40cm
 11
-819854.7085917832
 21
-73111.53319129732
 31
0.0
100
AcDbText
  0
TEXT
  5
CC2
330
17
100
AcDbEntity
  8
KM Temel Kot Plan
100
AcDbText
 10
-819911.3511716854
 20
-73170.17543570662
 30
0.0
 40
20.0
  1
-3.33 (TEMEL ÜST KOT) 
 11
-819911.3511716854
 21
-73170.17543570662
 31
0.0
100
AcDbText
  0
TEXT
  5
CC3
330
17
100
AcDbEntity
  8
KM Temel Kot Plan
100
AcDbText
 10
-819911.3511716854
 20
-73208.67379079782
 30
0.0
 40
20.0
  1
-3.73 (TEMEL ALT KOT) 
 11
-819911.3511716854
 21
-73208.67379079782
 31
0.0
100
AcDbText
  0
TEXT
  5
CC4
330
17
100
AcDbEntity
  8
KM Temel Marka
100
AcDbText
 10
-818095.9185322056
 20
-73052.74246713193
 30
0.0
 40
30.0
  1
RD2
 11
-818095.9185322056
 21
-73052.74246713193
 31
0.0
100
AcDbText
  0
TEXT
  5
CC5
330
17
100
AcDbEntity
  8
KM Temel Marka
100
AcDbText
 10
-818099.8701341421
 20
-73111.53319129732
 30
0.0
 40
30.0
  1
40cm
 11
-818099.8701341421
 21
-73111.53319129732
 31
0.0
100
AcDbText
  0
TEXT
  5
CC6
330
17
100
AcDbEntity
  8
KM Temel Kot Plan
100
AcDbText
 10
-818156.5127140443
 20
-73170.17543570662
 30
0.0
 40
20.0
  1
-3.33 (TEMEL ÜST KOT) 
 11
-818156.5127140443
 21
-73170.17543570662
 31
0.0
100
AcDbText
  0
TEXT
  5
CC7
330
17
100
AcDbEntity
  8
KM Temel Kot Plan
100
AcDbText
 10
-818156.5127140443
 20
-73208.67379079782
 30
0.0
 40
20.0
  1
-3.73 (TEMEL ALT KOT) 
 11
-818156.5127140443
 21
-73208.67379079782
 31
0.0
100
AcDbText
  0
TEXT
  5
CC8
330
17
100
AcDbEntity
  8
KM Temel Marka
100
AcDbText
 10
-815457.4266612298
 20
-73052.74246713193
 30
0.0
 40
30.0
  1
RD2
 11
-815457.4266612298
 21
-73052.74246713193
 31
0.0
100
AcDbText
  0
TEXT
  5
CC9
330
17
100
AcDbEntity
  8
KM Temel Marka
100
AcDbText
 10
-815461.3782631662
 20
-73111.53319129732
 30
0.0
 40
30.0
  1
40cm
 11
-815461.3782631662
 21
-73111.53319129732
 31
0.0
100
AcDbText
  0
TEXT
  5
CCA
330
17
100
AcDbEntity
  8
KM Temel Kot Plan
100
AcDbText
 10
-815518.0208430683
 20
-73170.17543570662
 30
0.0
 40
20.0
  1
-3.33 (TEMEL ÜST KOT) 
 11
-815518.0208430683
 21
-73170.17543570662
 31
0.0
100
AcDbText
  0
TEXT
  5
CCB
330
17
100
AcDbEntity
  8
KM Temel Kot Plan
100
AcDbText
 10
-815518.0208430683
 20
-73208.67379079782
 30
0.0
 40
20.0
  1
-3.73 (TEMEL ALT KOT) 
 11
-815518.0208430683
 21
-73208.67379079782
 31
0.0
100
AcDbText
  0
TEXT
  5
CCC
330
17
100
AcDbEntity
  8
KM Temel Marka
100
AcDbText
 10
-814456.806935891
 20
-73052.74246713193
 30
0.0
 40
30.0
  1
RD2
 11
-814456.806935891
 21
-73052.74246713193
 31
0.0
100
AcDbText
  0
TEXT
  5
CCD
330
17
100
AcDbEntity
  8
KM Temel Marka
100
AcDbText
 10
-814460.7585378272
 20
-73111.53319129732
 30
0.0
 40
30.0
  1
40cm
 11
-814460.7585378272
 21
-73111.53319129732
 31
0.0
100
AcDbText
  0
TEXT
  5
CCE
330
17
100
AcDbEntity
  8
KM Temel Kot Plan
100
AcDbText
 10
-814517.4011177294
 20
-73170.17543570662
 30
0.0
 40
20.0
  1
-3.33 (TEMEL ÜST KOT) 
 11
-814517.4011177294
 21
-73170.17543570662
 31
0.0
100
AcDbText
  0
TEXT
  5
CCF
330
17
100
AcDbEntity
  8
KM Temel Kot Plan
100
AcDbText
 10
-814517.4011177294
 20
-73208.67379079782
 30
0.0
 40
20.0
  1
-3.73 (TEMEL ALT KOT) 
 11
-814517.4011177294
 21
-73208.67379079782
 31
0.0
100
AcDbText
  0
TEXT
  5
CD0
330
17
100
AcDbEntity
  8
KM Temel Marka
100
AcDbText
 10
-827888.266448271
 20
-73052.74246713193
 30
0.0
 40
30.0
  1
RD2
 11
-827888.266448271
 21
-73052.74246713193
 31
0.0
100
AcDbText
  0
TEXT
  5
CD1
330
17
100
AcDbEntity
  8
KM Temel Marka
100
AcDbText
 10
-827892.2180502075
 20
-73111.53319129732
 30
0.0
 40
30.0
  1
40cm
 11
-827892.2180502075
 21
-73111.53319129732
 31
0.0
100
AcDbText
  0
TEXT
  5
CD2
330
17
100
AcDbEntity
  8
KM Temel Kot Plan
100
AcDbText
 10
-827948.8606301098
 20
-73170.17543570662
 30
0.0
 40
20.0
  1
-3.33 (TEMEL ÜST KOT) 
 11
-827948.8606301098
 21
-73170.17543570662
 31
0.0
100
AcDbText
  0
TEXT
  5
CD3
330
17
100
AcDbEntity
  8
KM Temel Kot Plan
100
AcDbText
 10
-827948.8606301098
 20
-73208.67379079782
 30
0.0
 40
20.0
  1
-3.73 (TEMEL ALT KOT) 
 11
-827948.8606301098
 21
-73208.67379079782
 31
0.0
100
AcDbText
  0
TEXT
  5
CD4
330
17
100
AcDbEntity
  8
KM Temel Marka
100
AcDbText
 10
-827931.7549139122
 20
-71770.4996448732
 30
0.0
 40
30.0
  1
RD2
 11
-827931.7549139122
 21
-71770.4996448732
 31
0.0
100
AcDbText
  0
TEXT
  5
CD5
330
17
100
AcDbEntity
  8
KM Temel Marka
100
AcDbText
 10
-827935.7065158488
 20
-71829.2903690387
 30
0.0
 40
30.0
  1
40cm
 11
-827935.7065158488
 21
-71829.2903690387
 31
0.0
100
AcDbText
  0
TEXT
  5
CD6
330
17
100
AcDbEntity
  8
KM Temel Kot Plan
100
AcDbText
 10
-827992.349095751
 20
-71887.932613448
 30
0.0
 40
20.0
  1
-3.33 (TEMEL ÜST KOT) 
 11
-827992.349095751
 21
-71887.932613448
 31
0.0
100
AcDbText
  0
TEXT
  5
CD7
330
17
100
AcDbEntity
  8
KM Temel Kot Plan
100
AcDbText
 10
-827992.349095751
 20
-71926.4309685392
 30
0.0
 40
20.0
  1
-3.73 (TEMEL ALT KOT) 
 11
-827992.349095751
 21
-71926.4309685392
 31
0.0
100
AcDbText
  0
TEXT
  5
CD8
330
17
100
AcDbEntity
  8
KM Temel Marka
100
AcDbText
 10
-827940.6952248442
 20
-70294.39210078516
 30
0.0
 40
30.0
  1
RD2
 11
-827940.6952248442
 21
-70294.39210078516
 31
0.0
100
AcDbText
  0
TEXT
  5
CD9
330
17
100
AcDbEntity
  8
KM Temel Marka
100
AcDbText
 10
-827944.6468267806
 20
-70353.18282495055
 30
0.0
 40
30.0
  1
40cm
 11
-827944.6468267806
 21
-70353.18282495055
 31
0.0
100
AcDbText
  0
TEXT
  5
CDA
330
17
100
AcDbEntity
  8
KM Temel Kot Plan
100
AcDbText
 10
-828001.2894066828
 20
-70411.82506935985
 30
0.0
 40
20.0
  1
-3.33 (TEMEL ÜST KOT) 
 11
-828001.2894066828
 21
-70411.82506935985
 31
0.0
100
AcDbText
  0
TEXT
  5
CDB
330
17
100
AcDbEntity
  8
KM Temel Kot Plan
100
AcDbText
 10
-828001.2894066828
 20
-70450.32342445105
 30
0.0
 40
20.0
  1
-3.73 (TEMEL ALT KOT) 
 11
-828001.2894066828
 21
-70450.32342445105
 31
0.0
100
AcDbText
  0
TEXT
  5
CDC
330
17
100
AcDbEntity
  8
KM Temel Marka
100
AcDbText
 10
-827965.7010679997
 20
-68860.15837577183
 30
0.0
 40
30.0
  1
RD2
 11
-827965.7010679997
 21
-68860.15837577183
 31
0.0
100
AcDbText
  0
TEXT
  5
CDD
330
17
100
AcDbEntity
  8
KM Temel Marka
100
AcDbText
 10
-827969.652669936
 20
-68918.94909993734
 30
0.0
 40
30.0
  1
40cm
 11
-827969.652669936
 21
-68918.94909993734
 31
0.0
100
AcDbText
  0
TEXT
  5
CDE
330
17
100
AcDbEntity
  8
KM Temel Kot Plan
100
AcDbText
 10
-828026.2952498381
 20
-68977.59134434664
 30
0.0
 40
20.0
  1
-3.33 (TEMEL ÜST KOT) 
 11
-828026.2952498381
 21
-68977.59134434664
 31
0.0
100
AcDbText
  0
TEXT
  5
CDF
330
17
100
AcDbEntity
  8
KM Temel Kot Plan
100
AcDbText
 10
-828026.2952498381
 20
-69016.08969943784
 30
0.0
 40
20.0
  1
-3.73 (TEMEL ALT KOT) 
 11
-828026.2952498381
 21
-69016.08969943784
 31
0.0
100
AcDbText
  0
TEXT
  5
CE0
330
17
100
AcDbEntity
  8
KM Temel Marka
100
AcDbText
 10
-812370.7097233197
 20
-73053.85507315188
 30
0.0
 40
30.0
  1
RD2
 11
-812370.7097233197
 21
-73053.85507315188
 31
0.0
100
AcDbText
  0
TEXT
  5
CE1
330
17
100
AcDbEntity
  8
KM Temel Marka
100
AcDbText
 10
-812374.6613252562
 20
-73112.64579731727
 30
0.0
 40
30.0
  1
40cm
 11
-812374.6613252562
 21
-73112.64579731727
 31
0.0
100
AcDbText
  0
TEXT
  5
CE2
330
17
100
AcDbEntity
  8
KM Temel Kot Plan
100
AcDbText
 10
-812431.3039051584
 20
-73171.28804172657
 30
0.0
 40
20.0
  1
-3.33 (TEMEL ÜST KOT) 
 11
-812431.3039051584
 21
-73171.28804172657
 31
0.0
100
AcDbText
  0
TEXT
  5
CE3
330
17
100
AcDbEntity
  8
KM Temel Kot Plan
100
AcDbText
 10
-812431.3039051584
 20
-73209.78639681777
 30
0.0
 40
20.0
  1
-3.73 (TEMEL ALT KOT) 
 11
-812431.3039051584
 21
-73209.78639681777
 31
0.0
100
AcDbText
  0
TEXT
  5
CE4
330
17
100
AcDbEntity
  8
KM Temel Marka
100
AcDbText
 10
-812317.8558066885
 20
-71768.53640013852
 30
0.0
 40
30.0
  1
RD2
 11
-812317.8558066885
 21
-71768.53640013852
 31
0.0
100
AcDbText
  0
TEXT
  5
CE5
330
17
100
AcDbEntity
  8
KM Temel Marka
100
AcDbText
 10
-812321.8074086249
 20
-71827.3271243039
 30
0.0
 40
30.0
  1
40cm
 11
-812321.8074086249
 21
-71827.3271243039
 31
0.0
100
AcDbText
  0
TEXT
  5
CE6
330
17
100
AcDbEntity
  8
KM Temel Kot Plan
100
AcDbText
 10
-812378.4499885271
 20
-71885.96936871321
 30
0.0
 40
20.0
  1
-3.33 (TEMEL ÜST KOT) 
 11
-812378.4499885271
 21
-71885.96936871321
 31
0.0
100
AcDbText
  0
TEXT
  5
CE7
330
17
100
AcDbEntity
  8
KM Temel Kot Plan
100
AcDbText
 10
-812378.4499885271
 20
-71924.46772380441
 30
0.0
 40
20.0
  1
-3.73 (TEMEL ALT KOT) 
 11
-812378.4499885271
 21
-71924.46772380441
 31
0.0
100
AcDbText
  0
TEXT
  5
CE8
330
17
100
AcDbEntity
  8
KM Temel Marka
100
AcDbText
 10
-812317.8558066885
 20
-70294.39210078516
 30
0.0
 40
30.0
  1
RD2
 11
-812317.8558066885
 21
-70294.39210078516
 31
0.0
100
AcDbText
  0
TEXT
  5
CE9
330
17
100
AcDbEntity
  8
KM Temel Marka
100
AcDbText
 10
-812321.8074086249
 20
-70353.18282495055
 30
0.0
 40
30.0
  1
40cm
 11
-812321.8074086249
 21
-70353.18282495055
 31
0.0
100
AcDbText
  0
TEXT
  5
CEA
330
17
100
AcDbEntity
  8
KM Temel Kot Plan
100
AcDbText
 10
-812378.4499885271
 20
-70411.82506935985
 30
0.0
 40
20.0
  1
-3.33 (TEMEL ÜST KOT) 
 11
-812378.4499885271
 21
-70411.82506935985
 31
0.0
100
AcDbText
  0
TEXT
  5
CEB
330
17
100
AcDbEntity
  8
KM Temel Kot Plan
100
AcDbText
 10
-812378.4499885271
 20
-70450.32342445105
 30
0.0
 40
20.0
  1
-3.73 (TEMEL ALT KOT) 
 11
-812378.4499885271
 21
-70450.32342445105
 31
0.0
100
AcDbText
  0
TEXT
  5
CEC
330
17
100
AcDbEntity
  8
KM Temel Marka
100
AcDbText
 10
-812342.861649844
 20
-68850.92792692407
 30
0.0
 40
30.0
  1
RD2
 11
-812342.861649844
 21
-68850.92792692407
 31
0.0
100
AcDbText
  0
TEXT
  5
CED
330
17
100
AcDbEntity
  8
KM Temel Marka
100
AcDbText
 10
-812346.8132517805
 20
-68909.71865108947
 30
0.0
 40
30.0
  1
40cm
 11
-812346.8132517805
 21
-68909.71865108947
 31
0.0
100
AcDbText
  0
TEXT
  5
CEE
330
17
100
AcDbEntity
  8
KM Temel Kot Plan
100
AcDbText
 10
-812403.4558316827
 20
-68968.36089549877
 30
0.0
 40
20.0
  1
-3.33 (TEMEL ÜST KOT) 
 11
-812403.4558316827
 21
-68968.36089549877
 31
0.0
100
AcDbText
  0
TEXT
  5
CEF
330
17
100
AcDbEntity
  8
KM Temel Kot Plan
100
AcDbText
 10
-812403.4558316827
 20
-69006.85925058997
 30
0.0
 40
20.0
  1
-3.73 (TEMEL ALT KOT) 
 11
-812403.4558316827
 21
-69006.85925058997
 31
0.0
100
AcDbText
  0
TEXT
  5
CF0
330
17
100
AcDbEntity
  8
KM Temel Marka
100
AcDbText
 10
-814419.2432371331
 20
-68857.26479715435
 30
0.0
 40
30.0
  1
RD1
 11
-814419.2432371331
 21
-68857.26479715435
 31
0.0
100
AcDbText
  0
TEXT
  5
CF1
330
17
100
AcDbEntity
  8
KM Temel Marka
100
AcDbText
 10
-814423.1948390697
 20
-68916.05552131985
 30
0.0
 40
30.0
  1
70cm
 11
-814423.1948390697
 21
-68916.05552131985
 31
0.0
100
AcDbText
  0
TEXT
  5
CF2
330
17
100
AcDbEntity
  8
KM Temel Kot Plan
100
AcDbText
 10
-814479.8374189718
 20
-68974.69776572916
 30
0.0
 40
20.0
  1
-3.33 (TEMEL ÜST KOT) 
 11
-814479.8374189718
 21
-68974.69776572916
 31
0.0
100
AcDbText
  0
TEXT
  5
CF3
330
17
100
AcDbEntity
  8
KM Temel Kot Plan
100
AcDbText
 10
-814479.8374189718
 20
-69013.19612082034
 30
0.0
 40
20.0
  1
-4.03 (TEMEL ALT KOT) 
 11
-814479.8374189718
 21
-69013.19612082034
 31
0.0
100
AcDbText
  0
TEXT
  5
CF4
330
17
100
AcDbEntity
  8
KM Temel Marka
100
AcDbText
 10
-824746.3842211391
 20
-68612.45715065638
 30
0.0
 40
30.0
  1
RD1
 11
-824746.3842211391
 21
-68612.45715065638
 31
0.0
100
AcDbText
  0
TEXT
  5
CF5
330
17
100
AcDbEntity
  8
KM Temel Marka
100
AcDbText
 10
-824750.3358230757
 20
-68671.24787482175
 30
0.0
 40
30.0
  1
70cm
 11
-824750.3358230757
 21
-68671.24787482175
 31
0.0
100
AcDbText
  0
TEXT
  5
CF6
330
17
100
AcDbEntity
  8
KM Temel Kot Plan
100
AcDbText
 10
-824806.9784029778
 20
-68729.89011923107
 30
0.0
 40
20.0
  1
-3.33 (TEMEL ÜST KOT) 
 11
-824806.9784029778
 21
-68729.89011923107
 31
0.0
100
AcDbText
  0
TEXT
  5
CF7
330
17
100
AcDbEntity
  8
KM Temel Kot Plan
100
AcDbText
 10
-824806.9784029778
 20
-68768.38847432227
 30
0.0
 40
20.0
  1
-4.03 (TEMEL ALT KOT) 
 11
-824806.9784029778
 21
-68768.38847432227
 31
0.0
100
AcDbText
  0
TEXT
  5
CF8
330
17
100
AcDbEntity
  8
KM Temel Marka
100
AcDbText
 10
-823103.7477488627
 20
-68612.45715065638
 30
0.0
 40
30.0
  1
RD1
 11
-823103.7477488627
 21
-68612.45715065638
 31
0.0
100
AcDbText
  0
TEXT
  5
CF9
330
17
100
AcDbEntity
  8
KM Temel Marka
100
AcDbText
 10
-823107.6993507992
 20
-68671.24787482175
 30
0.0
 40
30.0
  1
70cm
 11
-823107.6993507992
 21
-68671.24787482175
 31
0.0
100
AcDbText
  0
TEXT
  5
CFA
330
17
100
AcDbEntity
  8
KM Temel Kot Plan
100
AcDbText
 10
-823164.3419307014
 20
-68729.89011923107
 30
0.0
 40
20.0
  1
-3.33 (TEMEL ÜST KOT) 
 11
-823164.3419307014
 21
-68729.89011923107
 31
0.0
100
AcDbText
  0
TEXT
  5
CFB
330
17
100
AcDbEntity
  8
KM Temel Kot Plan
100
AcDbText
 10
-823164.3419307014
 20
-68768.38847432227
 30
0.0
 40
20.0
  1
-4.03 (TEMEL ALT KOT) 
 11
-823164.3419307014
 21
-68768.38847432227
 31
0.0
100
AcDbText
  0
TEXT
  5
CFC
330
17
100
AcDbEntity
  8
KM Temel Marka
100
AcDbText
 10
-826371.7294816357
 20
-68901.22430633032
 30
0.0
 40
30.0
  1
RD1
 11
-826371.7294816357
 21
-68901.22430633032
 31
0.0
100
AcDbText
  0
TEXT
  5
CFD
330
17
100
AcDbEntity
  8
KM Temel Marka
100
AcDbText
 10
-826375.6810835721
 20
-68960.01503049582
 30
0.0
 40
30.0
  1
70cm
 11
-826375.6810835721
 21
-68960.01503049582
 31
0.0
100
AcDbText
  0
TEXT
  5
CFE
330
17
100
AcDbEntity
  8
KM Temel Kot Plan
100
AcDbText
 10
-826432.3236634742
 20
-69018.65727490513
 30
0.0
 40
20.0
  1
-3.33 (TEMEL ÜST KOT) 
 11
-826432.3236634742
 21
-69018.65727490513
 31
0.0
100
AcDbText
  0
TEXT
  5
CFF
330
17
100
AcDbEntity
  8
KM Temel Kot Plan
100
AcDbText
 10
-826432.3236634742
 20
-69057.15562999633
 30
0.0
 40
20.0
  1
-4.03 (TEMEL ALT KOT) 
 11
-826432.3236634742
 21
-69057.15562999633
 31
0.0
100
AcDbText
  0
TEXT
  5
D00
330
17
100
AcDbEntity
  8
KM Temel Marka
100
AcDbText
 10
-818699.4226900314
 20
-68373.81587403151
 30
0.0
 40
30.0
  1
RD1
 11
-818699.4226900314
 21
-68373.81587403151
 31
0.0
100
AcDbText
  0
TEXT
  5
D01
330
17
100
AcDbEntity
  8
KM Temel Marka
100
AcDbText
 10
-818703.374291968
 20
-68432.60659819702
 30
0.0
 40
30.0
  1
70cm
 11
-818703.374291968
 21
-68432.60659819702
 31
0.0
100
AcDbText
  0
TEXT
  5
D02
330
17
100
AcDbEntity
  8
KM Temel Kot Plan
100
AcDbText
 10
-818760.01687187
 20
-68491.24884260632
 30
0.0
 40
20.0
  1
-3.33 (TEMEL ÜST KOT) 
 11
-818760.01687187
 21
-68491.24884260632
 31
0.0
100
AcDbText
  0
TEXT
  5
D03
330
17
100
AcDbEntity
  8
KM Temel Kot Plan
100
AcDbText
 10
-818760.01687187
 20
-68529.74719769752
 30
0.0
 40
20.0
  1
-4.03 (TEMEL ALT KOT) 
 11
-818760.01687187
 21
-68529.74719769752
 31
0.0
100
AcDbText
  0
TEXT
  5
D04
330
17
100
AcDbEntity
  8
KM Temel Marka
100
AcDbText
 10
-817012.6232169314
 20
-68373.81587403151
 30
0.0
 40
30.0
  1
RD1
 11
-817012.6232169314
 21
-68373.81587403151
 31
0.0
100
AcDbText
  0
TEXT
  5
D05
330
17
100
AcDbEntity
  8
KM Temel Marka
100
AcDbText
 10
-817016.574818868
 20
-68432.60659819702
 30
0.0
 40
30.0
  1
70cm
 11
-817016.574818868
 21
-68432.60659819702
 31
0.0
100
AcDbText
  0
TEXT
  5
D06
330
17
100
AcDbEntity
  8
KM Temel Kot Plan
100
AcDbText
 10
-817073.2173987702
 20
-68491.24884260632
 30
0.0
 40
20.0
  1
-3.33 (TEMEL ÜST KOT) 
 11
-817073.2173987702
 21
-68491.24884260632
 31
0.0
100
AcDbText
  0
TEXT
  5
D07
330
17
100
AcDbEntity
  8
KM Temel Kot Plan
100
AcDbText
 10
-817073.2173987702
 20
-68529.74719769752
 30
0.0
 40
20.0
  1
-4.03 (TEMEL ALT KOT) 
 11
-817073.2173987702
 21
-68529.74719769752
 31
0.0
100
AcDbText
  0
TEXT
  5
D08
330
17
100
AcDbEntity
  8
KM Temel Marka
100
AcDbText
 10
-815379.4606400605
 20
-68373.81587403151
 30
0.0
 40
30.0
  1
RD1
 11
-815379.4606400605
 21
-68373.81587403151
 31
0.0
100
AcDbText
  0
TEXT
  5
D09
330
17
100
AcDbEntity
  8
KM Temel Marka
100
AcDbText
 10
-815383.412241997
 20
-68432.60659819702
 30
0.0
 40
30.0
  1
70cm
 11
-815383.412241997
 21
-68432.60659819702
 31
0.0
100
AcDbText
  0
TEXT
  5
D0A
330
17
100
AcDbEntity
  8
KM Temel Kot Plan
100
AcDbText
 10
-815440.0548218992
 20
-68491.24884260632
 30
0.0
 40
20.0
  1
-3.33 (TEMEL ÜST KOT) 
 11
-815440.0548218992
 21
-68491.24884260632
 31
0.0
100
AcDbText
  0
TEXT
  5
D0B
330
17
100
AcDbEntity
  8
KM Temel Kot Plan
100
AcDbText
 10
-815440.0548218992
 20
-68529.74719769752
 30
0.0
 40
20.0
  1
-4.03 (TEMEL ALT KOT) 
 11
-815440.0548218992
 21
-68529.74719769752
 31
0.0
100
AcDbText
  0
TEXT
  5
D0C
330
17
100
AcDbEntity
  8
KM Temel Marka
100
AcDbText
 10
-819624.4775101321
 20
-68865.03386838734
 30
0.0
 40
30.0
  1
RD1
 11
-819624.4775101321
 21
-68865.03386838734
 31
0.0
100
AcDbText
  0
TEXT
  5
D0D
330
17
100
AcDbEntity
  8
KM Temel Marka
100
AcDbText
 10
-819628.4291120687
 20
-68923.82459255285
 30
0.0
 40
30.0
  1
70cm
 11
-819628.4291120687
 21
-68923.82459255285
 31
0.0
100
AcDbText
  0
TEXT
  5
D0E
330
17
100
AcDbEntity
  8
KM Temel Kot Plan
100
AcDbText
 10
-819685.0716919708
 20
-68982.46683696215
 30
0.0
 40
20.0
  1
-3.33 (TEMEL ÜST KOT) 
 11
-819685.0716919708
 21
-68982.46683696215
 31
0.0
100
AcDbText
  0
TEXT
  5
D0F
330
17
100
AcDbEntity
  8
KM Temel Kot Plan
100
AcDbText
 10
-819685.0716919708
 20
-69020.96519205334
 30
0.0
 40
20.0
  1
-4.03 (TEMEL ALT KOT) 
 11
-819685.0716919708
 21
-69020.96519205334
 31
0.0
100
AcDbText
  0
TEXT
  5
D10
330
17
100
AcDbEntity
  8
KM Temel Kot Plan
100
AcDbText
 10
-820358.7574915397
 20
-72127.1831633942
 30
0.0
 40
20.0
  1
-4.78 (T.Ü.K) 
 11
-820358.7574915397
 21
-72127.1831633942
 31
0.0
100
AcDbText
  0
TEXT
  5
D11
330
17
100
AcDbEntity
  8
KM Temel Kot Plan
100
AcDbText
 10
-820320.2591364485
 20
-72127.1831633942
 30
0.0
 40
20.0
  1
-5.48 (T.A.K) 
 11
-820320.2591364485
 21
-72127.1831633942
 31
0.0
100
AcDbText
  0
TEXT
  5
D12
330
17
100
AcDbEntity
  8
KM Temel Kot Plan
100
AcDbText
 10
-820686.9701554257
 20
-72129.46741154476
 30
0.0
 40
20.0
  1
-4.78 (T.Ü.K) 
 11
-820686.9701554257
 21
-72129.46741154476
 31
0.0
100
AcDbText
  0
TEXT
  5
D13
330
17
100
AcDbEntity
  8
KM Temel Kot Plan
100
AcDbText
 10
-820648.4718003345
 20
-72129.46741154476
 30
0.0
 40
20.0
  1
-5.48 (T.A.K) 
 11
-820648.4718003345
 21
-72129.46741154476
 31
0.0
100
AcDbText
  0
TEXT
  5
D14
330
17
100
AcDbEntity
  8
KM Temel Kot Plan
100
AcDbText
 10
-820317.0488324754
 20
-67789.48068114556
 30
0.0
 40
20.0
  1
-4.78 (T.Ü.K) 
 11
-820317.0488324754
 21
-67789.48068114556
 31
0.0
100
AcDbText
  0
TEXT
  5
D15
330
17
100
AcDbEntity
  8
KM Temel Kot Plan
100
AcDbText
 10
-820278.550477384
 20
-67789.48068114556
 30
0.0
 40
20.0
  1
-5.48 (T.A.K) 
 11
-820278.550477384
 21
-67789.48068114556
 31
0.0
100
AcDbText
  0
TEXT
  5
D16
330
17
100
AcDbEntity
  8
KM Temel Kot Plan
100
AcDbText
 10
-820644.4749880928
 20
-67789.48068114567
 30
0.0
 40
20.0
  1
-4.78 (T.Ü.K) 
 11
-820644.4749880928
 21
-67789.48068114567
 31
0.0
100
AcDbText
  0
TEXT
  5
D17
330
17
100
AcDbEntity
  8
KM Temel Kot Plan
100
AcDbText
 10
-820605.9766330016
 20
-67789.48068114567
 30
0.0
 40
20.0
  1
-5.48 (T.A.K) 
 11
-820605.9766330016
 21
-67789.48068114567
 31
0.0
100
AcDbText
  0
TEXT
  5
D18
330
17
100
AcDbEntity
  8
KM Perde Markası
100
AcDbText
 10
-823886.565471975
 20
-71355.67360919155
 30
0.0
 40
25.0
  1
PB0871
 11
-823886.565471975
 21
-71355.67360919155
 31
0.0
100
AcDbText
  0
TEXT
  5
D19
330
17
100
AcDbEntity
  8
KM Perde Markası
100
AcDbText
 10
-819835.6628934178
 20
-71339.67333834805
 30
0.0
 40
25.0
  1
PB0872 (40/180)
 11
-819835.6628934178
 21
-71339.67333834805
 31
0.0
100
AcDbText
  0
TEXT
  5
D1A
330
17
100
AcDbEntity
  8
KM Perde Markası
100
AcDbText
 10
-817037.5073472294
 20
-71355.67360919155
 30
0.0
 40
25.0
  1
PB0873 (40/304)
 11
-817037.5073472294
 21
-71355.67360919155
 31
0.0
100
AcDbText
  0
TEXT
  5
D1B
330
17
100
AcDbEntity
  8
KM Perde Markası
100
AcDbText
 10
-823201.6003648075
 20
-71480.6752781216
 30
0.0
 40
25.0
  1
PB0874
 11
-823201.6003648075
 21
-71480.6752781216
 31
0.0
100
AcDbText
  0
TEXT
  5
D1C
330
17
100
AcDbEntity
  8
KM Perde Markası
100
AcDbText
 10
-816288.5189572605
 20
-71480.6752781216
 30
0.0
 40
25.0
  1
PB0875
 11
-816288.5189572605
 21
-71480.6752781216
 31
0.0
100
AcDbText
  0
TEXT
  5
D1D
330
17
100
AcDbEntity
  8
KM Perde Markası
100
AcDbText
 10
-824279.3426908979
 20
-71580.67518275417
 30
0.0
 40
25.0
  1
PB0876
 11
-824279.3426908979
 21
-71580.67518275417
 31
0.0
100
AcDbText
  0
TEXT
  5
D1E
330
17
100
AcDbEntity
  8
KM Perde Markası
100
AcDbText
 10
-823466.6061917577
 20
-71580.67518275417
 30
0.0
 40
25.0
  1
PB0877
 11
-823466.6061917577
 21
-71580.67518275417
 31
0.0
100
AcDbText
  0
TEXT
  5
D1F
330
17
100
AcDbEntity
  8
KM Perde Markası
100
AcDbText
 10
-817352.488092545
 20
-71580.67518275417
 30
0.0
 40
25.0
  1
PB0878 (40/135)
 11
-817352.488092545
 21
-71580.67518275417
 31
0.0
100
AcDbText
  0
TEXT
  5
D20
330
17
100
AcDbEntity
  8
KM Perde Markası
100
AcDbText
 10
-816553.5176316533
 20
-71580.67518275417
 30
0.0
 40
25.0
  1
PB0879
 11
-816553.5176316533
 21
-71580.67518275417
 31
0.0
100
AcDbText
  0
TEXT
  5
D21
330
17
100
AcDbEntity
  8
KM Perde Markası
100
AcDbText
 10
-819835.6628934178
 20
-71614.68559306301
 30
0.0
 40
25.0
  1
PB0880 (40/180)
 11
-819835.6628934178
 21
-71614.68559306301
 31
0.0
100
AcDbText
  0
TEXT
  5
D22
330
17
100
AcDbEntity
  8
KM Perde Markası
100
AcDbText
 10
-824335.1746327112
 20
-71488.73463402083
 30
0.0
 40
25.0
  1
PB0884
 11
-824335.1746327112
 21
-71488.73463402083
 31
0.0
100
AcDbText
  0
TEXT
  5
D23
330
17
100
AcDbEntity
  8
KM Perde Markası
100
AcDbText
 10
-824373.0998555454
 20
-71763.10398272972
 30
0.0
 40
25.0
  1
PB0885
 11
-824373.0998555454
 21
-71763.10398272972
 31
0.0
100
AcDbText
  0
TEXT
  5
D24
330
17
100
AcDbEntity
  8
KM Perde Markası
100
AcDbText
 10
-824059.0584736086
 20
-71502.84358995478
 30
0.0
 40
25.0
  1
PB0886
 11
-824059.0584736086
 21
-71502.84358995478
 31
0.0
100
AcDbText
  0
TEXT
  5
D25
330
17
100
AcDbEntity
  8
KM Perde Markası
100
AcDbText
 10
-824098.0989257129
 20
-71756.30666903954
 30
0.0
 40
25.0
  1
PB0887
 11
-824098.0989257129
 21
-71756.30666903954
 31
0.0
100
AcDbText
  0
TEXT
  5
D26
330
17
100
AcDbEntity
  8
KM Perde Markası
100
AcDbText
 10
-823612.711142519
 20
-71501.82012930023
 30
0.0
 40
25.0
  1
PB0891
 11
-823612.711142519
 21
-71501.82012930023
 31
0.0
100
AcDbText
  0
TEXT
  5
D27
330
17
100
AcDbEntity
  8
KM Perde Markası
100
AcDbText
 10
-823574.0930358204
 20
-71756.32812671165
 30
0.0
 40
25.0
  1
PB0892
 11
-823574.0930358204
 21
-71756.32812671165
 31
0.0
100
AcDbText
  0
TEXT
  5
D28
330
17
100
AcDbEntity
  8
KM Perde Markası
100
AcDbText
 10
-823299.0885297093
 20
-71756.33766345482
 30
0.0
 40
25.0
  1
PB0893
 11
-823299.0885297093
 21
-71756.33766345482
 31
0.0
100
AcDbText
  0
TEXT
  5
D29
330
17
100
AcDbEntity
  8
KM Perde Markası
100
AcDbText
 10
-822989.0859643253
 20
-71755.61965139757
 30
0.0
 40
25.0
  1
PB0895
 11
-822989.0859643253
 21
-71755.61965139757
 31
0.0
100
AcDbText
  0
TEXT
  5
D2A
330
17
100
AcDbEntity
  8
KM Perde Markası
100
AcDbText
 10
-819628.0372659002
 20
-71643.560467178
 30
0.0
 40
25.0
  1
PB0897 (40/145)
 11
-819628.0372659002
 21
-71643.560467178
 31
0.0
100
AcDbText
  0
TEXT
  5
D2B
330
17
100
AcDbEntity
  8
KM Perde Markası
100
AcDbText
 10
-817460.012487534
 20
-71640.37281077541
 30
0.0
 40
25.0
  1
PB0900 (40/95)
 11
-817460.012487534
 21
-71640.37281077541
 31
0.0
100
AcDbText
  0
TEXT
  5
D2C
330
17
100
AcDbEntity
  8
KM Perde Markası
100
AcDbText
 10
-817460.0112954411
 20
-71889.7455314938
 30
0.0
 40
25.0
  1
PB0901 (40/160)
 11
-817460.0112954411
 21
-71889.7455314938
 31
0.0
100
AcDbText
  0
TEXT
  5
D2D
330
17
100
AcDbEntity
  8
KM Perde Markası
100
AcDbText
 10
-817185.0133458409
 20
-71640.37281077541
 30
0.0
 40
25.0
  1
PB0904 (40/95)
 11
-817185.0133458409
 21
-71640.37281077541
 31
0.0
100
AcDbText
  0
TEXT
  5
D2E
330
17
100
AcDbEntity
  8
KM Perde Markası
100
AcDbText
 10
-817185.012153748
 20
-71889.68473475613
 30
0.0
 40
25.0
  1
PB0905 (40/160)
 11
-817185.012153748
 21
-71889.68473475613
 31
0.0
100
AcDbText
  0
TEXT
  5
D2F
330
17
100
AcDbEntity
  8
KM Perde Markası
100
AcDbText
 10
-816661.0026875767
 20
-71640.37281077541
 30
0.0
 40
25.0
  1
PB0907 (40/95)
 11
-816661.0026875767
 21
-71640.37281077541
 31
0.0
100
AcDbText
  0
TEXT
  5
D30
330
17
100
AcDbEntity
  8
KM Perde Markası
100
AcDbText
 10
-816661.0014954839
 20
-71763.64262863097
 30
0.0
 40
25.0
  1
PB0908
 11
-816661.0014954839
 21
-71763.64262863097
 31
0.0
100
AcDbText
  0
TEXT
  5
D31
330
17
100
AcDbEntity
  8
KM Perde Markası
100
AcDbText
 10
-816386.0023537907
 20
-71754.68551762507
 30
0.0
 40
25.0
  1
PB0909
 11
-816386.0023537907
 21
-71754.68551762507
 31
0.0
100
AcDbText
  0
TEXT
  5
D32
330
17
100
AcDbEntity
  8
KM Perde Markası
100
AcDbText
 10
-816075.9926358494
 20
-71739.89396645164
 30
0.0
 40
25.0
  1
PB0910
 11
-816075.9926358494
 21
-71739.89396645164
 31
0.0
100
AcDbText
  0
TEXT
  5
D33
330
17
100
AcDbEntity
  8
KM Perde Markası
100
AcDbText
 10
-828105.7680169377
 20
-73471.84592288174
 30
0.0
 40
20.0
  1
PB0954 (30/525)
 11
-828105.7680169377
 21
-73471.84592288174
 31
0.0
100
AcDbText
  0
TEXT
  5
D34
330
17
100
AcDbEntity
  8
KM Perde Markası
100
AcDbText
 10
-827480.6535760196
 20
-73474.15977519192
 30
0.0
 40
20.0
  1
PB0955 (30/550)
 11
-827480.6535760196
 21
-73474.15977519192
 31
0.0
100
AcDbText
  0
TEXT
  5
D35
330
17
100
AcDbEntity
  8
KM Perde Markası
100
AcDbText
 10
-826830.7453910145
 20
-73476.09811824001
 30
0.0
 40
20.0
  1
PB0956 (30/325)
 11
-826830.7453910145
 21
-73476.09811824001
 31
0.0
100
AcDbText
  0
TEXT
  5
D36
330
17
100
AcDbEntity
  8
KM Perde Markası
100
AcDbText
 10
-826405.6397000585
 20
-73477.36769717373
 30
0.0
 40
20.0
  1
PB0957 (30/345)
 11
-826405.6397000585
 21
-73477.36769717373
 31
0.0
100
AcDbText
  0
TEXT
  5
D37
330
17
100
AcDbEntity
  8
KM Perde Markası
100
AcDbText
 10
-825960.6320182118
 20
-73478.69688075222
 30
0.0
 40
20.0
  1
PB0958 (30/328)
 11
-825960.6320182118
 21
-73478.69688075222
 31
0.0
100
AcDbText
  0
TEXT
  5
D38
330
17
100
AcDbEntity
  8
KM Perde Markası
100
AcDbText
 10
-825533.1272403036
 20
-73479.97242015041
 30
0.0
 40
20.0
  1
PB0959 (30/348)
 11
-825533.1272403036
 21
-73479.97242015041
 31
0.0
100
AcDbText
  0
TEXT
  5
D39
330
17
100
AcDbEntity
  8
KM Perde Markası
100
AcDbText
 10
-825085.6233159337
 20
-73481.30756419338
 30
0.0
 40
20.0
  1
PB0960 (30/305)
 11
-825085.6233159337
 21
-73481.30756419338
 31
0.0
100
AcDbText
  0
TEXT
  5
D3A
330
17
100
AcDbEntity
  8
KM Perde Markası
100
AcDbText
 10
-824680.6180993351
 20
-73482.51634638943
 30
0.0
 40
20.0
  1
PB0961 (30/301)
 11
-824680.6180993351
 21
-73482.51634638943
 31
0.0
100
AcDbText
  0
TEXT
  5
D3B
330
17
100
AcDbEntity
  8
KM Perde Markası
100
AcDbText
 10
-824279.6099702152
 20
-73483.71320765652
 30
0.0
 40
20.0
  1
PB0962 (30/313)
 11
-824279.6099702152
 21
-73483.71320765652
 31
0.0
100
AcDbText
  0
TEXT
  5
D3C
330
17
100
AcDbEntity
  8
KM Perde Markası
100
AcDbText
 10
-823867.106489304
 20
-73484.94463961758
 30
0.0
 40
20.0
  1
PB0963 (30/291)
 11
-823867.106489304
 21
-73484.94463961758
 31
0.0
100
AcDbText
  0
TEXT
  5
D3D
330
17
100
AcDbEntity
  8
KM Perde Markası
100
AcDbText
 10
-823476.6018906866
 20
-73486.11050646938
 30
0.0
 40
20.0
  1
PB0964 (30/320)
 11
-823476.6018906866
 21
-73486.11050646938
 31
0.0
100
AcDbText
  0
TEXT
  5
D3E
330
17
100
AcDbEntity
  8
KM Perde Markası
100
AcDbText
 10
-823057.0966521534
 20
-73487.36220400967
 30
0.0
 40
20.0
  1
PB0965 (30/350)
 11
-823057.0966521534
 21
-73487.36220400967
 31
0.0
100
AcDbText
  0
TEXT
  5
D3F
330
17
100
AcDbEntity
  8
KM Perde Markası
100
AcDbText
 10
-822607.5900117193
 20
-73488.70450061001
 30
0.0
 40
20.0
  1
PB0966 (30/272)
 11
-822607.5900117193
 21
-73488.70450061001
 31
0.0
100
AcDbText
  0
TEXT
  5
D40
330
17
100
AcDbEntity
  8
KM Perde Markası
100
AcDbText
 10
-822235.5855027471
 20
-73489.81433909573
 30
0.0
 40
20.0
  1
PB0967 (30/285)
 11
-822235.5855027471
 21
-73489.81433909573
 31
0.0
100
AcDbText
  0
TEXT
  5
D41
330
17
100
AcDbEntity
  8
KM Perde Markası
100
AcDbText
 10
-821850.5812207494
 20
-73490.963516647
 30
0.0
 40
20.0
  1
PB0968 (30/345)
 11
-821850.5812207494
 21
-73490.963516647
 31
0.0
100
AcDbText
  0
TEXT
  5
D42
330
17
100
AcDbEntity
  8
KM Perde Markası
100
AcDbText
 10
-821405.5741349492
 20
-73492.29150813259
 30
0.0
 40
20.0
  1
PB0969 (30/325)
 11
-821405.5741349492
 21
-73492.29150813259
 31
0.0
100
AcDbText
  0
TEXT
  5
D43
330
17
100
AcDbEntity
  8
KM Perde Markası
100
AcDbText
 10
-820980.6705037388
 20
-73493.56108706631
 30
0.0
 40
20.0
  1
PB0970 (30/480)
 11
-820980.6705037388
 21
-73493.56108706631
 31
0.0
100
AcDbText
  0
TEXT
  5
D44
330
17
100
AcDbEntity
  8
KM Perde Markası
100
AcDbText
 10
-820400.562337998
 20
-73495.29200595059
 30
0.0
 40
20.0
  1
PB0971 (30/480)
 11
-820400.562337998
 21
-73495.29200595059
 31
0.0
100
AcDbText
  0
TEXT
  5
D45
330
17
100
AcDbEntity
  8
KM Perde Markası
100
AcDbText
 10
-819820.6556359563
 20
-73497.02292483486
 30
0.0
 40
20.0
  1
PB0972 (30/333)
 11
-819820.6556359563
 21
-73497.02292483486
 31
0.0
100
AcDbText
  0
TEXT
  5
D46
330
17
100
AcDbEntity
  8
KM Perde Markası
100
AcDbText
 10
-819388.0475083622
 20
-73498.3139614407
 30
0.0
 40
20.0
  1
PB0973 (30/333)
 11
-819388.0475083622
 21
-73498.3139614407
 31
0.0
100
AcDbText
  0
TEXT
  5
D47
330
17
100
AcDbEntity
  8
KM Perde Markası
100
AcDbText
 10
-818955.5419007574
 20
-73499.60499804653
 30
0.0
 40
20.0
  1
PB0974 (30/308)
 11
-818955.5419007574
 21
-73499.60499804653
 31
0.0
100
AcDbText
  0
TEXT
  5
D48
330
17
100
AcDbEntity
  8
KM Perde Markası
100
AcDbText
 10
-818548.0368653568
 20
-73500.82212489285
 30
0.0
 40
20.0
  1
PB0975 (30/283)
 11
-818548.0368653568
 21
-73500.82212489285
 31
0.0
100
AcDbText
  0
TEXT
  5
D49
330
17
100
AcDbEntity
  8
KM Perde Markası
100
AcDbText
 10
-818165.533594254
 20
-73501.96295779385
 30
0.0
 40
20.0
  1
PB0976 (30/330)
 11
-818165.533594254
 21
-73501.96295779385
 31
0.0
100
AcDbText
  0
TEXT
  5
D4A
330
17
100
AcDbEntity
  8
KM Perde Markası
100
AcDbText
 10
-817735.5206528933
 20
-73503.24684184231
 30
0.0
 40
20.0
  1
PB0977 (30/283)
 11
-817735.5206528933
 21
-73503.24684184231
 31
0.0
100
AcDbText
  0
TEXT
  5
D4B
330
17
100
AcDbEntity
  8
KM Perde Markası
100
AcDbText
 10
-817352.5190869602
 20
-73504.3900589291
 30
0.0
 40
20.0
  1
PB0978 (30/429)
 11
-817352.5190869602
 21
-73504.3900589291
 31
0.0
100
AcDbText
  0
TEXT
  5
D4C
330
17
100
AcDbEntity
  8
KM Perde Markası
100
AcDbText
 10
-816823.5111752782
 20
-73505.96958201565
 30
0.0
 40
20.0
  1
PB0979 (30/415)
 11
-816823.5111752782
 21
-73505.96958201565
 31
0.0
100
AcDbText
  0
TEXT
  5
D4D
330
17
100
AcDbEntity
  8
KM Perde Markası
100
AcDbText
 10
-816308.5115472112
 20
-73507.50618975796
 30
0.0
 40
20.0
  1
PB0980 (30/305)
 11
-816308.5115472112
 21
-73507.50618975796
 31
0.0
100
AcDbText
  0
TEXT
  5
D4E
330
17
100
AcDbEntity
  8
KM Perde Markası
100
AcDbText
 10
-815903.9950886997
 20
-73518.08720629849
 30
0.0
 40
20.0
  1
PB0981 (30/302)
 11
-815903.9950886997
 21
-73518.08720629849
 31
0.0
100
AcDbText
  0
TEXT
  5
D4F
330
17
100
AcDbEntity
  8
KM Perde Markası
100
AcDbText
 10
-815503.5603562627
 20
-73538.85465663113
 30
0.0
 40
20.0
  1
PB0982 (30/318)
 11
-815503.5603562627
 21
-73538.85465663113
 31
0.0
100
AcDbText
  0
TEXT
  5
D50
330
17
100
AcDbEntity
  8
KM Perde Markası
100
AcDbText
 10
-815087.1372739109
 20
-73571.25693362392
 30
0.0
 40
20.0
  1
PB0983 (30/287)
 11
-815087.1372739109
 21
-73571.25693362392
 31
0.0
100
AcDbText
  0
TEXT
  5
D51
330
17
100
AcDbEntity
  8
KM Perde Markası
100
AcDbText
 10
-813998.7874547276
 20
-73704.5591453854
 30
0.0
 40
20.0
  1
PB0984 (30/609)
 11
-813998.7874547276
 21
-73704.5591453854
 31
0.0
100
AcDbText
  0
TEXT
  5
D52
330
17
100
AcDbEntity
  8
KM Perde Markası
100
AcDbText
 10
-813299.9516049656
 20
-73823.54193728603
 30
0.0
 40
20.0
  1
PB0985 (30/515)
 11
-813299.9516049656
 21
-73823.54193728603
 31
0.0
100
AcDbText
  0
TEXT
  5
D53
330
17
100
AcDbEntity
  8
KM Perde Markası
100
AcDbText
 10
-812694.9000874792
 20
-73937.06017535366
 30
0.0
 40
20.0
  1
PB0986 (30/337)
 11
-812694.9000874792
 21
-73937.06017535366
 31
0.0
100
AcDbText
  0
TEXT
  5
D54
330
17
100
AcDbEntity
  8
KM Perde Markası
100
AcDbText
 10
-812281.0340443882
 20
-73988.27725451626
 30
0.0
 40
20.0
  1
PB0987 (30/338)
 11
-812281.0340443882
 21
-73988.27725451626
 31
0.0
100
AcDbText
  0
TEXT
  5
D55
330
17
100
AcDbEntity
  8
KM Kolon Markası
100
AcDbText
 10
-813975.4772702488
 20
-67678.12484305538
 30
0.0
 40
25.0
  1
SB153
 11
-813975.4772702488
 21
-67678.12484305538
 31
0.0
100
AcDbText
  0
TEXT
  5
D56
330
17
100
AcDbEntity
  8
KM Kolon Markası
100
AcDbText
 10
-813975.4772702488
 20
-67713.12528651394
 30
0.0
 40
25.0
  1
(100/100)
 11
-813975.4772702488
 21
-67713.12528651394
 31
0.0
100
AcDbText
  0
TEXT
  5
D57
330
17
100
AcDbEntity
  8
KM Kolon Markası
100
AcDbText
 10
-813325.4778901372
 20
-67873.12859099545
 30
0.0
 40
25.0
  1
SB154
 11
-813325.4778901372
 21
-67873.12859099545
 31
0.0
100
AcDbText
  0
TEXT
  5
D58
330
17
100
AcDbEntity
  8
KM Kolon Markası
100
AcDbText
 10
-813325.4778901372
 20
-67908.12843840756
 30
0.0
 40
25.0
  1
(100/100)
 11
-813325.4778901372
 21
-67908.12843840756
 31
0.0
100
AcDbText
  0
TEXT
  5
D59
330
17
100
AcDbEntity
  8
KM Kolon Markası
100
AcDbText
 10
-812725.4677335058
 20
-67873.12859099545
 30
0.0
 40
25.0
  1
SB155
 11
-812725.4677335058
 21
-67873.12859099545
 31
0.0
100
AcDbText
  0
TEXT
  5
D5A
330
17
100
AcDbEntity
  8
KM Kolon Markası
100
AcDbText
 10
-812725.4677335058
 20
-67908.12843840756
 30
0.0
 40
25.0
  1
(100/100)
 11
-812725.4677335058
 21
-67908.12843840756
 31
0.0
100
AcDbText
  0
TEXT
  5
D5B
330
17
100
AcDbEntity
  8
KM Kolon Markası
100
AcDbText
 10
-811885.4594746862
 20
-67873.12859099545
 30
0.0
 40
25.0
  1
SB156
 11
-811885.4594746862
 21
-67873.12859099545
 31
0.0
100
AcDbText
  0
TEXT
  5
D5C
330
17
100
AcDbEntity
  8
KM Kolon Markası
100
AcDbText
 10
-811885.4594746862
 20
-67908.12843840756
 30
0.0
 40
25.0
  1
(100/100)
 11
-811885.4594746862
 21
-67908.12843840756
 31
0.0
100
AcDbText
  0
TEXT
  5
D5D
330
17
100
AcDbEntity
  8
KM Kolon Markası
100
AcDbText
 10
-819840.5635873113
 20
-68108.13003581204
 30
0.0
 40
25.0
  1
SB157
 11
-819840.5635873113
 21
-68108.13003581204
 31
0.0
100
AcDbText
  0
TEXT
  5
D5E
330
17
100
AcDbEntity
  8
KM Kolon Markası
100
AcDbText
 10
-819840.5635873113
 20
-68143.12988322414
 30
0.0
 40
25.0
  1
(100/100)
 11
-819840.5635873113
 21
-68143.12988322414
 31
0.0
100
AcDbText
  0
TEXT
  5
D5F
330
17
100
AcDbEntity
  8
KM Kolon Markası
100
AcDbText
 10
-818985.5480710301
 20
-68058.13008349575
 30
0.0
 40
25.0
  1
SB158
 11
-818985.5480710301
 21
-68058.13008349575
 31
0.0
100
AcDbText
  0
TEXT
  5
D60
330
17
100
AcDbEntity
  8
KM Kolon Markası
100
AcDbText
 10
-818985.5480710301
 20
-68093.12993090786
 30
0.0
 40
25.0
  1
(100/60)
 11
-818985.5480710301
 21
-68093.12993090786
 31
0.0
100
AcDbText
  0
TEXT
  5
D61
330
17
100
AcDbEntity
  8
KM Kolon Markası
100
AcDbText
 10
-818235.5416337285
 20
-68058.13008349575
 30
0.0
 40
25.0
  1
SB159
 11
-818235.5416337285
 21
-68058.13008349575
 31
0.0
100
AcDbText
  0
TEXT
  5
D62
330
17
100
AcDbEntity
  8
KM Kolon Markası
100
AcDbText
 10
-818235.5416337285
 20
-68093.12993090786
 30
0.0
 40
25.0
  1
(100/60)
 11
-818235.5416337285
 21
-68093.12993090786
 31
0.0
100
AcDbText
  0
TEXT
  5
D63
330
17
100
AcDbEntity
  8
KM Kolon Markası
100
AcDbText
 10
-817382.5586358343
 20
-68058.13008349575
 30
0.0
 40
25.0
  1
SB160
 11
-817382.5586358343
 21
-68058.13008349575
 31
0.0
100
AcDbText
  0
TEXT
  5
D64
330
17
100
AcDbEntity
  8
KM Kolon Markası
100
AcDbText
 10
-817382.5586358343
 20
-68093.12993090786
 30
0.0
 40
25.0
  1
(100/60)
 11
-817382.5586358343
 21
-68093.12993090786
 31
0.0
100
AcDbText
  0
TEXT
  5
D65
330
17
100
AcDbEntity
  8
KM Kolon Markası
100
AcDbText
 10
-816455.5120984348
 20
-68058.13008349575
 30
0.0
 40
25.0
  1
SB161
 11
-816455.5120984348
 21
-68058.13008349575
 31
0.0
100
AcDbText
  0
TEXT
  5
D66
330
17
100
AcDbEntity
  8
KM Kolon Markası
100
AcDbText
 10
-816455.5120984348
 20
-68093.12993090786
 30
0.0
 40
25.0
  1
(100/60)
 11
-816455.5120984348
 21
-68093.12993090786
 31
0.0
100
AcDbText
  0
TEXT
  5
D67
330
17
100
AcDbEntity
  8
KM Kolon Markası
100
AcDbText
 10
-815665.5085603032
 20
-68058.13008349575
 30
0.0
 40
25.0
  1
SB162
 11
-815665.5085603032
 21
-68058.13008349575
 31
0.0
100
AcDbText
  0
TEXT
  5
D68
330
17
100
AcDbEntity
  8
KM Kolon Markası
100
AcDbText
 10
-815665.5085603032
 20
-68093.12993090786
 30
0.0
 40
25.0
  1
(100/60)
 11
-815665.5085603032
 21
-68093.12993090786
 31
0.0
100
AcDbText
  0
TEXT
  5
D69
330
17
100
AcDbEntity
  8
KM Kolon Markası
100
AcDbText
 10
-814835.4983845981
 20
-68058.13008349575
 30
0.0
 40
25.0
  1
SB163
 11
-814835.4983845981
 21
-68058.13008349575
 31
0.0
100
AcDbText
  0
TEXT
  5
D6A
330
17
100
AcDbEntity
  8
KM Kolon Markası
100
AcDbText
 10
-814835.4983845981
 20
-68093.12993090786
 30
0.0
 40
25.0
  1
(100/60)
 11
-814835.4983845981
 21
-68093.12993090786
 31
0.0
100
AcDbText
  0
TEXT
  5
D6B
330
17
100
AcDbEntity
  8
KM Kolon Markası
100
AcDbText
 10
-828125.6679216657
 20
-68263.13251059689
 30
0.0
 40
25.0
  1
SB164
 11
-828125.6679216657
 21
-68263.13251059689
 31
0.0
100
AcDbText
  0
TEXT
  5
D6C
330
17
100
AcDbEntity
  8
KM Kolon Markası
100
AcDbText
 10
-828125.6679216657
 20
-68298.132358009
 30
0.0
 40
25.0
  1
(100/100)
 11
-828125.6679216657
 21
-68298.132358009
 31
0.0
100
AcDbText
  0
TEXT
  5
D6D
330
17
100
AcDbEntity
  8
KM Kolon Markası
100
AcDbText
 10
-827510.660342339
 20
-68263.13251059689
 30
0.0
 40
25.0
  1
SB165
 11
-827510.660342339
 21
-68263.13251059689
 31
0.0
100
AcDbText
  0
TEXT
  5
D6E
330
17
100
AcDbEntity
  8
KM Kolon Markası
100
AcDbText
 10
-827510.660342339
 20
-68298.132358009
 30
0.0
 40
25.0
  1
(100/100)
 11
-827510.660342339
 21
-68298.132358009
 31
0.0
100
AcDbText
  0
TEXT
  5
D6F
330
17
100
AcDbEntity
  8
KM Kolon Markası
100
AcDbText
 10
-821020.5770055088
 20
-68243.1321720425
 30
0.0
 40
25.0
  1
SB166
 11
-821020.5770055088
 21
-68243.1321720425
 31
0.0
100
AcDbText
  0
TEXT
  5
D70
330
17
100
AcDbEntity
  8
KM Kolon Markası
100
AcDbText
 10
-821020.5770055088
 20
-68278.13201945461
 30
0.0
 40
25.0
  1
(100/100)
 11
-821020.5770055088
 21
-68278.13201945461
 31
0.0
100
AcDbText
  0
TEXT
  5
D71
330
17
100
AcDbEntity
  8
KM Kolon Markası
100
AcDbText
 10
-826868.3516250668
 20
-68243.1321720425
 30
0.0
 40
25.0
  1
SB167
 11
-826868.3516250668
 21
-68243.1321720425
 31
0.0
100
AcDbText
  0
TEXT
  5
D72
330
17
100
AcDbEntity
  8
KM Kolon Markası
100
AcDbText
 10
-826868.3516250668
 20
-68278.13201945461
 30
0.0
 40
25.0
  1
(100/100)
 11
-826868.3516250668
 21
-68278.13201945461
 31
0.0
100
AcDbText
  0
TEXT
  5
D73
330
17
100
AcDbEntity
  8
KM Kolon Markası
100
AcDbText
 10
-826018.9913837445
 20
-68298.13414614834
 30
0.0
 40
25.0
  1
SB168
 11
-826018.9913837445
 21
-68298.13414614834
 31
0.0
100
AcDbText
  0
TEXT
  5
D74
330
17
100
AcDbEntity
  8
KM Kolon Markası
100
AcDbText
 10
-826018.9913837445
 20
-68333.13399356045
 30
0.0
 40
25.0
  1
(100/60)
 11
-826018.9913837445
 21
-68333.13399356045
 31
0.0
100
AcDbText
  0
TEXT
  5
D75
330
17
100
AcDbEntity
  8
KM Kolon Markası
100
AcDbText
 10
-825168.9147136696
 20
-68298.13414614834
 30
0.0
 40
25.0
  1
SB169
 11
-825168.9147136696
 21
-68298.13414614834
 31
0.0
100
AcDbText
  0
TEXT
  5
D76
330
17
100
AcDbEntity
  8
KM Kolon Markası
100
AcDbText
 10
-825168.9147136696
 20
-68333.13399356045
 30
0.0
 40
25.0
  1
(100/60)
 11
-825168.9147136696
 21
-68333.13399356045
 31
0.0
100
AcDbText
  0
TEXT
  5
D77
330
17
100
AcDbEntity
  8
KM Kolon Markası
100
AcDbText
 10
-824289.6169940266
 20
-68298.13414614834
 30
0.0
 40
25.0
  1
SB170
 11
-824289.6169940266
 21
-68298.13414614834
 31
0.0
100
AcDbText
  0
TEXT
  5
D78
330
17
100
AcDbEntity
  8
KM Kolon Markası
100
AcDbText
 10
-824289.6169940266
 20
-68333.13399356045
 30
0.0
 40
25.0
  1
(100/60)
 11
-824289.6169940266
 21
-68333.13399356045
 31
0.0
100
AcDbText
  0
TEXT
  5
D79
330
17
100
AcDbEntity
  8
KM Kolon Markası
100
AcDbText
 10
-823445.6080714497
 20
-68298.13414614834
 30
0.0
 40
25.0
  1
SB171
 11
-823445.6080714497
 21
-68298.13414614834
 31
0.0
100
AcDbText
  0
TEXT
  5
D7A
330
17
100
AcDbEntity
  8
KM Kolon Markası
100
AcDbText
 10
-823445.6080714497
 20
-68333.13399356045
 30
0.0
 40
25.0
  1
(100/60)
 11
-823445.6080714497
 21
-68333.13399356045
 31
0.0
100
AcDbText
  0
TEXT
  5
D7B
330
17
100
AcDbEntity
  8
KM Kolon Markası
100
AcDbText
 10
-822550.5972424778
 20
-68298.13414614834
 30
0.0
 40
25.0
  1
SB172
 11
-822550.5972424778
 21
-68298.13414614834
 31
0.0
100
AcDbText
  0
TEXT
  5
D7C
330
17
100
AcDbEntity
  8
KM Kolon Markası
100
AcDbText
 10
-822550.5972424778
 20
-68333.13399356045
 30
0.0
 40
25.0
  1
(100/60)
 11
-822550.5972424778
 21
-68333.13399356045
 31
0.0
100
AcDbText
  0
TEXT
  5
D7D
330
17
100
AcDbEntity
  8
KM Kolon Markası
100
AcDbText
 10
-821860.5888406072
 20
-68298.13414614834
 30
0.0
 40
25.0
  1
SB173
 11
-821860.5888406072
 21
-68298.13414614834
 31
0.0
100
AcDbText
  0
TEXT
  5
D7E
330
17
100
AcDbEntity
  8
KM Kolon Markası
100
AcDbText
 10
-821860.5888406072
 20
-68333.13399356045
 30
0.0
 40
25.0
  1
(100/60)
 11
-821860.5888406072
 21
-68333.13399356045
 31
0.0
100
AcDbText
  0
TEXT
  5
D7F
330
17
100
AcDbEntity
  8
KM Kolon Markası
100
AcDbText
 10
-818985.5516473087
 20
-68483.13444655575
 30
0.0
 40
25.0
  1
SB174
 11
-818985.5516473087
 21
-68483.13444655575
 31
0.0
100
AcDbText
  0
TEXT
  5
D80
330
17
100
AcDbEntity
  8
KM Kolon Markası
100
AcDbText
 10
-818985.5516473087
 20
-68518.13429396786
 30
0.0
 40
25.0
  1
(100/120)
 11
-818985.5516473087
 21
-68518.13429396786
 31
0.0
100
AcDbText
  0
TEXT
  5
D81
330
17
100
AcDbEntity
  8
KM Kolon Markası
100
AcDbText
 10
-818235.5428258214
 20
-68483.13444655575
 30
0.0
 40
25.0
  1
SB175
 11
-818235.5428258214
 21
-68483.13444655575
 31
0.0
100
AcDbText
  0
TEXT
  5
D82
330
17
100
AcDbEntity
  8
KM Kolon Markası
100
AcDbText
 10
-818235.5428258214
 20
-68518.13429396786
 30
0.0
 40
25.0
  1
(100/120)
 11
-818235.5428258214
 21
-68518.13429396786
 31
0.0
100
AcDbText
  0
TEXT
  5
D83
330
17
100
AcDbEntity
  8
KM Kolon Markası
100
AcDbText
 10
-815665.5085603032
 20
-68483.13444655575
 30
0.0
 40
25.0
  1
SB176
 11
-815665.5085603032
 21
-68483.13444655575
 31
0.0
100
AcDbText
  0
TEXT
  5
D84
330
17
100
AcDbEntity
  8
KM Kolon Markası
100
AcDbText
 10
-815665.5085603032
 20
-68518.13429396786
 30
0.0
 40
25.0
  1
(100/120)
 11
-815665.5085603032
 21
-68518.13429396786
 31
0.0
100
AcDbText
  0
TEXT
  5
D85
330
17
100
AcDbEntity
  8
KM Kolon Markası
100
AcDbText
 10
-814850.708297852
 20
-68483.13444655575
 30
0.0
 40
25.0
  1
SB177
 11
-814850.708297852
 21
-68483.13444655575
 31
0.0
100
AcDbText
  0
TEXT
  5
D86
330
17
100
AcDbEntity
  8
KM Kolon Markası
100
AcDbText
 10
-814850.708297852
 20
-68518.13429396786
 30
0.0
 40
25.0
  1
(100/120)
 11
-814850.708297852
 21
-68518.13429396786
 31
0.0
100
AcDbText
  0
TEXT
  5
D87
330
17
100
AcDbEntity
  8
KM Kolon Markası
100
AcDbText
 10
-817382.5586358343
 20
-68483.13623469509
 30
0.0
 40
25.0
  1
SB178
 11
-817382.5586358343
 21
-68483.13623469509
 31
0.0
100
AcDbText
  0
TEXT
  5
D88
330
17
100
AcDbEntity
  8
KM Kolon Markası
100
AcDbText
 10
-817382.5586358343
 20
-68518.1360821072
 30
0.0
 40
25.0
  1
(100/140)
 11
-817382.5586358343
 21
-68518.1360821072
 31
0.0
100
AcDbText
  0
TEXT
  5
D89
330
17
100
AcDbEntity
  8
KM Kolon Markası
100
AcDbText
 10
-816455.5180588994
 20
-68483.13623469509
 30
0.0
 40
25.0
  1
SB179
 11
-816455.5180588994
 21
-68483.13623469509
 31
0.0
100
AcDbText
  0
TEXT
  5
D8A
330
17
100
AcDbEntity
  8
KM Kolon Markası
100
AcDbText
 10
-816455.5180588994
 20
-68518.1360821072
 30
0.0
 40
25.0
  1
(100/140)
 11
-816455.5180588994
 21
-68518.1360821072
 31
0.0
100
AcDbText
  0
TEXT
  5
D8B
330
17
100
AcDbEntity
  8
KM Kolon Markası
100
AcDbText
 10
-813975.4713097843
 20
-68483.13623469509
 30
0.0
 40
25.0
  1
SB180
 11
-813975.4713097843
 21
-68483.13623469509
 31
0.0
100
AcDbText
  0
TEXT
  5
D8C
330
17
100
AcDbEntity
  8
KM Kolon Markası
100
AcDbText
 10
-813975.4713097843
 20
-68518.1360821072
 30
0.0
 40
25.0
  1
(100/100)
 11
-813975.4713097843
 21
-68518.1360821072
 31
0.0
100
AcDbText
  0
TEXT
  5
D8D
330
17
100
AcDbEntity
  8
KM Kolon Markası
100
AcDbText
 10
-826023.1322075309
 20
-68813.13794654049
 30
0.0
 40
25.0
  1
SB181
 11
-826023.1322075309
 21
-68813.13794654049
 31
0.0
100
AcDbText
  0
TEXT
  5
D8E
330
17
100
AcDbEntity
  8
KM Kolon Markası
100
AcDbText
 10
-826023.1322075309
 20
-68848.1377939526
 30
0.0
 40
25.0
  1
(80/195)
 11
-826023.1322075309
 21
-68848.1377939526
 31
0.0
100
AcDbText
  0
TEXT
  5
D8F
330
17
100
AcDbEntity
  8
KM Kolon Markası
100
AcDbText
 10
-825070.6291714939
 20
-68738.13801806606
 30
0.0
 40
25.0
  1
SB182
 11
-825070.6291714939
 21
-68738.13801806606
 31
0.0
100
AcDbText
  0
TEXT
  5
D90
330
17
100
AcDbEntity
  8
KM Kolon Markası
100
AcDbText
 10
-825070.6291714939
 20
-68773.13786547817
 30
0.0
 40
25.0
  1
(100/120)
 11
-825070.6291714939
 21
-68773.13786547817
 31
0.0
100
AcDbText
  0
TEXT
  5
D91
330
17
100
AcDbEntity
  8
KM Kolon Markası
100
AcDbText
 10
-824289.6169940266
 20
-68738.13801806606
 30
0.0
 40
25.0
  1
SB183
 11
-824289.6169940266
 21
-68738.13801806606
 31
0.0
100
AcDbText
  0
TEXT
  5
D92
330
17
100
AcDbEntity
  8
KM Kolon Markası
100
AcDbText
 10
-824289.6169940266
 20
-68773.13786547817
 30
0.0
 40
25.0
  1
(100/120)
 11
-824289.6169940266
 21
-68773.13786547817
 31
0.0
100
AcDbText
  0
TEXT
  5
D93
330
17
100
AcDbEntity
  8
KM Kolon Markası
100
AcDbText
 10
-823445.6080714497
 20
-68738.13801806606
 30
0.0
 40
25.0
  1
SB184
 11
-823445.6080714497
 21
-68738.13801806606
 31
0.0
100
AcDbText
  0
TEXT
  5
D94
330
17
100
AcDbEntity
  8
KM Kolon Markası
100
AcDbText
 10
-823445.6080714497
 20
-68773.13786547817
 30
0.0
 40
25.0
  1
(100/120)
 11
-823445.6080714497
 21
-68773.13786547817
 31
0.0
100
AcDbText
  0
TEXT
  5
D95
330
17
100
AcDbEntity
  8
KM Kolon Markası
100
AcDbText
 10
-822550.5972424778
 20
-68738.13801806606
 30
0.0
 40
25.0
  1
SB185
 11
-822550.5972424778
 21
-68738.13801806606
 31
0.0
100
AcDbText
  0
TEXT
  5
D96
330
17
100
AcDbEntity
  8
KM Kolon Markası
100
AcDbText
 10
-822550.5972424778
 20
-68773.13786547817
 30
0.0
 40
25.0
  1
(100/120)
 11
-822550.5972424778
 21
-68773.13786547817
 31
0.0
100
AcDbText
  0
TEXT
  5
D97
330
17
100
AcDbEntity
  8
KM Kolon Markası
100
AcDbText
 10
-821870.5893079075
 20
-68813.13794654049
 30
0.0
 40
25.0
  1
SB186
 11
-821870.5893079075
 21
-68813.13794654049
 31
0.0
100
AcDbText
  0
TEXT
  5
D98
330
17
100
AcDbEntity
  8
KM Kolon Markası
100
AcDbText
 10
-821870.5893079075
 20
-68848.1377939526
 30
0.0
 40
25.0
  1
(80/195)
 11
-821870.5893079075
 21
-68848.1377939526
 31
0.0
100
AcDbText
  0
TEXT
  5
D99
330
17
100
AcDbEntity
  8
KM Kolon Markası
100
AcDbText
 10
-826863.9637453594
 20
-68813.13794654049
 30
0.0
 40
25.0
  1
SB187
 11
-826863.9637453594
 21
-68813.13794654049
 31
0.0
100
AcDbText
  0
TEXT
  5
D9A
330
17
100
AcDbEntity
  8
KM Kolon Markası
100
AcDbText
 10
-826863.9637453594
 20
-68848.1377939526
 30
0.0
 40
25.0
  1
(100/120)
 11
-826863.9637453594
 21
-68848.1377939526
 31
0.0
100
AcDbText
  0
TEXT
  5
D9B
330
17
100
AcDbEntity
  8
KM Kolon Markası
100
AcDbText
 10
-821020.5770055088
 20
-68813.13794654049
 30
0.0
 40
25.0
  1
SB188
 11
-821020.5770055088
 21
-68813.13794654049
 31
0.0
100
AcDbText
  0
TEXT
  5
D9C
330
17
100
AcDbEntity
  8
KM Kolon Markası
100
AcDbText
 10
-821020.5770055088
 20
-68848.1377939526
 30
0.0
 40
25.0
  1
(100/140)
 11
-821020.5770055088
 21
-68848.1377939526
 31
0.0
100
AcDbText
  0
TEXT
  5
D9D
330
17
100
AcDbEntity
  8
KM Kolon Markası
100
AcDbText
 10
-819810.5633775028
 20
-68813.13794654049
 30
0.0
 40
25.0
  1
SB189
 11
-819810.5633775028
 21
-68813.13794654049
 31
0.0
100
AcDbText
  0
TEXT
  5
D9E
330
17
100
AcDbEntity
  8
KM Kolon Markası
100
AcDbText
 10
-819810.5633775028
 20
-68848.1377939526
 30
0.0
 40
25.0
  1
(100/140)
 11
-819810.5633775028
 21
-68848.1377939526
 31
0.0
100
AcDbText
  0
TEXT
  5
D9F
330
17
100
AcDbEntity
  8
KM Kolon Markası
100
AcDbText
 10
-818985.5480710301
 20
-68813.13913863339
 30
0.0
 40
25.0
  1
SB190
 11
-818985.5480710301
 21
-68813.13913863339
 31
0.0
100
AcDbText
  0
TEXT
  5
DA0
330
17
100
AcDbEntity
  8
KM Kolon Markası
100
AcDbText
 10
-818985.5480710301
 20
-68848.13958209194
 30
0.0
 40
25.0
  1
(100/100)
 11
-818985.5480710301
 21
-68848.13958209194
 31
0.0
100
AcDbText
  0
TEXT
  5
DA1
330
17
100
AcDbEntity
  8
KM Kolon Markası
100
AcDbText
 10
-813325.4778901372
 20
-68738.13801806606
 30
0.0
 40
25.0
  1
SB191
 11
-813325.4778901372
 21
-68738.13801806606
 31
0.0
100
AcDbText
  0
TEXT
  5
DA2
330
17
100
AcDbEntity
  8
KM Kolon Markası
100
AcDbText
 10
-813325.4778901372
 20
-68773.13786547817
 30
0.0
 40
25.0
  1
(100/100)
 11
-813325.4778901372
 21
-68773.13786547817
 31
0.0
100
AcDbText
  0
TEXT
  5
DA3
330
17
100
AcDbEntity
  8
KM Kolon Markası
100
AcDbText
 10
-812725.4677335058
 20
-68738.13801806606
 30
0.0
 40
25.0
  1
SB192
 11
-812725.4677335058
 21
-68738.13801806606
 31
0.0
100
AcDbText
  0
TEXT
  5
DA4
330
17
100
AcDbEntity
  8
KM Kolon Markası
100
AcDbText
 10
-812725.4677335058
 20
-68773.13786547817
 30
0.0
 40
25.0
  1
(100/100)
 11
-812725.4677335058
 21
-68773.13786547817
 31
0.0
100
AcDbText
  0
TEXT
  5
DA5
330
17
100
AcDbEntity
  8
KM Kolon Markası
100
AcDbText
 10
-811885.4594746862
 20
-68738.13801806606
 30
0.0
 40
25.0
  1
SB193
 11
-811885.4594746862
 21
-68738.13801806606
 31
0.0
100
AcDbText
  0
TEXT
  5
DA6
330
17
100
AcDbEntity
  8
KM Kolon Markası
100
AcDbText
 10
-811885.4594746862
 20
-68773.13786547817
 30
0.0
 40
25.0
  1
(100/100)
 11
-811885.4594746862
 21
-68773.13786547817
 31
0.0
100
AcDbText
  0
TEXT
  5
DA7
330
17
100
AcDbEntity
  8
KM Kolon Markası
100
AcDbText
 10
-814850.674919251
 20
-68813.13794654049
 30
0.0
 40
25.0
  1
SB194
 11
-814850.674919251
 21
-68813.13794654049
 31
0.0
100
AcDbText
  0
TEXT
  5
DA8
330
17
100
AcDbEntity
  8
KM Kolon Markası
100
AcDbText
 10
-814850.674919251
 20
-68848.1377939526
 30
0.0
 40
25.0
  1
(100/100)
 11
-814850.674919251
 21
-68848.1377939526
 31
0.0
100
AcDbText
  0
TEXT
  5
DA9
330
17
100
AcDbEntity
  8
KM Kolon Markası
100
AcDbText
 10
-813975.4379311833
 20
-68813.13794654049
 30
0.0
 40
25.0
  1
SB195
 11
-813975.4379311833
 21
-68813.13794654049
 31
0.0
100
AcDbText
  0
TEXT
  5
DAA
330
17
100
AcDbEntity
  8
KM Kolon Markası
100
AcDbText
 10
-813975.4379311833
 20
-68848.1377939526
 30
0.0
 40
25.0
  1
(100/100)
 11
-813975.4379311833
 21
-68848.1377939526
 31
0.0
100
AcDbText
  0
TEXT
  5
DAB
330
17
100
AcDbEntity
  8
KM Kolon Markası
100
AcDbText
 10
-828125.6679216657
 20
-69163.1441692654
 30
0.0
 40
25.0
  1
SB196
 11
-828125.6679216657
 21
-69163.1441692654
 31
0.0
100
AcDbText
  0
TEXT
  5
DAC
330
17
100
AcDbEntity
  8
KM Kolon Markası
100
AcDbText
 10
-828125.6679216657
 20
-69198.14401667751
 30
0.0
 40
25.0
  1
(100/100)
 11
-828125.6679216657
 21
-69198.14401667751
 31
0.0
100
AcDbText
  0
TEXT
  5
DAD
330
17
100
AcDbEntity
  8
KM Kolon Markası
100
AcDbText
 10
-827510.660342339
 20
-69163.1441692654
 30
0.0
 40
25.0
  1
SB197
 11
-827510.660342339
 21
-69163.1441692654
 31
0.0
100
AcDbText
  0
TEXT
  5
DAE
330
17
100
AcDbEntity
  8
KM Kolon Markası
100
AcDbText
 10
-827510.660342339
 20
-69198.14401667751
 30
0.0
 40
25.0
  1
(100/100)
 11
-827510.660342339
 21
-69198.14401667751
 31
0.0
100
AcDbText
  0
TEXT
  5
DAF
330
17
100
AcDbEntity
  8
KM Kolon Markası
100
AcDbText
 10
-826864.1362808394
 20
-69163.1441692654
 30
0.0
 40
25.0
  1
SB198
 11
-826864.1362808394
 21
-69163.1441692654
 31
0.0
100
AcDbText
  0
TEXT
  5
DB0
330
17
100
AcDbEntity
  8
KM Kolon Markası
100
AcDbText
 10
-826864.1362808394
 20
-69198.14401667751
 30
0.0
 40
25.0
  1
(100/100)
 11
-826864.1362808394
 21
-69198.14401667751
 31
0.0
100
AcDbText
  0
TEXT
  5
DB1
330
17
100
AcDbEntity
  8
KM Kolon Markası
100
AcDbText
 10
-825995.6402102743
 20
-69163.1441692654
 30
0.0
 40
25.0
  1
SB199
 11
-825995.6402102743
 21
-69163.1441692654
 31
0.0
100
AcDbText
  0
TEXT
  5
DB2
330
17
100
AcDbEntity
  8
KM Kolon Markası
100
AcDbText
 10
-825995.6402102743
 20
-69198.14401667751
 30
0.0
 40
25.0
  1
(100/100)
 11
-825995.6402102743
 21
-69198.14401667751
 31
0.0
100
AcDbText
  0
TEXT
  5
DB3
330
17
100
AcDbEntity
  8
KM Kolon Markası
100
AcDbText
 10
-825144.1496534965
 20
-69163.1441692654
 30
0.0
 40
25.0
  1
SB200
 11
-825144.1496534965
 21
-69163.1441692654
 31
0.0
100
AcDbText
  0
TEXT
  5
DB4
330
17
100
AcDbEntity
  8
KM Kolon Markası
100
AcDbText
 10
-825144.1496534965
 20
-69198.14401667751
 30
0.0
 40
25.0
  1
(100/100)
 11
-825144.1496534965
 21
-69198.14401667751
 31
0.0
100
AcDbText
  0
TEXT
  5
DB5
330
17
100
AcDbEntity
  8
KM Kolon Markası
100
AcDbText
 10
-824291.9050907891
 20
-69163.1441692654
 30
0.0
 40
25.0
  1
SB201
 11
-824291.9050907891
 21
-69163.1441692654
 31
0.0
100
AcDbText
  0
TEXT
  5
DB6
330
17
100
AcDbEntity
  8
KM Kolon Markası
100
AcDbText
 10
-824291.9050907891
 20
-69198.14401667751
 30
0.0
 40
25.0
  1
(100/100)
 11
-824291.9050907891
 21
-69198.14401667751
 31
0.0
100
AcDbText
  0
TEXT
  5
DB7
330
17
100
AcDbEntity
  8
KM Kolon Markası
100
AcDbText
 10
-823420.6080952915
 20
-69163.1441692654
 30
0.0
 40
25.0
  1
SB202
 11
-823420.6080952915
 21
-69163.1441692654
 31
0.0
100
AcDbText
  0
TEXT
  5
DB8
330
17
100
AcDbEntity
  8
KM Kolon Markası
100
AcDbText
 10
-823420.6080952915
 20
-69198.14401667751
 30
0.0
 40
25.0
  1
(100/100)
 11
-823420.6080952915
 21
-69198.14401667751
 31
0.0
100
AcDbText
  0
TEXT
  5
DB9
330
17
100
AcDbEntity
  8
KM Kolon Markası
100
AcDbText
 10
-822550.5972424778
 20
-69163.1441692654
 30
0.0
 40
25.0
  1
SB203
 11
-822550.5972424778
 21
-69163.1441692654
 31
0.0
100
AcDbText
  0
TEXT
  5
DBA
330
17
100
AcDbEntity
  8
KM Kolon Markası
100
AcDbText
 10
-822550.5972424778
 20
-69198.14401667751
 30
0.0
 40
25.0
  1
(100/100)
 11
-822550.5972424778
 21
-69198.14401667751
 31
0.0
100
AcDbText
  0
TEXT
  5
DBB
330
17
100
AcDbEntity
  8
KM Kolon Markası
100
AcDbText
 10
-821820.5881634984
 20
-69163.1441692654
 30
0.0
 40
25.0
  1
SB204
 11
-821820.5881634984
 21
-69163.1441692654
 31
0.0
100
AcDbText
  0
TEXT
  5
DBC
330
17
100
AcDbEntity
  8
KM Kolon Markası
100
AcDbText
 10
-821820.5881634984
 20
-69198.14401667751
 30
0.0
 40
25.0
  1
(100/100)
 11
-821820.5881634984
 21
-69198.14401667751
 31
0.0
100
AcDbText
  0
TEXT
  5
DBD
330
17
100
AcDbEntity
  8
KM Kolon Markası
100
AcDbText
 10
-821020.5770055088
 20
-69163.1441692654
 30
0.0
 40
25.0
  1
SB205
 11
-821020.5770055088
 21
-69163.1441692654
 31
0.0
100
AcDbText
  0
TEXT
  5
DBE
330
17
100
AcDbEntity
  8
KM Kolon Markası
100
AcDbText
 10
-821020.5770055088
 20
-69198.14401667751
 30
0.0
 40
25.0
  1
(100/100)
 11
-821020.5770055088
 21
-69198.14401667751
 31
0.0
100
AcDbText
  0
TEXT
  5
DBF
330
17
100
AcDbEntity
  8
KM Kolon Markası
100
AcDbText
 10
-819810.5633775028
 20
-69163.1441692654
 30
0.0
 40
25.0
  1
SB206
 11
-819810.5633775028
 21
-69163.1441692654
 31
0.0
100
AcDbText
  0
TEXT
  5
DC0
330
17
100
AcDbEntity
  8
KM Kolon Markası
100
AcDbText
 10
-819810.5633775028
 20
-69198.14401667751
 30
0.0
 40
25.0
  1
(100/100)
 11
-819810.5633775028
 21
-69198.14401667751
 31
0.0
100
AcDbText
  0
TEXT
  5
DC1
330
17
100
AcDbEntity
  8
KM Kolon Markası
100
AcDbText
 10
-819057.4861089023
 20
-69163.1441692654
 30
0.0
 40
25.0
  1
SB207
 11
-819057.4861089023
 21
-69163.1441692654
 31
0.0
100
AcDbText
  0
TEXT
  5
DC2
330
17
100
AcDbEntity
  8
KM Kolon Markası
100
AcDbText
 10
-819057.4861089023
 20
-69198.14401667751
 30
0.0
 40
25.0
  1
(100/100)
 11
-819057.4861089023
 21
-69198.14401667751
 31
0.0
100
AcDbText
  0
TEXT
  5
DC3
330
17
100
AcDbEntity
  8
KM Kolon Markası
100
AcDbText
 10
-818210.0010434423
 20
-69163.1441692654
 30
0.0
 40
25.0
  1
SB208
 11
-818210.0010434423
 21
-69163.1441692654
 31
0.0
100
AcDbText
  0
TEXT
  5
DC4
330
17
100
AcDbEntity
  8
KM Kolon Markası
100
AcDbText
 10
-818210.0010434423
 20
-69198.14401667751
 30
0.0
 40
25.0
  1
(100/100)
 11
-818210.0010434423
 21
-69198.14401667751
 31
0.0
100
AcDbText
  0
TEXT
  5
DC5
330
17
100
AcDbEntity
  8
KM Kolon Markası
100
AcDbText
 10
-817362.527898911
 20
-69163.1441692654
 30
0.0
 40
25.0
  1
SB209
 11
-817362.527898911
 21
-69163.1441692654
 31
0.0
100
AcDbText
  0
TEXT
  5
DC6
330
17
100
AcDbEntity
  8
KM Kolon Markası
100
AcDbText
 10
-817362.527898911
 20
-69198.14401667751
 30
0.0
 40
25.0
  1
(100/100)
 11
-817362.527898911
 21
-69198.14401667751
 31
0.0
100
AcDbText
  0
TEXT
  5
DC7
330
17
100
AcDbEntity
  8
KM Kolon Markası
100
AcDbText
 10
-816511.7013970647
 20
-69163.1441692654
 30
0.0
 40
25.0
  1
SB210
 11
-816511.7013970647
 21
-69163.1441692654
 31
0.0
100
AcDbText
  0
TEXT
  5
DC8
330
17
100
AcDbEntity
  8
KM Kolon Markası
100
AcDbText
 10
-816511.7013970647
 20
-69198.14401667751
 30
0.0
 40
25.0
  1
(100/100)
 11
-816511.7013970647
 21
-69198.14401667751
 31
0.0
100
AcDbText
  0
TEXT
  5
DC9
330
17
100
AcDbEntity
  8
KM Kolon Markası
100
AcDbText
 10
-815651.7446557316
 20
-69163.1441692654
 30
0.0
 40
25.0
  1
SB211
 11
-815651.7446557316
 21
-69163.1441692654
 31
0.0
100
AcDbText
  0
TEXT
  5
DCA
330
17
100
AcDbEntity
  8
KM Kolon Markası
100
AcDbText
 10
-815651.7446557316
 20
-69198.14401667751
 30
0.0
 40
25.0
  1
(100/100)
 11
-815651.7446557316
 21
-69198.14401667751
 31
0.0
100
AcDbText
  0
TEXT
  5
DCB
330
17
100
AcDbEntity
  8
KM Kolon Markası
100
AcDbText
 10
-814835.0000897679
 20
-69163.1441692654
 30
0.0
 40
25.0
  1
SB212
 11
-814835.0000897679
 21
-69163.1441692654
 31
0.0
100
AcDbText
  0
TEXT
  5
DCC
330
17
100
AcDbEntity
  8
KM Kolon Markası
100
AcDbText
 10
-814835.0000897679
 20
-69198.14401667751
 30
0.0
 40
25.0
  1
(100/100)
 11
-814835.0000897679
 21
-69198.14401667751
 31
0.0
100
AcDbText
  0
TEXT
  5
DCD
330
17
100
AcDbEntity
  8
KM Kolon Markası
100
AcDbText
 10
-813975.4379311833
 20
-69163.1441692654
 30
0.0
 40
25.0
  1
SB213
 11
-813975.4379311833
 21
-69163.1441692654
 31
0.0
100
AcDbText
  0
TEXT
  5
DCE
330
17
100
AcDbEntity
  8
KM Kolon Markası
100
AcDbText
 10
-813975.4379311833
 20
-69198.14401667751
 30
0.0
 40
25.0
  1
(100/100)
 11
-813975.4379311833
 21
-69198.14401667751
 31
0.0
100
AcDbText
  0
TEXT
  5
DCF
330
17
100
AcDbEntity
  8
KM Kolon Markası
100
AcDbText
 10
-813975.4379311833
 20
-69408.14786952175
 30
0.0
 40
25.0
  1
SB214
 11
-813975.4379311833
 21
-69408.14786952175
 31
0.0
100
AcDbText
  0
TEXT
  5
DD0
330
17
100
AcDbEntity
  8
KM Kolon Markası
100
AcDbText
 10
-813975.4379311833
 20
-69443.14771693386
 30
0.0
 40
25.0
  1
(100/80)
 11
-813975.4379311833
 21
-69443.14771693386
 31
0.0
100
AcDbText
  0
TEXT
  5
DD1
330
17
100
AcDbEntity
  8
KM Kolon Markası
100
AcDbText
 10
-813325.4778901372
 20
-69418.14714472927
 30
0.0
 40
25.0
  1
SB215
 11
-813325.4778901372
 21
-69418.14714472927
 31
0.0
100
AcDbText
  0
TEXT
  5
DD2
330
17
100
AcDbEntity
  8
KM Kolon Markası
100
AcDbText
 10
-813325.4778901372
 20
-69453.14699214138
 30
0.0
 40
25.0
  1
(100/100)
 11
-813325.4778901372
 21
-69453.14699214138
 31
0.0
100
AcDbText
  0
TEXT
  5
DD3
330
17
100
AcDbEntity
  8
KM Kolon Markası
100
AcDbText
 10
-812725.4677335058
 20
-69418.14714472927
 30
0.0
 40
25.0
  1
SB216
 11
-812725.4677335058
 21
-69418.14714472927
 31
0.0
100
AcDbText
  0
TEXT
  5
DD4
330
17
100
AcDbEntity
  8
KM Kolon Markası
100
AcDbText
 10
-812725.4677335058
 20
-69453.14699214138
 30
0.0
 40
25.0
  1
(100/100)
 11
-812725.4677335058
 21
-69453.14699214138
 31
0.0
100
AcDbText
  0
TEXT
  5
DD5
330
17
100
AcDbEntity
  8
KM Kolon Markası
100
AcDbText
 10
-811885.4594746862
 20
-69418.14714472927
 30
0.0
 40
25.0
  1
SB217
 11
-811885.4594746862
 21
-69418.14714472927
 31
0.0
100
AcDbText
  0
TEXT
  5
DD6
330
17
100
AcDbEntity
  8
KM Kolon Markası
100
AcDbText
 10
-811885.4594746862
 20
-69453.14699214138
 30
0.0
 40
25.0
  1
(100/100)
 11
-811885.4594746862
 21
-69453.14699214138
 31
0.0
100
AcDbText
  0
TEXT
  5
DD7
330
17
100
AcDbEntity
  8
KM Kolon Markası
100
AcDbText
 10
-817362.527898911
 20
-69878.15314334072
 30
0.0
 40
25.0
  1
SB218
 11
-817362.527898911
 21
-69878.15314334072
 31
0.0
100
AcDbText
  0
TEXT
  5
DD8
330
17
100
AcDbEntity
  8
KM Kolon Markası
100
AcDbText
 10
-817362.527898911
 20
-69913.15299075283
 30
0.0
 40
25.0
  1
(100/60)
 11
-817362.527898911
 21
-69913.15299075283
 31
0.0
100
AcDbText
  0
TEXT
  5
DD9
330
17
100
AcDbEntity
  8
KM Kolon Markası
100
AcDbText
 10
-816348.5181847845
 20
-69878.15314334072
 30
0.0
 40
25.0
  1
SB219
 11
-816348.5181847845
 21
-69878.15314334072
 31
0.0
100
AcDbText
  0
TEXT
  5
DDA
330
17
100
AcDbEntity
  8
KM Kolon Markası
100
AcDbText
 10
-816348.5181847845
 20
-69913.15299075283
 30
0.0
 40
25.0
  1
(100/60)
 11
-816348.5181847845
 21
-69913.15299075283
 31
0.0
100
AcDbText
  0
TEXT
  5
DDB
330
17
100
AcDbEntity
  8
KM Kolon Markası
100
AcDbText
 10
-828144.1729653119
 20
-70238.15804522671
 30
0.0
 40
25.0
  1
SB220
 11
-828144.1729653119
 21
-70238.15804522671
 31
0.0
100
AcDbText
  0
TEXT
  5
DDC
330
17
100
AcDbEntity
  8
KM Kolon Markası
100
AcDbText
 10
-828144.1729653119
 20
-70273.15908473171
 30
0.0
 40
25.0
  1
(100/100)
 11
-828144.1729653119
 21
-70273.15908473171
 31
0.0
100
AcDbText
  0
TEXT
  5
DDD
330
17
100
AcDbEntity
  8
KM Kolon Markası
100
AcDbText
 10
-827510.660342339
 20
-70238.15804522671
 30
0.0
 40
25.0
  1
SB221
 11
-827510.660342339
 21
-70238.15804522671
 31
0.0
100
AcDbText
  0
TEXT
  5
DDE
330
17
100
AcDbEntity
  8
KM Kolon Markası
100
AcDbText
 10
-827510.660342339
 20
-70273.15908473171
 30
0.0
 40
25.0
  1
(100/100)
 11
-827510.660342339
 21
-70273.15908473171
 31
0.0
100
AcDbText
  0
TEXT
  5
DDF
330
17
100
AcDbEntity
  8
KM Kolon Markası
100
AcDbText
 10
-826866.3321511077
 20
-70238.15804522671
 30
0.0
 40
25.0
  1
SB222
 11
-826866.3321511077
 21
-70238.15804522671
 31
0.0
100
AcDbText
  0
TEXT
  5
DE0
330
17
100
AcDbEntity
  8
KM Kolon Markası
100
AcDbText
 10
-826866.3321511077
 20
-70273.15908473171
 30
0.0
 40
25.0
  1
(100/100)
 11
-826866.3321511077
 21
-70273.15908473171
 31
0.0
100
AcDbText
  0
TEXT
  5
DE1
330
17
100
AcDbEntity
  8
KM Kolon Markası
100
AcDbText
 10
-826000.6398478779
 20
-70258.15778773464
 30
0.0
 40
25.0
  1
SB223
 11
-826000.6398478779
 21
-70258.15778773464
 31
0.0
100
AcDbText
  0
TEXT
  5
DE2
330
17
100
AcDbEntity
  8
KM Kolon Markası
100
AcDbText
 10
-826000.6398478779
 20
-70293.15763514675
 30
0.0
 40
25.0
  1
(100/120)
 11
-826000.6398478779
 21
-70293.15763514675
 31
0.0
100
AcDbText
  0
TEXT
  5
DE3
330
17
100
AcDbEntity
  8
KM Kolon Markası
100
AcDbText
 10
-825185.6604601158
 20
-70258.15778773464
 30
0.0
 40
25.0
  1
SB224
 11
-825185.6604601158
 21
-70258.15778773464
 31
0.0
100
AcDbText
  0
TEXT
  5
DE4
330
17
100
AcDbEntity
  8
KM Kolon Markası
100
AcDbText
 10
-825185.6604601158
 20
-70293.15763514675
 30
0.0
 40
25.0
  1
(100/120)
 11
-825185.6604601158
 21
-70293.15763514675
 31
0.0
100
AcDbText
  0
TEXT
  5
DE5
330
17
100
AcDbEntity
  8
KM Kolon Markası
100
AcDbText
 10
-824308.1215582497
 20
-70258.15778773464
 30
0.0
 40
25.0
  1
SB225
 11
-824308.1215582497
 21
-70258.15778773464
 31
0.0
100
AcDbText
  0
TEXT
  5
DE6
330
17
100
AcDbEntity
  8
KM Kolon Markası
100
AcDbText
 10
-824308.1215582497
 20
-70293.15763514675
 30
0.0
 40
25.0
  1
(100/120)
 11
-824308.1215582497
 21
-70293.15763514675
 31
0.0
100
AcDbText
  0
TEXT
  5
DE7
330
17
100
AcDbEntity
  8
KM Kolon Markası
100
AcDbText
 10
-823491.2059774712
 20
-70258.15778773464
 30
0.0
 40
25.0
  1
SB226
 11
-823491.2059774712
 21
-70258.15778773464
 31
0.0
100
AcDbText
  0
TEXT
  5
DE8
330
17
100
AcDbEntity
  8
KM Kolon Markası
100
AcDbText
 10
-823491.2059774712
 20
-70293.15763514675
 30
0.0
 40
25.0
  1
(100/120)
 11
-823491.2059774712
 21
-70293.15763514675
 31
0.0
100
AcDbText
  0
TEXT
  5
DE9
330
17
100
AcDbEntity
  8
KM Kolon Markası
100
AcDbText
 10
-822587.5974217686
 20
-70258.15778773464
 30
0.0
 40
25.0
  1
SB227
 11
-822587.5974217686
 21
-70258.15778773464
 31
0.0
100
AcDbText
  0
TEXT
  5
DEA
330
17
100
AcDbEntity
  8
KM Kolon Markası
100
AcDbText
 10
-822587.5974217686
 20
-70293.15763514675
 30
0.0
 40
25.0
  1
(140/120)
 11
-822587.5974217686
 21
-70293.15763514675
 31
0.0
100
AcDbText
  0
TEXT
  5
DEB
330
17
100
AcDbEntity
  8
KM Kolon Markası
100
AcDbText
 10
-821870.5893079075
 20
-70258.15778773464
 30
0.0
 40
25.0
  1
SB228
 11
-821870.5893079075
 21
-70258.15778773464
 31
0.0
100
AcDbText
  0
TEXT
  5
DEC
330
17
100
AcDbEntity
  8
KM Kolon Markası
100
AcDbText
 10
-821870.5893079075
 20
-70293.15763514675
 30
0.0
 40
25.0
  1
(100/185)
 11
-821870.5893079075
 21
-70293.15763514675
 31
0.0
100
AcDbText
  0
TEXT
  5
DED
330
17
100
AcDbEntity
  8
KM Kolon Markası
100
AcDbText
 10
-821020.563892487
 20
-70258.15778773464
 30
0.0
 40
25.0
  1
SB229
 11
-821020.563892487
 21
-70258.15778773464
 31
0.0
100
AcDbText
  0
TEXT
  5
DEE
330
17
100
AcDbEntity
  8
KM Kolon Markası
100
AcDbText
 10
-821020.563892487
 20
-70293.15763514675
 30
0.0
 40
25.0
  1
(100/185)
 11
-821020.563892487
 21
-70293.15763514675
 31
0.0
100
AcDbText
  0
TEXT
  5
DEF
330
17
100
AcDbEntity
  8
KM Kolon Markası
100
AcDbText
 10
-819873.3945432705
 20
-70258.15778773464
 30
0.0
 40
25.0
  1
SB230
 11
-819873.3945432705
 21
-70258.15778773464
 31
0.0
100
AcDbText
  0
TEXT
  5
DF0
330
17
100
AcDbEntity
  8
KM Kolon Markası
100
AcDbText
 10
-819873.3945432705
 20
-70293.15763514675
 30
0.0
 40
25.0
  1
(80/120)
 11
-819873.3945432705
 21
-70293.15763514675
 31
0.0
100
AcDbText
  0
TEXT
  5
DF1
330
17
100
AcDbEntity
  8
KM Kolon Markası
100
AcDbText
 10
-818995.5485383306
 20
-70258.15778773464
 30
0.0
 40
25.0
  1
SB231
 11
-818995.5485383306
 21
-70258.15778773464
 31
0.0
100
AcDbText
  0
TEXT
  5
DF2
330
17
100
AcDbEntity
  8
KM Kolon Markası
100
AcDbText
 10
-818995.5485383306
 20
-70293.15763514675
 30
0.0
 40
25.0
  1
(100/120)
 11
-818995.5485383306
 21
-70293.15763514675
 31
0.0
100
AcDbText
  0
TEXT
  5
DF3
330
17
100
AcDbEntity
  8
KM Kolon Markası
100
AcDbText
 10
-818162.5414410863
 20
-70258.15778773464
 30
0.0
 40
25.0
  1
SB232
 11
-818162.5414410863
 21
-70258.15778773464
 31
0.0
100
AcDbText
  0
TEXT
  5
DF4
330
17
100
AcDbEntity
  8
KM Kolon Markası
100
AcDbText
 10
-818162.5414410863
 20
-70293.15763514675
 30
0.0
 40
25.0
  1
(100/120)
 11
-818162.5414410863
 21
-70293.15763514675
 31
0.0
100
AcDbText
  0
TEXT
  5
DF5
330
17
100
AcDbEntity
  8
KM Kolon Markası
100
AcDbText
 10
-817415.0729070765
 20
-70258.15778773464
 30
0.0
 40
25.0
  1
SB233
 11
-817415.0729070765
 21
-70258.15778773464
 31
0.0
100
AcDbText
  0
TEXT
  5
DF6
330
17
100
AcDbEntity
  8
KM Kolon Markası
100
AcDbText
 10
-817415.0729070765
 20
-70293.15763514675
 30
0.0
 40
25.0
  1
(60/120)
 11
-817415.0729070765
 21
-70293.15763514675
 31
0.0
100
AcDbText
  0
TEXT
  5
DF7
330
17
100
AcDbEntity
  8
KM Kolon Markası
100
AcDbText
 10
-816348.5181847845
 20
-70258.15778773464
 30
0.0
 40
25.0
  1
SB234
 11
-816348.5181847845
 21
-70258.15778773464
 31
0.0
100
AcDbText
  0
TEXT
  5
DF8
330
17
100
AcDbEntity
  8
KM Kolon Markası
100
AcDbText
 10
-816348.5181847845
 20
-70293.15763514675
 30
0.0
 40
25.0
  1
(60/120)
 11
-816348.5181847845
 21
-70293.15763514675
 31
0.0
100
AcDbText
  0
TEXT
  5
DF9
330
17
100
AcDbEntity
  8
KM Kolon Markası
100
AcDbText
 10
-815503.5079041752
 20
-70258.15778773464
 30
0.0
 40
25.0
  1
SB235
 11
-815503.5079041752
 21
-70258.15778773464
 31
0.0
100
AcDbText
  0
TEXT
  5
DFA
330
17
100
AcDbEntity
  8
KM Kolon Markası
100
AcDbText
 10
-815503.5079041752
 20
-70293.15763514675
 30
0.0
 40
25.0
  1
(100/120)
 11
-815503.5079041752
 21
-70293.15763514675
 31
0.0
100
AcDbText
  0
TEXT
  5
DFB
330
17
100
AcDbEntity
  8
KM Kolon Markası
100
AcDbText
 10
-814695.4989949497
 20
-70258.15778773464
 30
0.0
 40
25.0
  1
SB236
 11
-814695.4989949497
 21
-70258.15778773464
 31
0.0
100
AcDbText
  0
TEXT
  5
DFC
330
17
100
AcDbEntity
  8
KM Kolon Markası
100
AcDbText
 10
-814695.4989949497
 20
-70293.15763514675
 30
0.0
 40
25.0
  1
(100/120)
 11
-814695.4989949497
 21
-70293.15763514675
 31
0.0
100
AcDbText
  0
TEXT
  5
DFD
330
17
100
AcDbEntity
  8
KM Kolon Markası
100
AcDbText
 10
-814017.4377480779
 20
-70258.15778773464
 30
0.0
 40
25.0
  1
SB237
 11
-814017.4377480779
 21
-70258.15778773464
 31
0.0
100
AcDbText
  0
TEXT
  5
DFE
330
17
100
AcDbEntity
  8
KM Kolon Markası
100
AcDbText
 10
-814017.4377480779
 20
-70293.15763514675
 30
0.0
 40
25.0
  1
(100/120)
 11
-814017.4377480779
 21
-70293.15763514675
 31
0.0
100
AcDbText
  0
TEXT
  5
DFF
330
17
100
AcDbEntity
  8
KM Kolon Markası
100
AcDbText
 10
-813325.4778901372
 20
-70288.15799754299
 30
0.0
 40
25.0
  1
SB238
 11
-813325.4778901372
 21
-70288.15799754299
 31
0.0
100
AcDbText
  0
TEXT
  5
E00
330
17
100
AcDbEntity
  8
KM Kolon Markası
100
AcDbText
 10
-813325.4778901372
 20
-70323.159037048
 30
0.0
 40
25.0
  1
(100/100)
 11
-813325.4778901372
 21
-70323.159037048
 31
0.0
100
AcDbText
  0
TEXT
  5
E01
330
17
100
AcDbEntity
  8
KM Kolon Markası
100
AcDbText
 10
-812725.4677335058
 20
-70288.15799754299
 30
0.0
 40
25.0
  1
SB239
 11
-812725.4677335058
 21
-70288.15799754299
 31
0.0
100
AcDbText
  0
TEXT
  5
E02
330
17
100
AcDbEntity
  8
KM Kolon Markası
100
AcDbText
 10
-812725.4677335058
 20
-70323.159037048
 30
0.0
 40
25.0
  1
(100/100)
 11
-812725.4677335058
 21
-70323.159037048
 31
0.0
100
AcDbText
  0
TEXT
  5
E03
330
17
100
AcDbEntity
  8
KM Kolon Markası
100
AcDbText
 10
-811885.4594746862
 20
-70288.15799754299
 30
0.0
 40
25.0
  1
SB240
 11
-811885.4594746862
 21
-70288.15799754299
 31
0.0
100
AcDbText
  0
TEXT
  5
E04
330
17
100
AcDbEntity
  8
KM Kolon Markası
100
AcDbText
 10
-811885.4594746862
 20
-70323.159037048
 30
0.0
 40
25.0
  1
(100/100)
 11
-811885.4594746862
 21
-70323.159037048
 31
0.0
100
AcDbText
  0
TEXT
  5
E05
330
17
100
AcDbEntity
  8
KM Kolon Markası
100
AcDbText
 10
-828144.1729653119
 20
-70638.16243212856
 30
0.0
 40
25.0
  1
SB241
 11
-828144.1729653119
 21
-70638.16243212856
 31
0.0
100
AcDbText
  0
TEXT
  5
E06
330
17
100
AcDbEntity
  8
KM Kolon Markası
100
AcDbText
 10
-828144.1729653119
 20
-70673.16227954067
 30
0.0
 40
25.0
  1
(100/60)
 11
-828144.1729653119
 21
-70673.16227954067
 31
0.0
100
AcDbText
  0
TEXT
  5
E07
330
17
100
AcDbEntity
  8
KM Kolon Markası
100
AcDbText
 10
-827510.660342339
 20
-70638.16243212856
 30
0.0
 40
25.0
  1
SB242
 11
-827510.660342339
 21
-70638.16243212856
 31
0.0
100
AcDbText
  0
TEXT
  5
E08
330
17
100
AcDbEntity
  8
KM Kolon Markası
100
AcDbText
 10
-827510.660342339
 20
-70673.16227954067
 30
0.0
 40
25.0
  1
(100/60)
 11
-827510.660342339
 21
-70673.16227954067
 31
0.0
100
AcDbText
  0
TEXT
  5
E09
330
17
100
AcDbEntity
  8
KM Kolon Markası
100
AcDbText
 10
-826866.3321511077
 20
-70653.16253703274
 30
0.0
 40
25.0
  1
SB243
 11
-826866.3321511077
 21
-70653.16253703274
 31
0.0
100
AcDbText
  0
TEXT
  5
E0A
330
17
100
AcDbEntity
  8
KM Kolon Markası
100
AcDbText
 10
-826866.3321511077
 20
-70688.16238444485
 30
0.0
 40
25.0
  1
(100/100)
 11
-826866.3321511077
 21
-70688.16238444485
 31
0.0
100
AcDbText
  0
TEXT
  5
E0B
330
17
100
AcDbEntity
  8
KM Kolon Markası
100
AcDbText
 10
-826000.6398478779
 20
-70638.16243212856
 30
0.0
 40
25.0
  1
SB244
 11
-826000.6398478779
 21
-70638.16243212856
 31
0.0
100
AcDbText
  0
TEXT
  5
E0C
330
17
100
AcDbEntity
  8
KM Kolon Markası
100
AcDbText
 10
-826000.6398478779
 20
-70673.16227954067
 30
0.0
 40
25.0
  1
(100/60)
 11
-826000.6398478779
 21
-70673.16227954067
 31
0.0
100
AcDbText
  0
TEXT
  5
E0D
330
17
100
AcDbEntity
  8
KM Kolon Markası
100
AcDbText
 10
-825145.1757672495
 20
-70638.16243212856
 30
0.0
 40
25.0
  1
SB245
 11
-825145.1757672495
 21
-70638.16243212856
 31
0.0
100
AcDbText
  0
TEXT
  5
E0E
330
17
100
AcDbEntity
  8
KM Kolon Markası
100
AcDbText
 10
-825145.1757672495
 20
-70673.16227954067
 30
0.0
 40
25.0
  1
(100/60)
 11
-825145.1757672495
 21
-70673.16227954067
 31
0.0
100
AcDbText
  0
TEXT
  5
E0F
330
17
100
AcDbEntity
  8
KM Kolon Markası
100
AcDbText
 10
-824291.3692236859
 20
-70638.16243212856
 30
0.0
 40
25.0
  1
SB246
 11
-824291.3692236859
 21
-70638.16243212856
 31
0.0
100
AcDbText
  0
TEXT
  5
E10
330
17
100
AcDbEntity
  8
KM Kolon Markası
100
AcDbText
 10
-824291.3692236859
 20
-70673.16227954067
 30
0.0
 40
25.0
  1
(100/60)
 11
-824291.3692236859
 21
-70673.16227954067
 31
0.0
100
AcDbText
  0
TEXT
  5
E11
330
17
100
AcDbEntity
  8
KM Kolon Markası
100
AcDbText
 10
-823445.6080714497
 20
-70638.16243212856
 30
0.0
 40
25.0
  1
SB247
 11
-823445.6080714497
 21
-70638.16243212856
 31
0.0
100
AcDbText
  0
TEXT
  5
E12
330
17
100
AcDbEntity
  8
KM Kolon Markası
100
AcDbText
 10
-823445.6080714497
 20
-70673.16227954067
 30
0.0
 40
25.0
  1
(100/60)
 11
-823445.6080714497
 21
-70673.16227954067
 31
0.0
100
AcDbText
  0
TEXT
  5
E13
330
17
100
AcDbEntity
  8
KM Kolon Markası
100
AcDbText
 10
-822617.597631577
 20
-70638.16243212856
 30
0.0
 40
25.0
  1
SB248
 11
-822617.597631577
 21
-70638.16243212856
 31
0.0
100
AcDbText
  0
TEXT
  5
E14
330
17
100
AcDbEntity
  8
KM Kolon Markası
100
AcDbText
 10
-822617.597631577
 20
-70673.16227954067
 30
0.0
 40
25.0
  1
(100/60)
 11
-822617.597631577
 21
-70673.16227954067
 31
0.0
100
AcDbText
  0
TEXT
  5
E15
330
17
100
AcDbEntity
  8
KM Kolon Markası
100
AcDbText
 10
-821870.5893079075
 20
-70638.16243212856
 30
0.0
 40
25.0
  1
SB249
 11
-821870.5893079075
 21
-70638.16243212856
 31
0.0
100
AcDbText
  0
TEXT
  5
E16
330
17
100
AcDbEntity
  8
KM Kolon Markası
100
AcDbText
 10
-821870.5893079075
 20
-70673.16227954067
 30
0.0
 40
25.0
  1
(100/60)
 11
-821870.5893079075
 21
-70673.16227954067
 31
0.0
100
AcDbText
  0
TEXT
  5
E17
330
17
100
AcDbEntity
  8
KM Kolon Markası
100
AcDbText
 10
-821020.5770055088
 20
-70668.16264193691
 30
0.0
 40
25.0
  1
SB250
 11
-821020.5770055088
 21
-70668.16264193691
 31
0.0
100
AcDbText
  0
TEXT
  5
E18
330
17
100
AcDbEntity
  8
KM Kolon Markası
100
AcDbText
 10
-821020.5770055088
 20
-70703.16248934902
 30
0.0
 40
25.0
  1
(110/110)
 11
-821020.5770055088
 21
-70703.16248934902
 31
0.0
100
AcDbText
  0
TEXT
  5
E19
330
17
100
AcDbEntity
  8
KM Kolon Markası
100
AcDbText
 10
-818995.5485383306
 20
-70638.16243212856
 30
0.0
 40
25.0
  1
SB251
 11
-818995.5485383306
 21
-70638.16243212856
 31
0.0
100
AcDbText
  0
TEXT
  5
E1A
330
17
100
AcDbEntity
  8
KM Kolon Markası
100
AcDbText
 10
-818995.5485383306
 20
-70673.16227954067
 30
0.0
 40
25.0
  1
(100/60)
 11
-818995.5485383306
 21
-70673.16227954067
 31
0.0
100
AcDbText
  0
TEXT
  5
E1B
330
17
100
AcDbEntity
  8
KM Kolon Markası
100
AcDbText
 10
-818162.5414410863
 20
-70638.16243212856
 30
0.0
 40
25.0
  1
SB252
 11
-818162.5414410863
 21
-70638.16243212856
 31
0.0
100
AcDbText
  0
TEXT
  5
E1C
330
17
100
AcDbEntity
  8
KM Kolon Markası
100
AcDbText
 10
-818162.5414410863
 20
-70673.16227954067
 30
0.0
 40
25.0
  1
(100/60)
 11
-818162.5414410863
 21
-70673.16227954067
 31
0.0
100
AcDbText
  0
TEXT
  5
E1D
330
17
100
AcDbEntity
  8
KM Kolon Markası
100
AcDbText
 10
-817376.85169059
 20
-70638.16243212856
 30
0.0
 40
25.0
  1
SB253
 11
-817376.85169059
 21
-70638.16243212856
 31
0.0
100
AcDbText
  0
TEXT
  5
E1E
330
17
100
AcDbEntity
  8
KM Kolon Markası
100
AcDbText
 10
-817376.85169059
 20
-70673.16227954067
 30
0.0
 40
25.0
  1
(100/60)
 11
-817376.85169059
 21
-70673.16227954067
 31
0.0
100
AcDbText
  0
TEXT
  5
E1F
330
17
100
AcDbEntity
  8
KM Kolon Markası
100
AcDbText
 10
-816348.5181847845
 20
-70638.16243212856
 30
0.0
 40
25.0
  1
SB254
 11
-816348.5181847845
 21
-70638.16243212856
 31
0.0
100
AcDbText
  0
TEXT
  5
E20
330
17
100
AcDbEntity
  8
KM Kolon Markası
100
AcDbText
 10
-816348.5181847845
 20
-70673.16227954067
 30
0.0
 40
25.0
  1
(100/60)
 11
-816348.5181847845
 21
-70673.16227954067
 31
0.0
100
AcDbText
  0
TEXT
  5
E21
330
17
100
AcDbEntity
  8
KM Kolon Markası
100
AcDbText
 10
-815533.5081139837
 20
-70638.16243212856
 30
0.0
 40
25.0
  1
SB255
 11
-815533.5081139837
 21
-70638.16243212856
 31
0.0
100
AcDbText
  0
TEXT
  5
E22
330
17
100
AcDbEntity
  8
KM Kolon Markası
100
AcDbText
 10
-815533.5081139837
 20
-70673.16227954067
 30
0.0
 40
25.0
  1
(100/60)
 11
-815533.5081139837
 21
-70673.16227954067
 31
0.0
100
AcDbText
  0
TEXT
  5
E23
330
17
100
AcDbEntity
  8
KM Kolon Markası
100
AcDbText
 10
-814695.4989949497
 20
-70698.16165965237
 30
0.0
 40
25.0
  1
SB256
 11
-814695.4989949497
 21
-70698.16165965237
 31
0.0
100
AcDbText
  0
TEXT
  5
E24
330
17
100
AcDbEntity
  8
KM Kolon Markası
100
AcDbText
 10
-814695.4989949497
 20
-70733.16269915737
 30
0.0
 40
25.0
  1
(100/120)
 11
-814695.4989949497
 21
-70733.16269915737
 31
0.0
100
AcDbText
  0
TEXT
  5
E25
330
17
100
AcDbEntity
  8
KM Kolon Markası
100
AcDbText
 10
-819860.5633298191
 20
-70813.1640533749
 30
0.0
 40
25.0
  1
SB257
 11
-819860.5633298191
 21
-70813.1640533749
 31
0.0
100
AcDbText
  0
TEXT
  5
E26
330
17
100
AcDbEntity
  8
KM Kolon Markası
100
AcDbText
 10
-819860.5633298191
 20
-70848.1650928799
 30
0.0
 40
25.0
  1
(100/100)
 11
-819860.5633298191
 21
-70848.1650928799
 31
0.0
100
AcDbText
  0
TEXT
  5
E27
330
17
100
AcDbEntity
  8
KM Kolon Markası
100
AcDbText
 10
-814017.4377480779
 20
-70718.1637863461
 30
0.0
 40
25.0
  1
SB258
 11
-814017.4377480779
 21
-70718.1637863461
 31
0.0
100
AcDbText
  0
TEXT
  5
E28
330
17
100
AcDbEntity
  8
KM Kolon Markası
100
AcDbText
 10
-814017.4377480779
 20
-70753.1636337582
 30
0.0
 40
25.0
  1
(100/100)
 11
-814017.4377480779
 21
-70753.1636337582
 31
0.0
100
AcDbText
  0
TEXT
  5
E29
330
17
100
AcDbEntity
  8
KM Kolon Markası
100
AcDbText
 10
-814017.4377480779
 20
-71238.17020457424
 30
0.0
 40
25.0
  1
SB259
 11
-814017.4377480779
 21
-71238.17020457424
 31
0.0
100
AcDbText
  0
TEXT
  5
E2A
330
17
100
AcDbEntity
  8
KM Kolon Markası
100
AcDbText
 10
-814017.4377480779
 20
-71273.17005198635
 30
0.0
 40
25.0
  1
(100/100)
 11
-814017.4377480779
 21
-71273.17005198635
 31
0.0
100
AcDbText
  0
TEXT
  5
E2B
330
17
100
AcDbEntity
  8
KM Kolon Markası
100
AcDbText
 10
-813325.4778901372
 20
-71238.17020457424
 30
0.0
 40
25.0
  1
SB260
 11
-813325.4778901372
 21
-71238.17020457424
 31
0.0
100
AcDbText
  0
TEXT
  5
E2C
330
17
100
AcDbEntity
  8
KM Kolon Markası
100
AcDbText
 10
-813325.4778901372
 20
-71273.17005198635
 30
0.0
 40
25.0
  1
(100/100)
 11
-813325.4778901372
 21
-71273.17005198635
 31
0.0
100
AcDbText
  0
TEXT
  5
E2D
330
17
100
AcDbEntity
  8
KM Kolon Markası
100
AcDbText
 10
-812725.4677335058
 20
-71238.17020457424
 30
0.0
 40
25.0
  1
SB261
 11
-812725.4677335058
 21
-71238.17020457424
 31
0.0
100
AcDbText
  0
TEXT
  5
E2E
330
17
100
AcDbEntity
  8
KM Kolon Markası
100
AcDbText
 10
-812725.4677335058
 20
-71273.17005198635
 30
0.0
 40
25.0
  1
(100/100)
 11
-812725.4677335058
 21
-71273.17005198635
 31
0.0
100
AcDbText
  0
TEXT
  5
E2F
330
17
100
AcDbEntity
  8
KM Kolon Markası
100
AcDbText
 10
-811885.4594746862
 20
-71238.17020457424
 30
0.0
 40
25.0
  1
SB262
 11
-811885.4594746862
 21
-71238.17020457424
 31
0.0
100
AcDbText
  0
TEXT
  5
E30
330
17
100
AcDbEntity
  8
KM Kolon Markası
100
AcDbText
 10
-811885.4594746862
 20
-71273.17005198635
 30
0.0
 40
25.0
  1
(100/100)
 11
-811885.4594746862
 21
-71273.17005198635
 31
0.0
100
AcDbText
  0
TEXT
  5
E31
330
17
100
AcDbEntity
  8
KM Kolon Markası
100
AcDbText
 10
-828125.6679216657
 20
-71463.17416232266
 30
0.0
 40
25.0
  1
SB263
 11
-828125.6679216657
 21
-71463.17416232266
 31
0.0
100
AcDbText
  0
TEXT
  5
E32
330
17
100
AcDbEntity
  8
KM Kolon Markası
100
AcDbText
 10
-828125.6679216657
 20
-71498.17400973476
 30
0.0
 40
25.0
  1
(100/100)
 11
-828125.6679216657
 21
-71498.17400973476
 31
0.0
100
AcDbText
  0
TEXT
  5
E33
330
17
100
AcDbEntity
  8
KM Kolon Markası
100
AcDbText
 10
-827432.8381339344
 20
-71463.17416232266
 30
0.0
 40
25.0
  1
SB264
 11
-827432.8381339344
 21
-71463.17416232266
 31
0.0
100
AcDbText
  0
TEXT
  5
E34
330
17
100
AcDbEntity
  8
KM Kolon Markası
100
AcDbText
 10
-827432.8381339344
 20
-71498.17400973476
 30
0.0
 40
25.0
  1
(100/100)
 11
-827432.8381339344
 21
-71498.17400973476
 31
0.0
100
AcDbText
  0
TEXT
  5
E35
330
17
100
AcDbEntity
  8
KM Kolon Markası
100
AcDbText
 10
-826000.6398478779
 20
-71463.17416232266
 30
0.0
 40
25.0
  1
SB265
 11
-826000.6398478779
 21
-71463.17416232266
 31
0.0
100
AcDbText
  0
TEXT
  5
E36
330
17
100
AcDbEntity
  8
KM Kolon Markası
100
AcDbText
 10
-826000.6398478779
 20
-71498.17400973476
 30
0.0
 40
25.0
  1
(100/100)
 11
-826000.6398478779
 21
-71498.17400973476
 31
0.0
100
AcDbText
  0
TEXT
  5
E37
330
17
100
AcDbEntity
  8
KM Kolon Markası
100
AcDbText
 10
-825142.3371224793
 20
-71463.17416232266
 30
0.0
 40
25.0
  1
SB266
 11
-825142.3371224793
 21
-71463.17416232266
 31
0.0
100
AcDbText
  0
TEXT
  5
E38
330
17
100
AcDbEntity
  8
KM Kolon Markası
100
AcDbText
 10
-825142.3371224793
 20
-71498.17400973476
 30
0.0
 40
25.0
  1
(100/100)
 11
-825142.3371224793
 21
-71498.17400973476
 31
0.0
100
AcDbText
  0
TEXT
  5
E39
330
17
100
AcDbEntity
  8
KM Kolon Markası
100
AcDbText
 10
-824401.736400276
 20
-71272.98624075821
 30
0.0
 40
25.0
  1
SB267
 11
-824401.736400276
 21
-71272.98624075821
 31
0.0
100
AcDbText
  0
TEXT
  5
E3A
330
17
100
AcDbEntity
  8
KM Kolon Markası
100
AcDbText
 10
-824401.736400276
 20
-71307.98608817032
 30
0.0
 40
25.0
  1
(85/85)
 11
-824401.736400276
 21
-71307.98608817032
 31
0.0
100
AcDbText
  0
TEXT
  5
E3B
330
17
100
AcDbEntity
  8
KM Kolon Markası
100
AcDbText
 10
-822647.5966492925
 20
-71463.17416232266
 30
0.0
 40
25.0
  1
SB270
 11
-822647.5966492925
 21
-71463.17416232266
 31
0.0
100
AcDbText
  0
TEXT
  5
E3C
330
17
100
AcDbEntity
  8
KM Kolon Markası
100
AcDbText
 10
-822647.5966492925
 20
-71498.17400973476
 30
0.0
 40
25.0
  1
(100/100)
 11
-822647.5966492925
 21
-71498.17400973476
 31
0.0
100
AcDbText
  0
TEXT
  5
E3D
330
17
100
AcDbEntity
  8
KM Kolon Markası
100
AcDbText
 10
-821870.5893079075
 20
-71463.17416232266
 30
0.0
 40
25.0
  1
SB271
 11
-821870.5893079075
 21
-71463.17416232266
 31
0.0
100
AcDbText
  0
TEXT
  5
E3E
330
17
100
AcDbEntity
  8
KM Kolon Markası
100
AcDbText
 10
-821870.5893079075
 20
-71498.17400973476
 30
0.0
 40
25.0
  1
(100/100)
 11
-821870.5893079075
 21
-71498.17400973476
 31
0.0
100
AcDbText
  0
TEXT
  5
E3F
330
17
100
AcDbEntity
  8
KM Kolon Markası
100
AcDbText
 10
-821020.5448190006
 20
-71376.22290652432
 30
0.0
 40
25.0
  1
SB272
 11
-821020.5448190006
 21
-71376.22290652432
 31
0.0
100
AcDbText
  0
TEXT
  5
E40
330
17
100
AcDbEntity
  8
KM Kolon Markası
100
AcDbText
 10
-821020.5448190006
 20
-71411.22275393642
 30
0.0
 40
25.0
  1
(100/80)
 11
-821020.5448190006
 21
-71411.22275393642
 31
0.0
100
AcDbText
  0
TEXT
  5
E41
330
17
100
AcDbEntity
  8
KM Kolon Markası
100
AcDbText
 10
-819875.5634347234
 20
-71387.17347186245
 30
0.0
 40
25.0
  1
SB273
 11
-819875.5634347234
 21
-71387.17347186245
 31
0.0
100
AcDbText
  0
TEXT
  5
E42
330
17
100
AcDbEntity
  8
KM Kolon Markası
100
AcDbText
 10
-819875.5634347234
 20
-71422.17331927456
 30
0.0
 40
25.0
  1
(85/80)
 11
-819875.5634347234
 21
-71422.17331927456
 31
0.0
100
AcDbText
  0
TEXT
  5
E43
330
17
100
AcDbEntity
  8
KM Kolon Markası
100
AcDbText
 10
-818995.5485383306
 20
-71463.17416232266
 30
0.0
 40
25.0
  1
SB275
 11
-818995.5485383306
 21
-71463.17416232266
 31
0.0
100
AcDbText
  0
TEXT
  5
E44
330
17
100
AcDbEntity
  8
KM Kolon Markası
100
AcDbText
 10
-818995.5485383306
 20
-71498.17400973476
 30
0.0
 40
25.0
  1
(100/100)
 11
-818995.5485383306
 21
-71498.17400973476
 31
0.0
100
AcDbText
  0
TEXT
  5
E45
330
17
100
AcDbEntity
  8
KM Kolon Markası
100
AcDbText
 10
-818162.5414410863
 20
-71463.17416232266
 30
0.0
 40
25.0
  1
SB276
 11
-818162.5414410863
 21
-71463.17416232266
 31
0.0
100
AcDbText
  0
TEXT
  5
E46
330
17
100
AcDbEntity
  8
KM Kolon Markası
100
AcDbText
 10
-818162.5414410863
 20
-71498.17400973476
 30
0.0
 40
25.0
  1
(100/100)
 11
-818162.5414410863
 21
-71498.17400973476
 31
0.0
100
AcDbText
  0
TEXT
  5
E47
330
17
100
AcDbEntity
  8
KM Kolon Markası
100
AcDbText
 10
-817402.5583783421
 20
-71443.17322772183
 30
0.0
 40
25.0
  1
SB277
 11
-817402.5583783421
 21
-71443.17322772183
 31
0.0
100
AcDbText
  0
TEXT
  5
E48
330
17
100
AcDbEntity
  8
KM Kolon Markası
100
AcDbText
 10
-817402.5583783421
 20
-71478.17307513393
 30
0.0
 40
25.0
  1
(80/80)
 11
-817402.5583783421
 21
-71478.17307513393
 31
0.0
100
AcDbText
  0
TEXT
  5
E49
330
17
100
AcDbEntity
  8
KM Kolon Markası
100
AcDbText
 10
-815533.5081139837
 20
-71463.17416232266
 30
0.0
 40
25.0
  1
SB280
 11
-815533.5081139837
 21
-71463.17416232266
 31
0.0
100
AcDbText
  0
TEXT
  5
E4A
330
17
100
AcDbEntity
  8
KM Kolon Markası
100
AcDbText
 10
-815533.5081139837
 20
-71498.17400973476
 30
0.0
 40
25.0
  1
(100/100)
 11
-815533.5081139837
 21
-71498.17400973476
 31
0.0
100
AcDbText
  0
TEXT
  5
E4B
330
17
100
AcDbEntity
  8
KM Kolon Markası
100
AcDbText
 10
-814695.4989949497
 20
-71483.17390483059
 30
0.0
 40
25.0
  1
SB281
 11
-814695.4989949497
 21
-71483.17390483059
 31
0.0
100
AcDbText
  0
TEXT
  5
E4C
330
17
100
AcDbEntity
  8
KM Kolon Markası
100
AcDbText
 10
-814695.4989949497
 20
-71518.1737522427
 30
0.0
 40
25.0
  1
(100/120)
 11
-814695.4989949497
 21
-71518.1737522427
 31
0.0
100
AcDbText
  0
TEXT
  5
E4D
330
17
100
AcDbEntity
  8
KM Kolon Markası
100
AcDbText
 10
-814017.4377480779
 20
-71463.17416232266
 30
0.0
 40
25.0
  1
SB282
 11
-814017.4377480779
 21
-71463.17416232266
 31
0.0
100
AcDbText
  0
TEXT
  5
E4E
330
17
100
AcDbEntity
  8
KM Kolon Markası
100
AcDbText
 10
-814017.4377480779
 20
-71498.17400973476
 30
0.0
 40
25.0
  1
(100/100)
 11
-814017.4377480779
 21
-71498.17400973476
 31
0.0
100
AcDbText
  0
TEXT
  5
E4F
330
17
100
AcDbEntity
  8
KM Kolon Markası
100
AcDbText
 10
-826850.6521502766
 20
-71598.17510646023
 30
0.0
 40
25.0
  1
SB283
 11
-826850.6521502766
 21
-71598.17510646023
 31
0.0
100
AcDbText
  0
TEXT
  5
E50
330
17
100
AcDbEntity
  8
KM Kolon Markası
100
AcDbText
 10
-826850.6521502766
 20
-71633.17495387234
 30
0.0
 40
25.0
  1
(100/100)
 11
-826850.6521502766
 21
-71633.17495387234
 31
0.0
100
AcDbText
  0
TEXT
  5
E51
330
17
100
AcDbEntity
  8
KM Kolon Markası
100
AcDbText
 10
-821020.5770055088
 20
-71598.17510646023
 30
0.0
 40
25.0
  1
SB285
 11
-821020.5770055088
 21
-71598.17510646023
 31
0.0
100
AcDbText
  0
TEXT
  5
E52
330
17
100
AcDbEntity
  8
KM Kolon Markası
100
AcDbText
 10
-821020.5770055088
 20
-71633.17495387234
 30
0.0
 40
25.0
  1
(100/100)
 11
-821020.5770055088
 21
-71633.17495387234
 31
0.0
100
AcDbText
  0
TEXT
  5
E53
330
17
100
AcDbEntity
  8
KM Kolon Markası
100
AcDbText
 10
-819840.5635873113
 20
-71662.0855907742
 30
0.0
 40
25.0
  1
SB292
 11
-819840.5635873113
 21
-71662.0855907742
 31
0.0
100
AcDbText
  0
TEXT
  5
E54
330
17
100
AcDbEntity
  8
KM Kolon Markası
100
AcDbText
 10
-819840.5635873113
 20
-71697.0854381863
 30
0.0
 40
25.0
  1
(85/40)
 11
-819840.5635873113
 21
-71697.0854381863
 31
0.0
100
AcDbText
  0
TEXT
  5
E55
330
17
100
AcDbEntity
  8
KM Kolon Markası
100
AcDbText
 10
-824354.0061049171
 20
-71938.1754974667
 30
0.0
 40
25.0
  1
SB297
 11
-824354.0061049171
 21
-71938.1754974667
 31
0.0
100
AcDbText
  0
TEXT
  5
E56
330
17
100
AcDbEntity
  8
KM Kolon Markası
100
AcDbText
 10
-824354.0061049171
 20
-71973.17534487881
 30
0.0
 40
25.0
  1
(40/100)
 11
-824354.0061049171
 21
-71973.17534487881
 31
0.0
100
AcDbText
  0
TEXT
  5
E57
330
17
100
AcDbEntity
  8
KM Kolon Markası
100
AcDbText
 10
-824080.6150952611
 20
-71938.07536166348
 30
0.0
 40
25.0
  1
SB298
 11
-824080.6150952611
 21
-71938.07536166348
 31
0.0
100
AcDbText
  0
TEXT
  5
E58
330
17
100
AcDbEntity
  8
KM Kolon Markası
100
AcDbText
 10
-824080.6150952611
 20
-71973.07520907559
 30
0.0
 40
25.0
  1
(40/100)
 11
-824080.6150952611
 21
-71973.07520907559
 31
0.0
100
AcDbText
  0
TEXT
  5
E59
330
17
100
AcDbEntity
  8
KM Kolon Markası
100
AcDbText
 10
-823550.8281631309
 20
-71938.07536166348
 30
0.0
 40
25.0
  1
SB299
 11
-823550.8281631309
 21
-71938.07536166348
 31
0.0
100
AcDbText
  0
TEXT
  5
E5A
330
17
100
AcDbEntity
  8
KM Kolon Markası
100
AcDbText
 10
-823550.8281631309
 20
-71973.07520907559
 30
0.0
 40
25.0
  1
(40/100)
 11
-823550.8281631309
 21
-71973.07520907559
 31
0.0
100
AcDbText
  0
TEXT
  5
E5B
330
17
100
AcDbEntity
  8
KM Kolon Markası
100
AcDbText
 10
-823281.6046992573
 20
-71938.07536166348
 30
0.0
 40
25.0
  1
SB300
 11
-823281.6046992573
 21
-71938.07536166348
 31
0.0
100
AcDbText
  0
TEXT
  5
E5C
330
17
100
AcDbEntity
  8
KM Kolon Markası
100
AcDbText
 10
-823281.6046992573
 20
-71973.07520907559
 30
0.0
 40
25.0
  1
(40/100)
 11
-823281.6046992573
 21
-71973.07520907559
 31
0.0
100
AcDbText
  0
TEXT
  5
E5D
330
17
100
AcDbEntity
  8
KM Kolon Markası
100
AcDbText
 10
-822971.6021338735
 20
-71938.07536166348
 30
0.0
 40
25.0
  1
SB301
 11
-822971.6021338735
 21
-71938.07536166348
 31
0.0
100
AcDbText
  0
TEXT
  5
E5E
330
17
100
AcDbEntity
  8
KM Kolon Markası
100
AcDbText
 10
-822971.6021338735
 20
-71973.07520907559
 30
0.0
 40
25.0
  1
(40/100)
 11
-822971.6021338735
 21
-71973.07520907559
 31
0.0
100
AcDbText
  0
TEXT
  5
E5F
330
17
100
AcDbEntity
  8
KM Kolon Markası
100
AcDbText
 10
-817422.5283185277
 20
-71938.1754974667
 30
0.0
 40
25.0
  1
SB302
 11
-817422.5283185277
 21
-71938.1754974667
 31
0.0
100
AcDbText
  0
TEXT
  5
E60
330
17
100
AcDbEntity
  8
KM Kolon Markası
100
AcDbText
 10
-817422.5283185277
 20
-71973.17534487881
 30
0.0
 40
25.0
  1
(40/100)
 11
-817422.5283185277
 21
-71973.17534487881
 31
0.0
100
AcDbText
  0
TEXT
  5
E61
330
17
100
AcDbEntity
  8
KM Kolon Markası
100
AcDbText
 10
-817157.528452042
 20
-71938.07536166348
 30
0.0
 40
25.0
  1
SB303
 11
-817157.528452042
 21
-71938.07536166348
 31
0.0
100
AcDbText
  0
TEXT
  5
E62
330
17
100
AcDbEntity
  8
KM Kolon Markası
100
AcDbText
 10
-817157.528452042
 20
-71973.07520907559
 30
0.0
 40
25.0
  1
(40/100)
 11
-817157.528452042
 21
-71973.07520907559
 31
0.0
100
AcDbText
  0
TEXT
  5
E63
330
17
100
AcDbEntity
  8
KM Kolon Markası
100
AcDbText
 10
-816633.517793778
 20
-71938.07536166348
 30
0.0
 40
25.0
  1
SB304
 11
-816633.517793778
 21
-71938.07536166348
 31
0.0
100
AcDbText
  0
TEXT
  5
E64
330
17
100
AcDbEntity
  8
KM Kolon Markası
100
AcDbText
 10
-816633.517793778
 20
-71973.07520907559
 30
0.0
 40
25.0
  1
(40/100)
 11
-816633.517793778
 21
-71973.07520907559
 31
0.0
100
AcDbText
  0
TEXT
  5
E65
330
17
100
AcDbEntity
  8
KM Kolon Markası
100
AcDbText
 10
-816348.5181847845
 20
-71938.07536166348
 30
0.0
 40
25.0
  1
SB305
 11
-816348.5181847845
 21
-71938.07536166348
 31
0.0
100
AcDbText
  0
TEXT
  5
E66
330
17
100
AcDbEntity
  8
KM Kolon Markası
100
AcDbText
 10
-816348.5181847845
 20
-71973.07520907559
 30
0.0
 40
25.0
  1
(40/100)
 11
-816348.5181847845
 21
-71973.07520907559
 31
0.0
100
AcDbText
  0
TEXT
  5
E67
330
17
100
AcDbEntity
  8
KM Kolon Markası
100
AcDbText
 10
-816058.5082093509
 20
-71938.1754974667
 30
0.0
 40
25.0
  1
SB306
 11
-816058.5082093509
 21
-71938.1754974667
 31
0.0
100
AcDbText
  0
TEXT
  5
E68
330
17
100
AcDbEntity
  8
KM Kolon Markası
100
AcDbText
 10
-816058.5082093509
 20
-71973.17534487881
 30
0.0
 40
25.0
  1
(40/100)
 11
-816058.5082093509
 21
-71973.17534487881
 31
0.0
100
AcDbText
  0
TEXT
  5
E69
330
17
100
AcDbEntity
  8
KM Kolon Markası
100
AcDbText
 10
-813325.4778901372
 20
-72108.18582575954
 30
0.0
 40
25.0
  1
SB307
 11
-813325.4778901372
 21
-72108.18582575954
 31
0.0
100
AcDbText
  0
TEXT
  5
E6A
330
17
100
AcDbEntity
  8
KM Kolon Markası
100
AcDbText
 10
-813325.4778901372
 20
-72143.18567317165
 30
0.0
 40
25.0
  1
(100/100)
 11
-813325.4778901372
 21
-72143.18567317165
 31
0.0
100
AcDbText
  0
TEXT
  5
E6B
330
17
100
AcDbEntity
  8
KM Kolon Markası
100
AcDbText
 10
-812725.4677335058
 20
-72108.18582575954
 30
0.0
 40
25.0
  1
SB308
 11
-812725.4677335058
 21
-72108.18582575954
 31
0.0
100
AcDbText
  0
TEXT
  5
E6C
330
17
100
AcDbEntity
  8
KM Kolon Markası
100
AcDbText
 10
-812725.4677335058
 20
-72143.18567317165
 30
0.0
 40
25.0
  1
(100/100)
 11
-812725.4677335058
 21
-72143.18567317165
 31
0.0
100
AcDbText
  0
TEXT
  5
E6D
330
17
100
AcDbEntity
  8
KM Kolon Markası
100
AcDbText
 10
-811885.4594746862
 20
-72108.18582575954
 30
0.0
 40
25.0
  1
SB309
 11
-811885.4594746862
 21
-72108.18582575954
 31
0.0
100
AcDbText
  0
TEXT
  5
E6E
330
17
100
AcDbEntity
  8
KM Kolon Markası
100
AcDbText
 10
-811885.4594746862
 20
-72143.18567317165
 30
0.0
 40
25.0
  1
(100/100)
 11
-811885.4594746862
 21
-72143.18567317165
 31
0.0
100
AcDbText
  0
TEXT
  5
E6F
330
17
100
AcDbEntity
  8
KM Kolon Markası
100
AcDbText
 10
-825155.6724643082
 20
-72238.18474810757
 30
0.0
 40
25.0
  1
SB310
 11
-825155.6724643082
 21
-72238.18474810757
 31
0.0
100
AcDbText
  0
TEXT
  5
E70
330
17
100
AcDbEntity
  8
KM Kolon Markası
100
AcDbText
 10
-825155.6724643082
 20
-72273.18578761257
 30
0.0
 40
25.0
  1
(100/120)
 11
-825155.6724643082
 21
-72273.18578761257
 31
0.0
100
AcDbText
  0
TEXT
  5
E71
330
17
100
AcDbEntity
  8
KM Kolon Markası
100
AcDbText
 10
-824310.6443220286
 20
-72238.18474810757
 30
0.0
 40
25.0
  1
SB311
 11
-824310.6443220286
 21
-72238.18474810757
 31
0.0
100
AcDbText
  0
TEXT
  5
E72
330
17
100
AcDbEntity
  8
KM Kolon Markası
100
AcDbText
 10
-824310.6443220286
 20
-72273.18578761257
 30
0.0
 40
25.0
  1
(100/120)
 11
-824310.6443220286
 21
-72273.18578761257
 31
0.0
100
AcDbText
  0
TEXT
  5
E73
330
17
100
AcDbEntity
  8
KM Kolon Markası
100
AcDbText
 10
-823513.8606871348
 20
-72238.18474810757
 30
0.0
 40
25.0
  1
SB312
 11
-823513.8606871348
 21
-72238.18474810757
 31
0.0
100
AcDbText
  0
TEXT
  5
E74
330
17
100
AcDbEntity
  8
KM Kolon Markası
100
AcDbText
 10
-823513.8606871348
 20
-72273.18578761257
 30
0.0
 40
25.0
  1
(100/120)
 11
-823513.8606871348
 21
-72273.18578761257
 31
0.0
100
AcDbText
  0
TEXT
  5
E75
330
17
100
AcDbEntity
  8
KM Kolon Markası
100
AcDbText
 10
-822652.6243024974
 20
-72238.18474810757
 30
0.0
 40
25.0
  1
SB313
 11
-822652.6243024974
 21
-72238.18474810757
 31
0.0
100
AcDbText
  0
TEXT
  5
E76
330
17
100
AcDbEntity
  8
KM Kolon Markası
100
AcDbText
 10
-822652.6243024974
 20
-72273.18578761257
 30
0.0
 40
25.0
  1
(100/120)
 11
-822652.6243024974
 21
-72273.18578761257
 31
0.0
100
AcDbText
  0
TEXT
  5
E77
330
17
100
AcDbEntity
  8
KM Kolon Markası
100
AcDbText
 10
-818980.5484334263
 20
-72238.18474810757
 30
0.0
 40
25.0
  1
SB314
 11
-818980.5484334263
 21
-72238.18474810757
 31
0.0
100
AcDbText
  0
TEXT
  5
E78
330
17
100
AcDbEntity
  8
KM Kolon Markası
100
AcDbText
 10
-818980.5484334263
 20
-72273.18578761257
 30
0.0
 40
25.0
  1
(100/120)
 11
-818980.5484334263
 21
-72273.18578761257
 31
0.0
100
AcDbText
  0
TEXT
  5
E79
330
17
100
AcDbEntity
  8
KM Kolon Markası
100
AcDbText
 10
-818157.5406113896
 20
-72238.18474810757
 30
0.0
 40
25.0
  1
SB315
 11
-818157.5406113896
 21
-72238.18474810757
 31
0.0
100
AcDbText
  0
TEXT
  5
E7A
330
17
100
AcDbEntity
  8
KM Kolon Markası
100
AcDbText
 10
-818157.5406113896
 20
-72273.18578761257
 30
0.0
 40
25.0
  1
(100/120)
 11
-818157.5406113896
 21
-72273.18578761257
 31
0.0
100
AcDbText
  0
TEXT
  5
E7B
330
17
100
AcDbEntity
  8
KM Kolon Markası
100
AcDbText
 10
-815478.5085240636
 20
-72238.18474810757
 30
0.0
 40
25.0
  1
SB316
 11
-815478.5085240636
 21
-72238.18474810757
 31
0.0
100
AcDbText
  0
TEXT
  5
E7C
330
17
100
AcDbEntity
  8
KM Kolon Markası
100
AcDbText
 10
-815478.5085240636
 20
-72273.18578761257
 30
0.0
 40
25.0
  1
(100/120)
 11
-815478.5085240636
 21
-72273.18578761257
 31
0.0
100
AcDbText
  0
TEXT
  5
E7D
330
17
100
AcDbEntity
  8
KM Kolon Markası
100
AcDbText
 10
-828085.6681386266
 20
-72238.18474810757
 30
0.0
 40
25.0
  1
SB317
 11
-828085.6681386266
 21
-72238.18474810757
 31
0.0
100
AcDbText
  0
TEXT
  5
E7E
330
17
100
AcDbEntity
  8
KM Kolon Markası
100
AcDbText
 10
-828085.6681386266
 20
-72273.18578761257
 30
0.0
 40
25.0
  1
(100/100)
 11
-828085.6681386266
 21
-72273.18578761257
 31
0.0
100
AcDbText
  0
TEXT
  5
E7F
330
17
100
AcDbEntity
  8
KM Kolon Markası
100
AcDbText
 10
-827490.660599831
 20
-72238.18474810757
 30
0.0
 40
25.0
  1
SB318
 11
-827490.660599831
 21
-72238.18474810757
 31
0.0
100
AcDbText
  0
TEXT
  5
E80
330
17
100
AcDbEntity
  8
KM Kolon Markası
100
AcDbText
 10
-827490.660599831
 20
-72273.18578761257
 30
0.0
 40
25.0
  1
(100/100)
 11
-827490.660599831
 21
-72273.18578761257
 31
0.0
100
AcDbText
  0
TEXT
  5
E81
330
17
100
AcDbEntity
  8
KM Kolon Markası
100
AcDbText
 10
-826840.6522790227
 20
-72238.18474810757
 30
0.0
 40
25.0
  1
SB319
 11
-826840.6522790227
 21
-72238.18474810757
 31
0.0
100
AcDbText
  0
TEXT
  5
E82
330
17
100
AcDbEntity
  8
KM Kolon Markası
100
AcDbText
 10
-826840.6522790227
 20
-72273.18578761257
 30
0.0
 40
25.0
  1
(100/100)
 11
-826840.6522790227
 21
-72273.18578761257
 31
0.0
100
AcDbText
  0
TEXT
  5
E83
330
17
100
AcDbEntity
  8
KM Kolon Markası
100
AcDbText
 10
-825990.639976624
 20
-72238.18474810757
 30
0.0
 40
25.0
  1
SB320
 11
-825990.639976624
 21
-72238.18474810757
 31
0.0
100
AcDbText
  0
TEXT
  5
E84
330
17
100
AcDbEntity
  8
KM Kolon Markası
100
AcDbText
 10
-825990.639976624
 20
-72273.18578761257
 30
0.0
 40
25.0
  1
(100/140)
 11
-825990.639976624
 21
-72273.18578761257
 31
0.0
100
AcDbText
  0
TEXT
  5
E85
330
17
100
AcDbEntity
  8
KM Kolon Markası
100
AcDbText
 10
-821845.5887357029
 20
-72303.18480532803
 30
0.0
 40
25.0
  1
SB321
 11
-821845.5887357029
 21
-72303.18480532803
 31
0.0
100
AcDbText
  0
TEXT
  5
E86
330
17
100
AcDbEntity
  8
KM Kolon Markası
100
AcDbText
 10
-821845.5887357029
 20
-72338.18584483303
 30
0.0
 40
25.0
  1
(100/185)
 11
-821845.5887357029
 21
-72338.18584483303
 31
0.0
100
AcDbText
  0
TEXT
  5
E87
330
17
100
AcDbEntity
  8
KM Kolon Markası
100
AcDbText
 10
-820985.5771580967
 20
-72303.18480532803
 30
0.0
 40
25.0
  1
SB322
 11
-820985.5771580967
 21
-72303.18480532803
 31
0.0
100
AcDbText
  0
TEXT
  5
E88
330
17
100
AcDbEntity
  8
KM Kolon Markası
100
AcDbText
 10
-820985.5771580967
 20
-72338.18584483303
 30
0.0
 40
25.0
  1
(100/185)
 11
-820985.5771580967
 21
-72338.18584483303
 31
0.0
100
AcDbText
  0
TEXT
  5
E89
330
17
100
AcDbEntity
  8
KM Kolon Markası
100
AcDbText
 10
-819835.5627576147
 20
-72238.18474810757
 30
0.0
 40
25.0
  1
SB323
 11
-819835.5627576147
 21
-72238.18474810757
 31
0.0
100
AcDbText
  0
TEXT
  5
E8A
330
17
100
AcDbEntity
  8
KM Kolon Markası
100
AcDbText
 10
-819835.5627576147
 20
-72273.18578761257
 30
0.0
 40
25.0
  1
(100/140)
 11
-819835.5627576147
 21
-72273.18578761257
 31
0.0
100
AcDbText
  0
TEXT
  5
E8B
330
17
100
AcDbEntity
  8
KM Kolon Markası
100
AcDbText
 10
-817362.527898911
 20
-72238.18474810757
 30
0.0
 40
25.0
  1
SB324
 11
-817362.527898911
 21
-72238.18474810757
 31
0.0
100
AcDbText
  0
TEXT
  5
E8C
330
17
100
AcDbEntity
  8
KM Kolon Markası
100
AcDbText
 10
-817362.527898911
 20
-72273.18578761257
 30
0.0
 40
25.0
  1
(100/140)
 11
-817362.527898911
 21
-72273.18578761257
 31
0.0
100
AcDbText
  0
TEXT
  5
E8D
330
17
100
AcDbEntity
  8
KM Kolon Markası
100
AcDbText
 10
-816348.5181847845
 20
-72238.18474810757
 30
0.0
 40
25.0
  1
SB325
 11
-816348.5181847845
 21
-72238.18474810757
 31
0.0
100
AcDbText
  0
TEXT
  5
E8E
330
17
100
AcDbEntity
  8
KM Kolon Markası
100
AcDbText
 10
-816348.5181847845
 20
-72273.18578761257
 30
0.0
 40
25.0
  1
(100/140)
 11
-816348.5181847845
 21
-72273.18578761257
 31
0.0
100
AcDbText
  0
TEXT
  5
E8F
330
17
100
AcDbEntity
  8
KM Kolon Markası
100
AcDbText
 10
-814690.498165253
 20
-72238.18474810757
 30
0.0
 40
25.0
  1
SB326
 11
-814690.498165253
 21
-72238.18474810757
 31
0.0
100
AcDbText
  0
TEXT
  5
E90
330
17
100
AcDbEntity
  8
KM Kolon Markası
100
AcDbText
 10
-814690.498165253
 20
-72273.18578761257
 30
0.0
 40
25.0
  1
(100/120)
 11
-814690.498165253
 21
-72273.18578761257
 31
0.0
100
AcDbText
  0
TEXT
  5
E91
330
17
100
AcDbEntity
  8
KM Kolon Markası
100
AcDbText
 10
-814017.4878159795
 20
-72238.18474810757
 30
0.0
 40
25.0
  1
SB327
 11
-814017.4878159795
 21
-72238.18474810757
 31
0.0
100
AcDbText
  0
TEXT
  5
E92
330
17
100
AcDbEntity
  8
KM Kolon Markası
100
AcDbText
 10
-814017.4878159795
 20
-72273.18578761257
 30
0.0
 40
25.0
  1
(100/120)
 11
-814017.4878159795
 21
-72273.18578761257
 31
0.0
100
AcDbText
  0
TEXT
  5
E93
330
17
100
AcDbEntity
  8
KM Kolon Markası
100
AcDbText
 10
-817357.5282613072
 20
-72548.18492930569
 30
0.0
 40
25.0
  1
SB328
 11
-817357.5282613072
 21
-72548.18492930569
 31
0.0
100
AcDbText
  0
TEXT
  5
E94
330
17
100
AcDbEntity
  8
KM Kolon Markası
100
AcDbText
 10
-817357.5282613072
 20
-72583.1847767178
 30
0.0
 40
25.0
  1
(100/80)
 11
-817357.5282613072
 21
-72583.1847767178
 31
0.0
100
AcDbText
  0
TEXT
  5
E95
330
17
100
AcDbEntity
  8
KM Kolon Markası
100
AcDbText
 10
-816313.5183373723
 20
-72548.18492930569
 30
0.0
 40
25.0
  1
SB329
 11
-816313.5183373723
 21
-72548.18492930569
 31
0.0
100
AcDbText
  0
TEXT
  5
E96
330
17
100
AcDbEntity
  8
KM Kolon Markası
100
AcDbText
 10
-816313.5183373723
 20
-72583.1847767178
 30
0.0
 40
25.0
  1
(100/80)
 11
-816313.5183373723
 21
-72583.1847767178
 31
0.0
100
AcDbText
  0
TEXT
  5
E97
330
17
100
AcDbEntity
  8
KM Kolon Markası
100
AcDbText
 10
-814017.4377480779
 20
-72988.19476168789
 30
0.0
 40
25.0
  1
SB330
 11
-814017.4377480779
 21
-72988.19476168789
 31
0.0
100
AcDbText
  0
TEXT
  5
E98
330
17
100
AcDbEntity
  8
KM Kolon Markası
100
AcDbText
 10
-814017.4377480779
 20
-73023.1946091
 30
0.0
 40
25.0
  1
(100/100)
 11
-814017.4377480779
 21
-73023.1946091
 31
0.0
100
AcDbText
  0
TEXT
  5
E99
330
17
100
AcDbEntity
  8
KM Kolon Markası
100
AcDbText
 10
-813325.4778901372
 20
-72988.19476168789
 30
0.0
 40
25.0
  1
SB331
 11
-813325.4778901372
 21
-72988.19476168789
 31
0.0
100
AcDbText
  0
TEXT
  5
E9A
330
17
100
AcDbEntity
  8
KM Kolon Markası
100
AcDbText
 10
-813325.4778901372
 20
-73023.1946091
 30
0.0
 40
25.0
  1
(100/100)
 11
-813325.4778901372
 21
-73023.1946091
 31
0.0
100
AcDbText
  0
TEXT
  5
E9B
330
17
100
AcDbEntity
  8
KM Kolon Markası
100
AcDbText
 10
-812725.4677335058
 20
-72988.19476168789
 30
0.0
 40
25.0
  1
SB332
 11
-812725.4677335058
 21
-72988.19476168789
 31
0.0
100
AcDbText
  0
TEXT
  5
E9C
330
17
100
AcDbEntity
  8
KM Kolon Markası
100
AcDbText
 10
-812725.4677335058
 20
-73023.1946091
 30
0.0
 40
25.0
  1
(100/100)
 11
-812725.4677335058
 21
-73023.1946091
 31
0.0
100
AcDbText
  0
TEXT
  5
E9D
330
17
100
AcDbEntity
  8
KM Kolon Markası
100
AcDbText
 10
-811885.4594746862
 20
-72988.19476168789
 30
0.0
 40
25.0
  1
SB333
 11
-811885.4594746862
 21
-72988.19476168789
 31
0.0
100
AcDbText
  0
TEXT
  5
E9E
330
17
100
AcDbEntity
  8
KM Kolon Markası
100
AcDbText
 10
-811885.4594746862
 20
-73023.1946091
 30
0.0
 40
25.0
  1
(100/100)
 11
-811885.4594746862
 21
-73023.1946091
 31
0.0
100
AcDbText
  0
TEXT
  5
E9F
330
17
100
AcDbEntity
  8
KM Kolon Markası
100
AcDbText
 10
-828145.6679621967
 20
-73514.34522669949
 30
0.0
 40
25.0
  1
SB334
 11
-828145.6679621967
 21
-73514.34522669949
 31
0.0
100
AcDbText
  0
TEXT
  5
EA0
330
17
100
AcDbEntity
  8
KM Kolon Markası
100
AcDbText
 10
-828145.6679621967
 20
-73549.3450741116
 30
0.0
 40
25.0
  1
(100/80)
 11
-828145.6679621967
 21
-73549.3450741116
 31
0.0
100
AcDbText
  0
TEXT
  5
EA1
330
17
100
AcDbEntity
  8
KM Kolon Markası
100
AcDbText
 10
-827520.6608096395
 20
-73516.50887530483
 30
0.0
 40
25.0
  1
SB335
 11
-827520.6608096395
 21
-73516.50887530483
 31
0.0
100
AcDbText
  0
TEXT
  5
EA2
330
17
100
AcDbEntity
  8
KM Kolon Markası
100
AcDbText
 10
-827520.6608096395
 20
-73551.50991480984
 30
0.0
 40
25.0
  1
(100/80)
 11
-827520.6608096395
 21
-73551.50991480984
 31
0.0
100
AcDbText
  0
TEXT
  5
EA3
330
17
100
AcDbEntity
  8
KM Kolon Markası
100
AcDbText
 10
-826870.652488831
 20
-73518.44960253872
 30
0.0
 40
25.0
  1
SB336
 11
-826870.652488831
 21
-73518.44960253872
 31
0.0
100
AcDbText
  0
TEXT
  5
EA4
330
17
100
AcDbEntity
  8
KM Kolon Markası
100
AcDbText
 10
-826870.652488831
 20
-73553.44944995083
 30
0.0
 40
25.0
  1
(100/80)
 11
-826870.652488831
 21
-73553.44944995083
 31
0.0
100
AcDbText
  0
TEXT
  5
EA5
330
17
100
AcDbEntity
  8
KM Kolon Markası
100
AcDbText
 10
-826445.6475297246
 20
-73519.71798937954
 30
0.0
 40
25.0
  1
SB337
 11
-826445.6475297246
 21
-73519.71798937954
 31
0.0
100
AcDbText
  0
TEXT
  5
EA6
330
17
100
AcDbEntity
  8
KM Kolon Markası
100
AcDbText
 10
-826445.6475297246
 20
-73554.71783679165
 30
0.0
 40
25.0
  1
(100/80)
 11
-826445.6475297246
 21
-73554.71783679165
 31
0.0
100
AcDbText
  0
TEXT
  5
EA7
330
17
100
AcDbEntity
  8
KM Kolon Markası
100
AcDbText
 10
-826000.6398478779
 20
-73521.04598086514
 30
0.0
 40
25.0
  1
SB338
 11
-826000.6398478779
 21
-73521.04598086514
 31
0.0
100
AcDbText
  0
TEXT
  5
EA8
330
17
100
AcDbEntity
  8
KM Kolon Markası
100
AcDbText
 10
-826000.6398478779
 20
-73556.04702037014
 30
0.0
 40
25.0
  1
(100/80)
 11
-826000.6398478779
 21
-73556.04702037014
 31
0.0
100
AcDbText
  0
TEXT
  5
EA9
330
17
100
AcDbEntity
  8
KM Kolon Markası
100
AcDbText
 10
-825573.1344739231
 20
-73522.32271235622
 30
0.0
 40
25.0
  1
SB339
 11
-825573.1344739231
 21
-73522.32271235622
 31
0.0
100
AcDbText
  0
TEXT
  5
EAA
330
17
100
AcDbEntity
  8
KM Kolon Markası
100
AcDbText
 10
-825573.1344739231
 20
-73557.32255976833
 30
0.0
 40
25.0
  1
(100/80)
 11
-825573.1344739231
 21
-73557.32255976833
 31
0.0
100
AcDbText
  0
TEXT
  5
EAB
330
17
100
AcDbEntity
  8
KM Kolon Markası
100
AcDbText
 10
-825125.6317416462
 20
-73523.6578563992
 30
0.0
 40
25.0
  1
SB340
 11
-825125.6317416462
 21
-73523.6578563992
 31
0.0
100
AcDbText
  0
TEXT
  5
EAC
330
17
100
AcDbEntity
  8
KM Kolon Markası
100
AcDbText
 10
-825125.6317416462
 20
-73558.6577038113
 30
0.0
 40
25.0
  1
(100/80)
 11
-825125.6317416462
 21
-73558.6577038113
 31
0.0
100
AcDbText
  0
TEXT
  5
EAD
330
17
100
AcDbEntity
  8
KM Kolon Markası
100
AcDbText
 10
-824720.6253329549
 20
-73524.86663859524
 30
0.0
 40
25.0
  1
SB341
 11
-824720.6253329549
 21
-73524.86663859524
 31
0.0
100
AcDbText
  0
TEXT
  5
EAE
330
17
100
AcDbEntity
  8
KM Kolon Markası
100
AcDbText
 10
-824720.6253329549
 20
-73559.86648600735
 30
0.0
 40
25.0
  1
(100/80)
 11
-824720.6253329549
 21
-73559.86648600735
 31
0.0
100
AcDbText
  0
TEXT
  5
EAF
330
17
100
AcDbEntity
  8
KM Kolon Markası
100
AcDbText
 10
-824319.617203835
 20
-73526.06349986233
 30
0.0
 40
25.0
  1
SB342
 11
-824319.617203835
 21
-73526.06349986233
 31
0.0
100
AcDbText
  0
TEXT
  5
EB0
330
17
100
AcDbEntity
  8
KM Kolon Markası
100
AcDbText
 10
-824319.617203835
 20
-73561.06334727444
 30
0.0
 40
25.0
  1
(100/80)
 11
-824319.617203835
 21
-73561.06334727444
 31
0.0
100
AcDbText
  0
TEXT
  5
EB1
330
17
100
AcDbEntity
  8
KM Kolon Markası
100
AcDbText
 10
-823907.1131268772
 20
-73527.29612391628
 30
0.0
 40
25.0
  1
SB343
 11
-823907.1131268772
 21
-73527.29612391628
 31
0.0
100
AcDbText
  0
TEXT
  5
EB2
330
17
100
AcDbEntity
  8
KM Kolon Markası
100
AcDbText
 10
-823907.1131268772
 20
-73562.29597132839
 30
0.0
 40
25.0
  1
(100/80)
 11
-823907.1131268772
 21
-73562.29597132839
 31
0.0
100
AcDbText
  0
TEXT
  5
EB3
330
17
100
AcDbEntity
  8
KM Kolon Markası
100
AcDbText
 10
-823516.6091243062
 20
-73528.4607986752
 30
0.0
 40
25.0
  1
SB344
 11
-823516.6091243062
 21
-73528.4607986752
 31
0.0
100
AcDbText
  0
TEXT
  5
EB4
330
17
100
AcDbEntity
  8
KM Kolon Markası
100
AcDbText
 10
-823516.6091243062
 20
-73563.4606460873
 30
0.0
 40
25.0
  1
(100/80)
 11
-823516.6091243062
 21
-73563.4606460873
 31
0.0
100
AcDbText
  0
TEXT
  5
EB5
330
17
100
AcDbEntity
  8
KM Kolon Markası
100
AcDbText
 10
-823097.1044818196
 20
-73529.71249621548
 30
0.0
 40
25.0
  1
SB345
 11
-823097.1044818196
 21
-73529.71249621548
 31
0.0
100
AcDbText
  0
TEXT
  5
EB6
330
17
100
AcDbEntity
  8
KM Kolon Markası
100
AcDbText
 10
-823097.1044818196
 20
-73564.71234362759
 30
0.0
 40
25.0
  1
(100/80)
 11
-823097.1044818196
 21
-73564.71234362759
 31
0.0
100
AcDbText
  0
TEXT
  5
EB7
330
17
100
AcDbEntity
  8
KM Kolon Markası
100
AcDbText
 10
-822647.5978413853
 20
-73531.05479281582
 30
0.0
 40
25.0
  1
SB346
 11
-822647.5978413853
 21
-73531.05479281582
 31
0.0
100
AcDbText
  0
TEXT
  5
EB8
330
17
100
AcDbEntity
  8
KM Kolon Markası
100
AcDbText
 10
-822647.5978413853
 20
-73566.05464022793
 30
0.0
 40
25.0
  1
(100/80)
 11
-822647.5978413853
 21
-73566.05464022793
 31
0.0
100
AcDbText
  0
TEXT
  5
EB9
330
17
100
AcDbEntity
  8
KM Kolon Markası
100
AcDbText
 10
-822275.5933324132
 20
-73532.16582339443
 30
0.0
 40
25.0
  1
SB347
 11
-822275.5933324132
 21
-73532.16582339443
 31
0.0
100
AcDbText
  0
TEXT
  5
EBA
330
17
100
AcDbEntity
  8
KM Kolon Markası
100
AcDbText
 10
-822275.5933324132
 20
-73567.16567080654
 30
0.0
 40
25.0
  1
(100/80)
 11
-822275.5933324132
 21
-73567.16567080654
 31
0.0
100
AcDbText
  0
TEXT
  5
EBB
330
17
100
AcDbEntity
  8
KM Kolon Markası
100
AcDbText
 10
-821890.5890504156
 20
-73533.3150009457
 30
0.0
 40
25.0
  1
SB348
 11
-821890.5890504156
 21
-73533.3150009457
 31
0.0
100
AcDbText
  0
TEXT
  5
EBC
330
17
100
AcDbEntity
  8
KM Kolon Markası
100
AcDbText
 10
-821890.5890504156
 20
-73568.31484835781
 30
0.0
 40
25.0
  1
(100/80)
 11
-821890.5890504156
 21
-73568.31484835781
 31
0.0
100
AcDbText
  0
TEXT
  5
EBD
330
17
100
AcDbEntity
  8
KM Kolon Markası
100
AcDbText
 10
-821445.5819646152
 20
-73534.6429924313
 30
0.0
 40
25.0
  1
SB349
 11
-821445.5819646152
 21
-73534.6429924313
 31
0.0
100
AcDbText
  0
TEXT
  5
EBE
330
17
100
AcDbEntity
  8
KM Kolon Markası
100
AcDbText
 10
-821445.5819646152
 20
-73569.6428398434
 30
0.0
 40
25.0
  1
(100/80)
 11
-821445.5819646152
 21
-73569.6428398434
 31
0.0
100
AcDbText
  0
TEXT
  5
EBF
330
17
100
AcDbEntity
  8
KM Kolon Markası
100
AcDbText
 10
-821020.5781976018
 20
-73535.91137927212
 30
0.0
 40
25.0
  1
SB350
 11
-821020.5781976018
 21
-73535.91137927212
 31
0.0
100
AcDbText
  0
TEXT
  5
EC0
330
17
100
AcDbEntity
  8
KM Kolon Markası
100
AcDbText
 10
-821020.5781976018
 20
-73570.91122668423
 30
0.0
 40
25.0
  1
(100/80)
 11
-821020.5781976018
 21
-73570.91122668423
 31
0.0
100
AcDbText
  0
TEXT
  5
EC1
330
17
100
AcDbEntity
  8
KM Kolon Markası
100
AcDbText
 10
-820440.5689755711
 20
-73537.6422981564
 30
0.0
 40
25.0
  1
SB351
 11
-820440.5689755711
 21
-73537.6422981564
 31
0.0
100
AcDbText
  0
TEXT
  5
EC2
330
17
100
AcDbEntity
  8
KM Kolon Markası
100
AcDbText
 10
-820440.5689755711
 20
-73572.6421455685
 30
0.0
 40
25.0
  1
(100/80)
 11
-820440.5689755711
 21
-73572.6421455685
 31
0.0
100
AcDbText
  0
TEXT
  5
EC3
330
17
100
AcDbEntity
  8
KM Kolon Markası
100
AcDbText
 10
-819860.5633298191
 20
-73539.37440913357
 30
0.0
 40
25.0
  1
SB352
 11
-819860.5633298191
 21
-73539.37440913357
 31
0.0
100
AcDbText
  0
TEXT
  5
EC4
330
17
100
AcDbEntity
  8
KM Kolon Markası
100
AcDbText
 10
-819860.5633298191
 20
-73574.37425654568
 30
0.0
 40
25.0
  1
(100/80)
 11
-819860.5633298191
 21
-73574.37425654568
 31
0.0
100
AcDbText
  0
TEXT
  5
EC5
330
17
100
AcDbEntity
  8
KM Kolon Markası
100
AcDbText
 10
-819428.0541459355
 20
-73540.66425364651
 30
0.0
 40
25.0
  1
SB353
 11
-819428.0541459355
 21
-73540.66425364651
 31
0.0
100
AcDbText
  0
TEXT
  5
EC6
330
17
100
AcDbEntity
  8
KM Kolon Markası
100
AcDbText
 10
-819428.0541459355
 20
-73575.66410105862
 30
0.0
 40
25.0
  1
(100/80)
 11
-819428.0541459355
 21
-73575.66410105862
 31
0.0
100
AcDbText
  0
TEXT
  5
EC7
330
17
100
AcDbEntity
  8
KM Kolon Markası
100
AcDbText
 10
-818995.5485383306
 20
-73541.95529025234
 30
0.0
 40
25.0
  1
SB354
 11
-818995.5485383306
 21
-73541.95529025234
 31
0.0
100
AcDbText
  0
TEXT
  5
EC8
330
17
100
AcDbEntity
  8
KM Kolon Markası
100
AcDbText
 10
-818995.5485383306
 20
-73576.95513766445
 30
0.0
 40
25.0
  1
(100/80)
 11
-818995.5485383306
 21
-73576.95513766445
 31
0.0
100
AcDbText
  0
TEXT
  5
EC9
330
17
100
AcDbEntity
  8
KM Kolon Markası
100
AcDbText
 10
-818588.0435029302
 20
-73543.17122500576
 30
0.0
 40
25.0
  1
SB355
 11
-818588.0435029302
 21
-73543.17122500576
 31
0.0
100
AcDbText
  0
TEXT
  5
ECA
330
17
100
AcDbEntity
  8
KM Kolon Markası
100
AcDbText
 10
-818588.0435029302
 20
-73578.17226451077
 30
0.0
 40
25.0
  1
(100/80)
 11
-818588.0435029302
 21
-73578.17226451077
 31
0.0
100
AcDbText
  0
TEXT
  5
ECB
330
17
100
AcDbEntity
  8
KM Kolon Markası
100
AcDbText
 10
-818205.5414239201
 20
-73544.31444209255
 30
0.0
 40
25.0
  1
SB356
 11
-818205.5414239201
 21
-73544.31444209255
 31
0.0
100
AcDbText
  0
TEXT
  5
ECC
330
17
100
AcDbEntity
  8
KM Kolon Markası
100
AcDbText
 10
-818205.5414239201
 20
-73579.31428950466
 30
0.0
 40
25.0
  1
(100/80)
 11
-818205.5414239201
 21
-73579.31428950466
 31
0.0
100
AcDbText
  0
TEXT
  5
ECD
330
17
100
AcDbEntity
  8
KM Kolon Markası
100
AcDbText
 10
-817775.5284825597
 20
-73545.59713404812
 30
0.0
 40
25.0
  1
SB357
 11
-817775.5284825597
 21
-73545.59713404812
 31
0.0
100
AcDbText
  0
TEXT
  5
ECE
330
17
100
AcDbEntity
  8
KM Kolon Markası
100
AcDbText
 10
-817775.5284825597
 20
-73580.59698146023
 30
0.0
 40
25.0
  1
(100/80)
 11
-817775.5284825597
 21
-73580.59698146023
 31
0.0
100
AcDbText
  0
TEXT
  5
ECF
330
17
100
AcDbEntity
  8
KM Kolon Markası
100
AcDbText
 10
-817392.5281087193
 20
-73546.74035113491
 30
0.0
 40
25.0
  1
SB358
 11
-817392.5281087193
 21
-73546.74035113491
 31
0.0
100
AcDbText
  0
TEXT
  5
ED0
330
17
100
AcDbEntity
  8
KM Kolon Markası
100
AcDbText
 10
-817392.5281087193
 20
-73581.74019854702
 30
0.0
 40
25.0
  1
(100/80)
 11
-817392.5281087193
 21
-73581.74019854702
 31
0.0
100
AcDbText
  0
TEXT
  5
ED1
330
17
100
AcDbEntity
  8
KM Kolon Markası
100
AcDbText
 10
-816863.5178128514
 20
-73548.31987422146
 30
0.0
 40
25.0
  1
SB359
 11
-816863.5178128514
 21
-73548.31987422146
 31
0.0
100
AcDbText
  0
TEXT
  5
ED2
330
17
100
AcDbEntity
  8
KM Kolon Markası
100
AcDbText
 10
-816863.5178128514
 20
-73583.31972163357
 30
0.0
 40
25.0
  1
(100/80)
 11
-816863.5178128514
 21
-73583.31972163357
 31
0.0
100
AcDbText
  0
TEXT
  5
ED3
330
17
100
AcDbEntity
  8
KM Kolon Markası
100
AcDbText
 10
-816348.5181847845
 20
-73549.85648196377
 30
0.0
 40
25.0
  1
SB360
 11
-816348.5181847845
 21
-73549.85648196377
 31
0.0
100
AcDbText
  0
TEXT
  5
ED4
330
17
100
AcDbEntity
  8
KM Kolon Markası
100
AcDbText
 10
-816348.5181847845
 20
-73584.85632937588
 30
0.0
 40
25.0
  1
(100/80)
 11
-816348.5181847845
 21
-73584.85632937588
 31
0.0
100
AcDbText
  0
TEXT
  5
ED5
330
17
100
AcDbEntity
  8
KM Kolon Markası
100
AcDbText
 10
-815944.0410653386
 20
-73559.45044558682
 30
0.0
 40
25.0
  1
SB361
 11
-815944.0410653386
 21
-73559.45044558682
 31
0.0
100
AcDbText
  0
TEXT
  5
ED6
330
17
100
AcDbEntity
  8
KM Kolon Markası
100
AcDbText
 10
-815944.0410653386
 20
-73594.45029299892
 30
0.0
 40
25.0
  1
(100/80)
 11
-815944.0410653386
 21
-73594.45029299892
 31
0.0
100
AcDbText
  0
TEXT
  5
ED7
330
17
100
AcDbEntity
  8
KM Kolon Markası
100
AcDbText
 10
-815543.6194459233
 20
-73578.30577891506
 30
0.0
 40
25.0
  1
SB362
 11
-815543.6194459233
 21
-73578.30577891506
 31
0.0
100
AcDbText
  0
TEXT
  5
ED8
330
17
100
AcDbEntity
  8
KM Kolon Markası
100
AcDbText
 10
-815543.6194459233
 20
-73613.30562632717
 30
0.0
 40
25.0
  1
(100/80)
 11
-815543.6194459233
 21
-73613.30562632717
 31
0.0
100
AcDbText
  0
TEXT
  5
ED9
330
17
100
AcDbEntity
  8
KM Kolon Markası
100
AcDbText
 10
-815127.1725217137
 20
-73609.56364672817
 30
0.0
 40
25.0
  1
SB363
 11
-815127.1725217137
 21
-73609.56364672817
 31
0.0
100
AcDbText
  0
TEXT
  5
EDA
330
17
100
AcDbEntity
  8
KM Kolon Markası
100
AcDbText
 10
-815127.1725217137
 20
-73644.56349414028
 30
0.0
 40
25.0
  1
(100/80)
 11
-815127.1725217137
 21
-73644.56349414028
 31
0.0
100
AcDbText
  0
TEXT
  5
EDB
330
17
100
AcDbEntity
  8
KM Kolon Markası
100
AcDbText
 10
-814741.963199738
 20
-73646.85112040676
 30
0.0
 40
25.0
  1
SB364
 11
-814741.963199738
 21
-73646.85112040676
 31
0.0
100
AcDbText
  0
TEXT
  5
EDC
330
17
100
AcDbEntity
  8
KM Kolon Markası
100
AcDbText
 10
-814741.963199738
 20
-73681.85096781887
 30
0.0
 40
25.0
  1
(100/80)
 11
-814741.963199738
 21
-73681.85096781887
 31
0.0
100
AcDbText
  0
TEXT
  5
EDD
330
17
100
AcDbEntity
  8
KM Kolon Markası
100
AcDbText
 10
-814038.5652104649
 20
-73738.8437370602
 30
0.0
 40
25.0
  1
SB365
 11
-814038.5652104649
 21
-73738.8437370602
 31
0.0
100
AcDbText
  0
TEXT
  5
EDE
330
17
100
AcDbEntity
  8
KM Kolon Markası
100
AcDbText
 10
-814038.5652104649
 20
-73773.84358447231
 30
0.0
 40
25.0
  1
(100/80)
 11
-814038.5652104649
 21
-73773.84358447231
 31
0.0
100
AcDbText
  0
TEXT
  5
EDF
330
17
100
AcDbEntity
  8
KM Kolon Markası
100
AcDbText
 10
-813325.4778901372
 20
-73698.15522235073
 30
0.0
 40
25.0
  1
SB366
 11
-813325.4778901372
 21
-73698.15522235073
 31
0.0
100
AcDbText
  0
TEXT
  5
EE0
330
17
100
AcDbEntity
  8
KM Kolon Markası
100
AcDbText
 10
-813325.4778901372
 20
-73733.15506976284
 30
0.0
 40
25.0
  1
(100/100)
 11
-813325.4778901372
 21
-73733.15506976284
 31
0.0
100
AcDbText
  0
TEXT
  5
EE1
330
17
100
AcDbEntity
  8
KM Kolon Markası
100
AcDbText
 10
-812725.4677335058
 20
-73698.15522235073
 30
0.0
 40
25.0
  1
SB367
 11
-812725.4677335058
 21
-73698.15522235073
 31
0.0
100
AcDbText
  0
TEXT
  5
EE2
330
17
100
AcDbEntity
  8
KM Kolon Markası
100
AcDbText
 10
-812725.4677335058
 20
-73733.15506976284
 30
0.0
 40
25.0
  1
(100/100)
 11
-812725.4677335058
 21
-73733.15506976284
 31
0.0
100
AcDbText
  0
TEXT
  5
EE3
330
17
100
AcDbEntity
  8
KM Kolon Markası
100
AcDbText
 10
-811885.4594746862
 20
-73698.15522235073
 30
0.0
 40
25.0
  1
SB368
 11
-811885.4594746862
 21
-73698.15522235073
 31
0.0
100
AcDbText
  0
TEXT
  5
EE4
330
17
100
AcDbEntity
  8
KM Kolon Markası
100
AcDbText
 10
-811885.4594746862
 20
-73733.15506976284
 30
0.0
 40
25.0
  1
(100/100)
 11
-811885.4594746862
 21
-73733.15506976284
 31
0.0
100
AcDbText
  0
TEXT
  5
EE5
330
17
100
AcDbEntity
  8
KM Kolon Markası
100
AcDbText
 10
-813339.0594044958
 20
-73855.04537623562
 30
0.0
 40
25.0
  1
SB369
 11
-813339.0594044958
 21
-73855.04537623562
 31
0.0
100
AcDbText
  0
TEXT
  5
EE6
330
17
100
AcDbEntity
  8
KM Kolon Markası
100
AcDbText
 10
-813339.0594044958
 20
-73890.04522364773
 30
0.0
 40
25.0
  1
(100/30)
 11
-813339.0594044958
 21
-73890.04522364773
 31
0.0
100
AcDbText
  0
TEXT
  5
EE7
330
17
100
AcDbEntity
  8
KM Kolon Markası
100
AcDbText
 10
-812736.427835587
 20
-73976.13578837551
 30
0.0
 40
25.0
  1
SB370
 11
-812736.427835587
 21
-73976.13578837551
 31
0.0
100
AcDbText
  0
TEXT
  5
EE8
330
17
100
AcDbEntity
  8
KM Kolon Markası
100
AcDbText
 10
-812736.427835587
 20
-74011.13563578762
 30
0.0
 40
25.0
  1
(100/30)
 11
-812736.427835587
 21
-74011.13563578762
 31
0.0
100
AcDbText
  0
TEXT
  5
EE9
330
17
100
AcDbEntity
  8
KM Kolon Markası
100
AcDbText
 10
-812321.0931340489
 20
-74026.09997790493
 30
0.0
 40
25.0
  1
SB371
 11
-812321.0931340489
 21
-74026.09997790493
 31
0.0
100
AcDbText
  0
TEXT
  5
EEA
330
17
100
AcDbEntity
  8
KM Kolon Markası
100
AcDbText
 10
-812321.0931340489
 20
-74061.09982531704
 30
0.0
 40
25.0
  1
(80/30)
 11
-812321.0931340489
 21
-74061.09982531704
 31
0.0
100
AcDbText
  0
TEXT
  5
EEB
330
17
100
AcDbEntity
  8
KM Kolon Markası
100
AcDbText
 10
-811885.4594746862
 20
-74068.04615061916
 30
0.0
 40
25.0
  1
SB372
 11
-811885.4594746862
 21
-74068.04615061916
 31
0.0
100
AcDbText
  0
TEXT
  5
EEC
330
17
100
AcDbEntity
  8
KM Kolon Markası
100
AcDbText
 10
-811885.4594746862
 20
-74103.04719012417
 30
0.0
 40
25.0
  1
(100/30)
 11
-811885.4594746862
 21
-74103.04719012417
 31
0.0
100
AcDbText
  0
TEXT
  5
EED
330
17
100
AcDbEntity
  8
KM Kolon Markası
100
AcDbText
 10
-824081.1239935709
 20
-71399.37187122938
 30
0.0
 40
25.0
  1
SB268
 11
-824081.1239935709
 21
-71399.37187122938
 31
0.0
100
AcDbText
  0
TEXT
  5
EEE
330
17
100
AcDbEntity
  8
KM Kolon Markası
100
AcDbText
 10
-823684.2831200846
 20
-71399.37187122938
 30
0.0
 40
25.0
  1
SB269
 11
-823684.2831200846
 21
-71399.37187122938
 31
0.0
100
AcDbText
  0
TEXT
  5
EEF
330
17
100
AcDbEntity
  8
KM Kolon Markası
100
AcDbText
 10
-819570.5569306643
 20
-71442.1194176022
 30
0.0
 40
25.0
  1
SB274
 11
-819570.5569306643
 21
-71442.1194176022
 31
0.0
100
AcDbText
  0
TEXT
  5
EF0
330
17
100
AcDbEntity
  8
KM Kolon Markası
100
AcDbText
 10
-817037.5264207157
 20
-71453.17369502224
 30
0.0
 40
25.0
  1
SB278
 11
-817037.5264207157
 21
-71453.17369502224
 31
0.0
100
AcDbText
  0
TEXT
  5
EF1
330
17
100
AcDbEntity
  8
KM Kolon Markası
100
AcDbText
 10
-816603.5163918767
 20
-71453.17369502224
 30
0.0
 40
25.0
  1
SB279
 11
-816603.5163918767
 21
-71453.17369502224
 31
0.0
100
AcDbText
  0
TEXT
  5
EF2
330
17
100
AcDbEntity
  8
KM Kolon Markası
100
AcDbText
 10
-823095.5591878705
 20
-71524.04896664701
 30
0.0
 40
25.0
  1
SB284
 11
-823095.5591878705
 21
-71524.04896664701
 31
0.0
100
AcDbText
  0
TEXT
  5
EF3
330
17
100
AcDbEntity
  8
KM Kolon Markası
100
AcDbText
 10
-816495.4561317149
 20
-71620.34722744825
 30
0.0
 40
25.0
  1
SB286
 11
-816495.4561317149
 21
-71620.34722744825
 31
0.0
100
AcDbText
  0
TEXT
  5
EF4
330
17
100
AcDbEntity
  8
KM Kolon Markası
100
AcDbText
 10
-816187.3469040378
 20
-71522.78549233764
 30
0.0
 40
25.0
  1
SB287
 11
-816187.3469040378
 21
-71522.78549233764
 31
0.0
100
AcDbText
  0
TEXT
  5
EF5
330
17
100
AcDbEntity
  8
KM Kolon Markası
100
AcDbText
 10
-824359.1159951334
 20
-71624.7160287879
 30
0.0
 40
25.0
  1
SB288
 11
-824359.1159951334
 21
-71624.7160287879
 31
0.0
100
AcDbText
  0
TEXT
  5
EF6
330
17
100
AcDbEntity
  8
KM Kolon Markası
100
AcDbText
 10
-824206.1157915117
 20
-71624.7160287879
 30
0.0
 40
25.0
  1
SB289
 11
-824206.1157915117
 21
-71624.7160287879
 31
0.0
100
AcDbText
  0
TEXT
  5
EF7
330
17
100
AcDbEntity
  8
KM Kolon Markası
100
AcDbText
 10
-823559.6975404739
 20
-71624.7136446021
 30
0.0
 40
25.0
  1
SB290
 11
-823559.6975404739
 21
-71624.7136446021
 31
0.0
100
AcDbText
  0
TEXT
  5
EF8
330
17
100
AcDbEntity
  8
KM Kolon Markası
100
AcDbText
 10
-823402.3101462424
 20
-71624.7160287879
 30
0.0
 40
25.0
  1
SB291
 11
-823402.3101462424
 21
-71624.7160287879
 31
0.0
100
AcDbText
  0
TEXT
  5
EF9
330
17
100
AcDbEntity
  8
KM Kolon Markası
100
AcDbText
 10
-819570.5569306643
 20
-71672.18619387783
 30
0.0
 40
25.0
  1
SB293
 11
-819570.5569306643
 21
-71672.18619387783
 31
0.0
100
AcDbText
  0
TEXT
  5
EFA
330
17
100
AcDbEntity
  8
KM Kolon Markası
100
AcDbText
 10
-817447.269049898
 20
-71619.83988734952
 30
0.0
 40
25.0
  1
SB294
 11
-817447.269049898
 21
-71619.83988734952
 31
0.0
100
AcDbText
  0
TEXT
  5
EFB
330
17
100
AcDbEntity
  8
KM Kolon Markası
100
AcDbText
 10
-817293.7843035816
 20
-71619.83988734952
 30
0.0
 40
25.0
  1
SB295
 11
-817293.7843035816
 21
-71619.83988734952
 31
0.0
100
AcDbText
  0
TEXT
  5
EFC
330
17
100
AcDbEntity
  8
KM Kolon Markası
100
AcDbText
 10
-816647.8584903782
 20
-71620.34484326246
 30
0.0
 40
25.0
  1
SB296
 11
-816647.8584903782
 21
-71620.34484326246
 31
0.0
100
AcDbText
  0
TEXT
  5
EFD
330
17
100
AcDbEntity
  8
xref_antet-100$0$ANTETYAZI1
100
AcDbText
 10
-810492.9635892725
 20
-72262.48056471036
 30
0.0
 40
29.68750558854912
  1
PROJE MİMARİ
 11
-810492.9635892725
 21
-72262.48056471036
 31
0.0
100
AcDbText
  0
TEXT
  5
EFE
330
17
100
AcDbEntity
  8
xref_antet-100$0$ANTETYAZI1
100
AcDbText
 10
-810491.3586922204
 20
-72092.04136859065
 30
0.0
 40
29.68750558854912
  1
PROJE ADI
 11
-810491.3586922204
 21
-72092.04136859065
 31
0.0
100
AcDbText
  0
TEXT
  5
EFF
330
17
100
AcDbEntity
  8
xref_antet-100$0$ANTETYAZI1
100
AcDbText
 10
-810492.4768758406
 20
-72584.676858246
 30
0.0
 40
29.68750558854912
  1
PROJEYİ YAPAN
 11
-810492.4768758406
 21
-72584.676858246
 31
0.0
100
AcDbText
  0
TEXT
  5
F00
330
17
100
AcDbEntity
  8
xref_antet-100$0$ANTETYAZI1
100
AcDbText
 10
-810084.0447315178
 20
-74348.30264124957
 30
0.0
 40
29.68750558854912
  1
BETON
 11
-810084.0447315178
 21
-74348.30264124957
 31
0.0
100
AcDbText
  0
TEXT
  5
F01
330
17
100
AcDbEntity
  8
xref_antet-100$0$ANTETYAZI1
100
AcDbText
 10
-810490.9221531348
 20
-74407.37962572895
 30
0.0
 40
27.21354678950336
  1
TEMELDE
 11
-810490.9221531348
 21
-74407.37962572895
 31
0.0
100
AcDbText
  0
TEXT
  5
F02
330
17
100
AcDbEntity
  8
xref_antet-100$0$ANTETYAZI1
100
AcDbText
 10
-810281.9124991563
 20
-74407.37962572895
 30
0.0
 40
27.21354678950336
  1
ÜST YAPIDA
 11
-810281.9124991563
 21
-74407.37962572895
 31
0.0
100
AcDbText
  0
TEXT
  5
F03
330
17
100
AcDbEntity
  8
xref_antet-100$0$ANTETYAZI1
100
AcDbText
 10
-810476.2068545957
 20
-74712.02144102845
 30
0.0
 40
29.68750558854912
  1
STATİK HESAP
 11
-810476.2068545957
 21
-74712.02144102845
 31
0.0
100
AcDbText
  0
TEXT
  5
F04
330
17
100
AcDbEntity
  8
xref_antet-100$0$ANTETYAZI1
100
AcDbText
 10
-810478.7615993163
 20
-74644.6718579717
 30
0.0
 40
29.68750558854912
  1
STATİK HESAP
 11
-810478.7615993163
 21
-74644.6718579717
 31
0.0
100
AcDbText
  0
TEXT
  5
F05
330
17
100
AcDbEntity
  8
xref_antet-100$0$ANTETYAZI1
100
AcDbText
 10
-810478.7615993163
 20
-74910.28423570842
 30
0.0
 40
29.68750558854912
  1
ONAY
 11
-810478.7615993163
 21
-74910.28423570842
 31
0.0
100
AcDbText
  0
TEXT
  5
F06
330
17
100
AcDbEntity
  8
xref_antet-100$0$ANTETYAZI3
100
AcDbText
 10
-810447.1553328076
 20
-74487.74481644212
 30
0.0
 40
39.58334078473217
  1
C35
 11
-810447.1553328076
 21
-74487.74481644212
 31
0.0
100
AcDbText
  0
TEXT
  5
F07
330
17
100
AcDbEntity
  8
xref_antet-100$0$ANTETYAZI3
100
AcDbText
 10
-810211.8749479171
 20
-74487.74481644212
 30
0.0
 40
39.58334078473217
  1
C40
 11
-810211.8749479171
 21
-74487.74481644212
 31
0.0
100
AcDbText
  0
TEXT
  5
F08
330
17
100
AcDbEntity
  8
xref_antet-100$0$ANTETYAZI1
100
AcDbText
 10
-810495.2473327061
 20
-71819.18395799832
 30
0.0
 40
29.68750558854912
  1
PROJE SAHİBİ
 11
-810495.2473327061
 21
-71819.18395799832
 31
0.0
100
AcDbText
  0
TEXT
  5
F09
330
17
100
AcDbEntity
  8
xref_antet-100$0$REVIZYON TABLOSU
100
AcDbText
 10
-810260.533408723
 20
-71715.51973185688
 30
0.0
 40
34.63542318664064
  1
REV. TARIHI
 11
-810260.533408723
 21
-71715.51973185688
 31
0.0
100
AcDbText
  0
TEXT
  5
F0A
330
17
100
AcDbEntity
  8
xref_antet-100$0$REVIZYON TABLOSU
100
AcDbText
 10
-810458.4294963322
 20
-71586.30594278313
 30
0.0
 40
34.63542318664064
  1
2
 11
-810458.4294963322
 21
-71586.30594278313
 31
0.0
100
AcDbText
  0
TEXT
  5
F0B
330
17
100
AcDbEntity
  8
xref_antet-100$0$REVIZYON TABLOSU
100
AcDbText
 10
-810458.4294963322
 20
-71520.07698673196
 30
0.0
 40
34.63542318664064
  1
3
 11
-810458.4294963322
 21
-71520.07698673196
 31
0.0
100
AcDbText
  0
TEXT
  5
F0C
330
17
100
AcDbEntity
  8
xref_antet-100$0$REVIZYON TABLOSU
100
AcDbText
 10
-810458.4294963322
 20
-71455.75405795684
 30
0.0
 40
34.63542318664064
  1
4
 11
-810458.4294963322
 21
-71455.75405795684
 31
0.0
100
AcDbText
  0
TEXT
  5
F0D
330
17
100
AcDbEntity
  8
xref_antet-100$0$REVIZYON TABLOSU
100
AcDbText
 10
-810458.4294963322
 20
-71391.43112918174
 30
0.0
 40
34.63542318664064
  1
5
 11
-810458.4294963322
 21
-71391.43112918174
 31
0.0
100
AcDbText
  0
TEXT
  5
F0E
330
17
100
AcDbEntity
  8
xref_antet-100$0$REVIZYON TABLOSU
100
AcDbText
 10
-810458.4279817633
 20
-71327.10820040666
 30
0.0
 40
34.63542318664064
  1
6
 11
-810458.4279817633
 21
-71327.10820040666
 31
0.0
100
AcDbText
  0
TEXT
  5
F0F
330
17
100
AcDbEntity
  8
xref_antet-100$0$REVIZYON TABLOSU
100
AcDbText
 10
-810458.4219234874
 20
-71069.81648530623
 30
0.0
 40
34.63542318664064
  1
10
 11
-810458.4219234874
 21
-71069.81648530623
 31
0.0
100
AcDbText
  0
TEXT
  5
F10
330
17
100
AcDbEntity
  8
xref_antet-100$0$ANTETYAZI1
100
AcDbText
 10
-810493.0484245782
 20
-74075.28833907345
 30
0.0
 40
29.68750558854912
  1
Zemin Taşıma Gücü Gerilmesi
 11
-810493.0484245782
 21
-74075.28833907345
 31
0.0
100
AcDbText
  0
TEXT
  5
F11
330
17
100
AcDbEntity
  8
xref_antet-100$0$ANTETYAZI1
100
AcDbText
 10
-810493.0484245782
 20
-73820.56097660182
 30
0.0
 40
29.68750558854912
  1
Tasıyıcı Sistem Davranıs Katsayısı
 11
-810493.0484245782
 21
-73820.56097660182
 31
0.0
100
AcDbText
  0
TEXT
  5
F12
330
17
100
AcDbEntity
  8
xref_antet-100$0$ANTETYAZI1
100
AcDbText
 10
-810493.0484245782
 20
-73710.51319211503
 30
0.0
 40
29.68750558854912
  1
Deprem Düzeyi
 11
-810493.0484245782
 21
-73710.51319211503
 31
0.0
100
AcDbText
  0
TEXT
  5
F13
330
17
100
AcDbEntity
  8
xref_antet-100$0$ANTETYAZI1
100
AcDbText
 10
-810150.2128860719
 20
-73129.30242912006
 30
0.0
 40
29.68750558854912
  1
SUNUM TİPİ
 11
-810150.2128860719
 21
-73129.30242912006
 31
0.0
100
AcDbText
  0
TEXT
  5
F14
330
17
100
AcDbEntity
  8
xref_antet-100$0$ANTETYAZI3
100
AcDbText
 10
-810156.6671087022
 20
-74164.2320036767
 30
0.0
 40
39.58334078473217
  1
30.6 t/m2
 11
-810156.6671087022
 21
-74164.2320036767
 31
0.0
100
AcDbText
  0
TEXT
  5
F15
330
17
100
AcDbEntity
  8
xref_antet-100$0$ANTETYAZI1
100
AcDbText
 10
-810476.2068545957
 20
-74777.2081987597
 30
0.0
 40
29.68750558854912
  1
ÇİZEN
 11
-810476.2068545957
 21
-74777.2081987597
 31
0.0
100
AcDbText
  0
TEXT
  5
F16
330
17
100
AcDbEntity
  8
xref_antet-100$0$ANTETYAZI1
100
AcDbText
 10
-810476.2068545957
 20
-74843.83483920246
 30
0.0
 40
29.68750558854912
  1
ÇİZEN
 11
-810476.2068545957
 21
-74843.83483920246
 31
0.0
100
AcDbText
  0
TEXT
  5
F17
330
17
100
AcDbEntity
  8
xref_antet-100$0$ANTETYAZI2
100
AcDbText
 10
-810391.7430024717
 20
-75193.19462984602
 30
0.0
 40
49.4791759809152
  1
1/100
 11
-810391.7430024717
 21
-75193.19462984602
 31
0.0
100
AcDbText
  0
TEXT
  5
F18
330
17
100
AcDbEntity
  8
xref_antet-100$0$ANTET1
100
AcDbText
 10
-810125.0597117781
 20
-72142.31933939736
 30
0.0
 40
49.4791759809152
  1
KIYI İSTANBUL PROJESİ  B-BLOK
 11
-810125.0597117781
 21
-72142.31933939736
 31
0.0
100
AcDbText
  0
TEXT
  5
F19
330
17
100
AcDbEntity
  8
xref_antet-100$0$ANTETYAZI1
100
AcDbText
 10
-810493.0484245782
 20
-73277.89478486092
 30
0.0
 40
29.68750558854912
  1
PAFTA ADI
 11
-810493.0484245782
 21
-73277.89478486092
 31
0.0
100
AcDbText
  0
TEXT
  5
F1A
330
17
100
AcDbEntity
  8
xref_antet-100$0$ANTETYAZI1
100
AcDbText
 10
-810493.0484245782
 20
-73559.99494778799
 30
0.0
 40
29.68750558854912
  1
DÖKÜMAN NO 
 11
-810493.0484245782
 21
-73559.99494778799
 31
0.0
100
AcDbText
  0
TEXT
  5
F1B
330
17
100
AcDbEntity
  8
xref_antet-100$0$ANTETYAZI1
100
AcDbText
 10
-810389.1849242662
 20
-75059.55251456518
 30
0.0
 40
29.68750558854912
  1
ÖLÇEK:
 11
-810389.1849242662
 21
-75059.55251456518
 31
0.0
100
AcDbText
  0
TEXT
  5
F1C
330
17
100
AcDbEntity
  8
xref_antet-100$0$ANTETYAZI2
100
AcDbText
 10
-810026.3610837791
 20
-75193.19462984602
 30
0.0
 40
49.4791759809152
  1
14.08.2025
 11
-810026.3610837791
 21
-75193.19462984602
 31
0.0
100
AcDbText
  0
TEXT
  5
F1D
330
17
100
AcDbEntity
  8
xref_antet-100$0$ANTETYAZI1
100
AcDbText
 10
-810493.9988504566
 20
-73129.30242912006
 30
0.0
 40
29.68750558854912
  1
DİSİPLİN
 11
-810493.9988504566
 21
-73129.30242912006
 31
0.0
100
AcDbText
  0
TEXT
  5
F1E
330
17
100
AcDbEntity
  8
xref_antet-100$0$REVIZYON TABLOSU
100
AcDbText
 10
-810458.4294963322
 20
-71715.51973185688
 30
0.0
 40
34.63542318664064
  1
NO
 11
-810458.4294963322
 21
-71715.51973185688
 31
0.0
100
AcDbText
  0
TEXT
  5
F1F
330
17
100
AcDbEntity
  8
xref_antet-100$0$REVIZYON TABLOSU
100
AcDbText
 10
-810458.4294963322
 20
-71649.74049095903
 30
0.0
 40
34.63542318664064
  1
1
 11
-810458.4294963322
 21
-71649.74049095903
 31
0.0
100
AcDbText
  0
TEXT
  5
F20
330
17
100
AcDbEntity
  8
xref_antet-100$0$REVIZYON TABLOSU
100
AcDbText
 10
-810458.4264671942
 20
-71262.78527163155
 30
0.0
 40
34.63542318664064
  1
7
 11
-810458.4264671942
 21
-71262.78527163155
 31
0.0
100
AcDbText
  0
TEXT
  5
F21
330
17
100
AcDbEntity
  8
xref_antet-100$0$REVIZYON TABLOSU
100
AcDbText
 10
-810458.4249526253
 20
-71198.46234285645
 30
0.0
 40
34.63542318664064
  1
8
 11
-810458.4249526253
 21
-71198.46234285645
 31
0.0
100
AcDbText
  0
TEXT
  5
F22
330
17
100
AcDbEntity
  8
xref_antet-100$0$REVIZYON TABLOSU
100
AcDbText
 10
-810458.4234380565
 20
-71134.13941408134
 30
0.0
 40
34.63542318664064
  1
9
 11
-810458.4234380565
 21
-71134.13941408134
 31
0.0
100
AcDbText
  0
TEXT
  5
F23
330
17
100
AcDbEntity
  8
xref_antet-100$0$ANTETYAZI3
100
AcDbText
 10
-810114.6293134753
 20
-73759.7587450603
 30
0.0
 40
39.58334078473217
  1
DD2
 11
-810114.6293134753
 21
-73759.7587450603
 31
0.0
100
AcDbText
  0
TEXT
  5
F24
330
17
100
AcDbEntity
  8
xref_antet-100$0$ANTETYAZI3
100
AcDbText
 10
-810143.9121891516
 20
-73881.81038562953
 30
0.0
 40
39.58334078473217
  1
R= 5.6
 11
-810143.9121891516
 21
-73881.81038562953
 31
0.0
100
AcDbText
  0
TEXT
  5
F25
330
17
100
AcDbEntity
  8
xref_antet-100$0$ANTETYAZI1
100
AcDbText
 10
-810493.0484245782
 20
-73939.07295528208
 30
0.0
 40
29.68750558854912
  1
Yerel Zemin Sınıfı
 11
-810493.0484245782
 21
-73939.07295528208
 31
0.0
100
AcDbText
  0
TEXT
  5
F26
330
17
100
AcDbEntity
  8
xref_antet-100$0$ANTETYAZI1
100
AcDbText
 10
-810230.4228779962
 20
-73939.07295528208
 30
0.0
 40
29.68750558854912
  1
S
 11
-810230.4228779962
 21
-73939.07295528208
 31
0.0
100
AcDbText
  0
TEXT
  5
F27
330
17
100
AcDbEntity
  8
xref_antet-100$0$ANTETYAZI1
100
AcDbText
 10
-810203.5923098912
 20
-73950.20872598338
 30
0.0
 40
19.79167039236608
  1
S
 11
-810203.5923098912
 21
-73950.20872598338
 31
0.0
100
AcDbText
  0
TEXT
  5
F28
330
17
100
AcDbEntity
  8
xref_antet-100$0$ANTETYAZI3
100
AcDbText
 10
-810428.7933410729
 20
-74009.71596268471
 30
0.0
 40
39.58334078473217
  1
 ZD
 11
-810428.7933410729
 21
-74009.71596268471
 31
0.0
100
AcDbText
  0
TEXT
  5
F29
330
17
100
AcDbEntity
  8
xref_antet-100$0$ANTETYAZI3
100
AcDbText
 10
-810112.9219051861
 20
-74009.71596268471
 30
0.0
 40
39.58334078473217
  1
0.581
 11
-810112.9219051861
 21
-74009.71596268471
 31
0.0
100
AcDbText
  0
TEXT
  5
F2A
330
17
100
AcDbEntity
  8
xref_antet-100$0$NOTYAZILARI
100
AcDbText
 10
-810489.5298794499
 20
-69765.47189869823
 30
0.0
 40
18.01724715948179
  1
BÜTÜN DONATILAR : B 420C (TS708/NİSAN 2010)
 11
-810489.5298794499
 21
-69765.47189869823
 31
0.0
100
AcDbText
  0
TEXT
  5
F2B
330
17
100
AcDbEntity
  8
xref_antet-100$0$NOTYAZILARI
100
AcDbText
 10
-810479.82632625
 20
-69806.31314068474
 30
0.0
 40
18.01724715948179
  1
TİP
 11
-810479.82632625
 21
-69806.31314068474
 31
0.0
100
AcDbText
  0
TEXT
  5
F2C
330
17
100
AcDbEntity
  8
xref_antet-100$0$NOTYAZILARI
100
AcDbText
 10
-810483.4724362111
 20
-69855.75617906544
 30
0.0
 40
18.01724715948179
  1
SINIF
 11
-810483.4724362111
 21
-69855.75617906544
 31
0.0
100
AcDbText
  0
TEXT
  5
F2D
330
17
100
AcDbEntity
  8
xref_antet-100$0$NOTYAZILARI
100
AcDbText
 10
-810483.4724362111
 20
-69912.57429658528
 30
0.0
 40
18.01724715948179
  1
AKMA DAYANIMI (EN AZ) R
 11
-810483.4724362111
 21
-69912.57429658528
 31
0.0
100
AcDbText
  0
TEXT
  5
F2E
330
17
100
AcDbEntity
  8
xref_antet-100$0$NOTYAZILARI
100
AcDbText
 10
-810159.1516731892
 20
-69922.79207054617
 30
0.0
 40
15.01437263290149
  1
e
 11
-810159.1516731892
 21
-69922.79207054617
 31
0.0
100
AcDbText
  0
TEXT
  5
F2F
330
17
100
AcDbEntity
  8
xref_antet-100$0$NOTYAZILARI
100
AcDbText
 10
-810483.4724362111
 20
-69969.76205926482
 30
0.0
 40
18.01724715948179
  1
ÇEKME DAYANIMI / AKMA DAYANIMI , R /R
 11
-810483.4724362111
 21
-69969.76205926482
 31
0.0
100
AcDbText
  0
TEXT
  5
F30
330
17
100
AcDbEntity
  8
xref_antet-100$0$NOTYAZILARI
100
AcDbText
 10
-810008.2305250829
 20
-69981.61637921073
 30
0.0
 40
15.01437263290149
  1
e
 11
-810008.2305250829
 21
-69981.61637921073
 31
0.0
100
AcDbText
  0
TEXT
  5
F31
330
17
100
AcDbEntity
  8
xref_antet-100$0$NOTYAZILARI
100
AcDbText
 10
-810483.4724362111
 20
-70025.07889547665
 30
0.0
 40
18.01724715948179
  1
DENEYSEL AKMA DAYANIMI / KARAKTERİSTİK AKMA
 11
-810483.4724362111
 21
-70025.07889547665
 31
0.0
100
AcDbText
  0
TEXT
  5
F32
330
17
100
AcDbEntity
  8
xref_antet-100$0$NOTYAZILARI
100
AcDbText
 10
-810483.4724362111
 20
-70061.51686472632
 30
0.0
 40
18.01724715948179
  1
DAYANIMI R    /R     (MAX.)
 11
-810483.4724362111
 21
-70061.51686472632
 31
0.0
100
AcDbText
  0
TEXT
  5
F33
330
17
100
AcDbEntity
  8
xref_antet-100$0$NOTYAZILARI
100
AcDbText
 10
-810338.7346814116
 20
-70068.54685017373
 30
0.0
 40
10.0
  1
e act
 11
-810338.7346814116
 21
-70068.54685017373
 31
0.0
100
AcDbText
  0
TEXT
  5
F34
330
17
100
AcDbEntity
  8
xref_antet-100$0$NOTYAZILARI
100
AcDbText
 10
-810284.5395196892
 20
-70068.54685017373
 30
0.0
 40
10.0
  1
e nom
 11
-810284.5395196892
 21
-70068.54685017373
 31
0.0
100
AcDbText
  0
TEXT
  5
F35
330
17
100
AcDbEntity
  8
xref_antet-100$0$NOTYAZILARI
100
AcDbText
 10
-810483.4724362111
 20
-70113.00622788165
 30
0.0
 40
18.01724715948179
  1
KOPMA UZAMASI (EN AZ) A  (%%%)
 11
-810483.4724362111
 21
-70113.00622788165
 31
0.0
100
AcDbText
  0
TEXT
  5
F36
330
17
100
AcDbEntity
  8
xref_antet-100$0$NOTYAZILARI
100
AcDbText
 10
-810149.1842830322
 20
-70122.9169954136
 30
0.0
 40
15.01437263290149
  1
5
 11
-810149.1842830322
 21
-70122.9169954136
 31
0.0
100
AcDbText
  0
TEXT
  5
F37
330
17
100
AcDbEntity
  8
xref_antet-100$0$NOTYAZILARI
100
AcDbText
 10
-810483.4724362111
 20
-70154.82127780188
 30
0.0
 40
18.01724715948179
  1
MAKSİMUM YÜKLE TOPLAM UZAMA (EN AZ) A  (%%%)
 11
-810483.4724362111
 21
-70154.82127780188
 31
0.0
100
AcDbText
  0
TEXT
  5
F38
330
17
100
AcDbEntity
  8
xref_antet-100$0$YAZI4
100
AcDbText
 10
-810378.1386658688
 20
-66794.14811138622
 30
0.0
 40
34.63542318664064
  1
  İNŞAAT - İMALAT
 11
-810378.1386658688
 21
-66794.14811138622
 31
0.0
100
AcDbText
  0
TEXT
  5
F39
330
17
100
AcDbEntity
  8
xref_antet-100$0$NOTYAZILARI
100
AcDbText
 10
-810422.4830061934
 20
-66891.25224629045
 30
0.0
 40
18.01724715948179
  1
1. Öngörülen beton kalitesinin ancak "hazır beton" tekniği ile sağlanabileceği açıktır ; bu yüzden, küçük, önemsiz ve
 11
-810422.4830061934
 21
-66891.25224629045
 31
0.0
100
AcDbText
  0
TEXT
  5
F3A
330
17
100
AcDbEntity
  8
xref_antet-100$0$NOTYAZILARI
100
AcDbText
 10
-810422.4830061934
 20
-67089.96210207045
 30
0.0
 40
18.01724715948179
  1
3. Burada ve her paftada verilen notlar ve açıklamalarda bulunmayan veya tereddüde düşülen hallerde kontrol
 11
-810422.4830061934
 21
-67089.96210207045
 31
0.0
100
AcDbText
  0
TEXT
  5
F3B
330
17
100
AcDbEntity
  8
xref_antet-100$0$NOTYAZILARI
100
AcDbText
 10
-810452.3916956848
 20
-67238.99449392688
 30
0.0
 40
18.01724715948179
  1
    muhtelif parçalar, boru yuvaları ve boruları kalıba öncelikle yerleştirilecektir.Muhtelif iş disiplinlerine ait parçalarIn
 11
-810452.3916956848
 21
-67238.99449392688
 31
0.0
100
AcDbText
  0
TEXT
  5
F3C
330
17
100
AcDbEntity
  8
xref_antet-100$0$NOTYAZILARI
100
AcDbText
 10
-810422.4830061934
 20
-67189.31702997442
 30
0.0
 40
18.01724715948179
  1
4. Yüklenici; mimari, statik,mekanik v.s.projelerini inceleyerek betona gömülmesi gereken ankraj cıvatası,
 11
-810422.4830061934
 21
-67189.31702997442
 31
0.0
100
AcDbText
  0
TEXT
  5
F3D
330
17
100
AcDbEntity
  8
xref_antet-100$0$NOTYAZILARI
100
AcDbText
 10
-810450.0910603395
 20
-67040.28463813195
 30
0.0
 40
18.01724715948179
  1
    kolaylaştıracak tedbirler (Mühendisin izni ile daha küçük çaplı agrega, kimyasal katkı, kalıp vibratörü gibi) alınabilir
 11
-810450.0910603395
 21
-67040.28463813195
 31
0.0
100
AcDbText
  0
TEXT
  5
F3E
330
17
100
AcDbEntity
  8
xref_antet-100$0$NOTYAZILARI
100
AcDbText
 10
-810422.4830061934
 20
-66990.60717418045
 30
0.0
 40
18.01724715948179
  1
2. Beton yerleşiminde gerekli sıkılığı sağlamak için öngörülen kalitenin altına düşmemek kaydı ile , yerleşimi
 11
-810422.4830061934
 21
-66990.60717418045
 31
0.0
100
AcDbText
  0
TEXT
  5
F3F
330
17
100
AcDbEntity
  8
xref_antet-100$0$NOTYAZILARI
100
AcDbText
 10
-810450.0910173348
 20
-67139.63956602197
 30
0.0
 40
18.01724715948179
  1
    mühendisinin yazılı onayı alınacaktır.
 11
-810450.0910173348
 21
-67139.63956602197
 31
0.0
100
AcDbText
  0
TEXT
  5
F40
330
17
100
AcDbEntity
  8
xref_antet-100$0$NOTYAZILARI
100
AcDbText
 10
-810415.0179110458
 20
-67999.82656906825
 30
0.0
 40
18.01724715948179
  1
5- İMALAT SIRASINDA, PROJEDE BELİRTİLEN MEVCUT DURUMA AİT FARKLILIKLAR TESPİT EDİLDİĞİ TAKDİRDE
 11
-810415.0179110458
 21
-67999.82656906825
 31
0.0
100
AcDbText
  0
TEXT
  5
F41
330
17
100
AcDbEntity
  8
xref_antet-100$0$NOTYAZILARI
100
AcDbText
 10
-810452.3916956848
 20
-67288.67195786443
 30
0.0
 40
18.01724715948179
  1
    yerleştirme koordinasyonundan tamamem yüklenici sorumludur.
 11
-810452.3916956848
 21
-67288.67195786443
 31
0.0
100
AcDbText
  0
TEXT
  5
F42
330
17
100
AcDbEntity
  8
xref_antet-100$0$NOTYAZILARI
100
AcDbText
 10
-810415.0179110458
 20
-68335.56193682738
 30
0.0
 40
18.01724715948179
  1
9- MEVCUT TEMELLER GÖRÜLENE KADAR KAZI YAPILACAK, PROJEDE ÖN GÖRÜLEN SİSTEMDEN FARKLI
 11
-810415.0179110458
 21
-68335.56193682738
 31
0.0
100
AcDbText
  0
TEXT
  5
F43
330
17
100
AcDbEntity
  8
xref_antet-100$0$NOTYAZILARI
100
AcDbText
 10
-810369.7458017311
 20
-68149.51452467684
 30
0.0
 40
18.01724715948179
  1
KARŞILAŞILDIĞINDA PROJE SORUMLUSUNA DURUM BİLDİRİLECEKTİR.
 11
-810369.7458017311
 21
-68149.51452467684
 31
0.0
100
AcDbText
  0
TEXT
  5
F44
330
17
100
AcDbEntity
  8
xref_antet-100$0$NOTYAZILARI
100
AcDbText
 10
-810415.0179110458
 20
-68271.23749214038
 30
0.0
 40
18.01724715948179
  1
8- BÜTÜN ÖLÇÜLER YERİNDE KONTROL EDİLECEK VE DEMİR BOYLARI YERİNE UYGUN OLARAK KESİLECEKTİR.
 11
-810415.0179110458
 21
-68271.23749214038
 31
0.0
100
AcDbText
  0
TEXT
  5
F45
330
17
100
AcDbEntity
  8
xref_antet-100$0$NOTYAZILARI
100
AcDbText
 10
-810415.0179110458
 20
-68208.6446603639
 30
0.0
 40
18.01724715948179
  1
7- AKSİ BELİRTİLMEDİKCE TÜM ÖLÇÜLER cm , KOTLAR m CİNSİNDEN YAZILMIŞTIR.
 11
-810415.0179110458
 21
-68208.6446603639
 31
0.0
100
AcDbText
  0
TEXT
  5
F46
330
17
100
AcDbEntity
  8
xref_antet-100$0$NOTYAZILARI
100
AcDbText
 10
-810415.0179110458
 20
-68100.77283035312
 30
0.0
 40
18.01724715948179
  1
6- TÜM PLAN, APLİKASYON VE DETAYLAR BERABER İNCELENECEKTİR. ARALARINDA HARHANGİ BİR FARKLILIKLA
 11
-810415.0179110458
 21
-68100.77283035312
 31
0.0
100
AcDbText
  0
TEXT
  5
F47
330
17
100
AcDbEntity
  8
xref_antet-100$0$NOTYAZILARI
100
AcDbText
 10
-810415.0179110458
 20
-68643.18819225393
 30
0.0
 40
18.01724715948179
  1
12- ANKRAJ DELİKLERİNİN BOYU AKSİ BELİRTİLMEDİKÇE TEMELLERDE 15Ø, KOLON VE KİRİŞLERDE 15Ø OLACAKTIR.
 11
-810415.0179110458
 21
-68643.18819225393
 31
0.0
100
AcDbText
  0
TEXT
  5
F48
330
17
100
AcDbEntity
  8
xref_antet-100$0$NOTYAZILARI
100
AcDbText
 10
-810415.0179110458
 20
-68538.77923489362
 30
0.0
 40
18.01724715948179
  1
11- ANKRAJ DELİKLERİN ÇAPI AKSİ BELİRTİLMEDİKÇE ANKRAJ ÇUBUĞUNDAN 4 mm FAZLA OLACAKTIR. VE İÇLERİ
 11
-810415.0179110458
 21
-68538.77923489362
 31
0.0
100
AcDbText
  0
TEXT
  5
F49
330
17
100
AcDbEntity
  8
xref_antet-100$0$NOTYAZILARI
100
AcDbText
 10
-810415.0179110458
 20
-68433.04532546084
 30
0.0
 40
18.01724715948179
  1
10- GÜÇLENDİRME YAPILACAK ELEMANLARIN SIVALARI KALDIRILACAK, İLAVE EDİLECEK ELEMANLAR İLE MEVCUT
 11
-810415.0179110458
 21
-68433.04532546084
 31
0.0
100
AcDbText
  0
TEXT
  5
F4A
330
17
100
AcDbEntity
  8
xref_antet-100$0$NOTYAZILARI
100
AcDbText
 10
-810422.2567690527
 20
-68695.39275922906
 30
0.0
 40
18.01724715948179
  1
 13- ANKRAJ DELİKLERİ AÇILDIKTAN SONRA HAVA PÜSKÜRTÜLEREK İÇLERİ TEMİZLENECEKTİR.
 11
-810422.2567690527
 21
-68695.39275922906
 31
0.0
100
AcDbText
  0
TEXT
  5
F4B
330
17
100
AcDbEntity
  8
xref_antet-100$0$NOTYAZILARI
100
AcDbText
 10
-810374.4465310638
 20
-68485.249892422
 30
0.0
 40
18.01724715948179
  1
ELEMANLARIN ARASINDA KALAN KISIMLAR PÜRÜZLENDİRİLECEKTİR.
 11
-810374.4465310638
 21
-68485.249892422
 31
0.0
100
AcDbText
  0
TEXT
  5
F4C
330
17
100
AcDbEntity
  8
xref_antet-100$0$NOTYAZILARI
100
AcDbText
 10
-810387.7017410017
 20
-68589.25236553606
 30
0.0
 40
18.01724715948179
  1
EN AZ 500 °C DAYANIKLI VE AKIŞKAN EPOKSİ ESASLI KİMYASAL YAPIŞTIRICIYLA DOLDURULACAKTIR.
 11
-810387.7017410017
 21
-68589.25236553606
 31
0.0
100
AcDbText
  0
TEXT
  5
F4D
330
17
100
AcDbEntity
  8
xref_antet-100$0$NOTYAZILARI
100
AcDbText
 10
-810382.5631263173
 20
-68382.57219481841
 30
0.0
 40
18.01724715948179
  1
 TEMELLERE RASTLANIYOR İSE PROJE SORUMLUSUNA DURUM BİLDİRİLECEKTİR.
 11
-810382.5631263173
 21
-68382.57219481841
 31
0.0
100
AcDbText
  0
TEXT
  5
F4E
330
17
100
AcDbEntity
  8
xref_antet-100$0$NOTYAZILARI
100
AcDbText
 10
-810369.7458017311
 20
-68048.56826337706
 30
0.0
 40
18.01724715948179
  1
PROJE SORUMLUSUNA DURUM BİLDİRİLECEKTİR.
 11
-810369.7458017311
 21
-68048.56826337706
 31
0.0
100
AcDbText
  0
TEXT
  5
F4F
330
17
100
AcDbEntity
  8
xref_antet-100$0$NOTYAZILARI
100
AcDbText
 10
-810370.904852151
 20
-68895.55366889013
 30
0.0
 40
18.01724715948179
  1
ADENANSININ ARTMASI İÇİN YÜZEYE ÇİMENTO ŞERBETİ SÜRÜLECEKTİR.
 11
-810370.904852151
 21
-68895.55366889013
 31
0.0
100
AcDbText
  0
TEXT
  5
F50
330
17
100
AcDbEntity
  8
xref_antet-100$0$NOTYAZILARI
100
AcDbText
 10
-810417.6308830075
 20
-68749.32876252382
 30
0.0
 40
18.01724715948179
  1
14- NEMLİ ORTAMLARDAN ARINDIRILAMAYAN ANKRAJ DELİKLERİ ÇİMENTO BAZLI ÖZEL BAĞLAYICI HARÇ İLE
 11
-810417.6308830075
 21
-68749.32876252382
 31
0.0
100
AcDbText
  0
TEXT
  5
F51
330
17
100
AcDbEntity
  8
xref_antet-100$0$NOTYAZILARI
100
AcDbText
 10
-810415.0541925497
 20
-68848.5434108991
 30
0.0
 40
18.01724715948179
  1
15- BETON DÖKÜLMEDEN ÖNCE MEVCUT BETON SUYU DOYURULACAKTIR. MEVCUT BETON YÜZEYİNİN
 11
-810415.0541925497
 21
-68848.5434108991
 31
0.0
100
AcDbText
  0
TEXT
  5
F52
330
17
100
AcDbEntity
  8
xref_antet-100$0$NOTYAZILARI
100
AcDbText
 10
-810381.3834942199
 20
-68798.67905413732
 30
0.0
 40
18.01724715948179
  1
 DOLDURULACAKTIR.
 11
-810381.3834942199
 21
-68798.67905413732
 31
0.0
100
AcDbText
  0
TEXT
  5
F53
330
17
100
AcDbEntity
  8
xref_antet-100$0$NOTYAZILARI
100
AcDbText
 10
-810396.9603093853
 20
-69042.99946156237
 30
0.0
 40
18.01724715948179
  1
    TAMİR HARÇLARI İLE KAPATILMALIDIR.
 11
-810396.9603093853
 21
-69042.99946156237
 31
0.0
100
AcDbText
  0
TEXT
  5
F54
330
17
100
AcDbEntity
  8
xref_antet-100$0$NOTYAZILARI
100
AcDbText
 10
-810415.0541925497
 20
-68947.1888280958
 30
0.0
 40
18.01724715948179
  1
16- BETON DÖKÜMÜNDEN SONRA, YENİ BETONDA OLUŞACAK BOŞLUKLAR UYGUN YÖNTEMLERLE ONARILACAKTIR.
 11
-810415.0541925497
 21
-68947.1888280958
 31
0.0
100
AcDbText
  0
TEXT
  5
F55
330
17
100
AcDbEntity
  8
xref_antet-100$0$NOTYAZILARI
100
AcDbText
 10
-810415.6840263447
 20
-68995.74432808347
 30
0.0
 40
18.01724715948179
  1
17- UYGULAMA ESNASINDA AÇIĞA ÇIKAN MEVCUT DONATILAR UYGUN YÖNTEM İLE PASTAN TEMİZLENEREK
 11
-810415.6840263447
 21
-68995.74432808347
 31
0.0
100
AcDbText
  0
TEXT
  5
F56
330
17
100
AcDbEntity
  8
xref_antet-100$0$NOTYAZILARI
100
AcDbText
 10
-810438.5876686043
 20
-66940.92971024197
 30
0.0
 40
18.01724715948179
  1
    mühendisin izin verdiği lokal tamir harçları hariç inşaatta hazır beton kullanılacaktır.
 11
-810438.5876686043
 21
-66940.92971024197
 31
0.0
100
AcDbText
  0
TEXT
  5
F57
330
17
100
AcDbEntity
  8
xref_antet-100$0$YAZI4
100
AcDbText
 10
-810345.9248895338
 20
-67406.23147894721
 30
0.0
 40
34.63542318664064
  1
TAKVİYE UYGULAMA TEKNİK ŞARTNAMESİ
 11
-810345.9248895338
 21
-67406.23147894721
 31
0.0
100
AcDbText
  0
TEXT
  5
F58
330
17
100
AcDbEntity
  8
xref_antet-100$0$NOTYAZILARI
100
AcDbText
 10
-810422.4830061934
 20
-67479.80522377975
 30
0.0
 40
18.01724715948179
  1
1- PAFTADA GÜÇLENDİRMESİ HAZIRLANMIŞ MEVCUT İÇİN UYGULAMA TEKNİK ŞARTNAMESİ AŞAĞIDAKİ MADDELERDE
 11
-810422.4830061934
 21
-67479.80522377975
 31
0.0
100
AcDbText
  0
TEXT
  5
F59
330
17
100
AcDbEntity
  8
xref_antet-100$0$NOTYAZILARI
100
AcDbText
 10
-810387.8068174934
 20
-67802.53702076711
 30
0.0
 40
18.01724715948179
  1
BİNADA VE YIKIM ÇEVRESİNDE EMNİYET TEDBİRLERİ ALINACAKTIR.
 11
-810387.8068174934
 21
-67802.53702076711
 31
0.0
100
AcDbText
  0
TEXT
  5
F5A
330
17
100
AcDbEntity
  8
xref_antet-100$0$NOTYAZILARI
100
AcDbText
 10
-810377.2108968785
 20
-67629.49317937437
 30
0.0
 40
18.01724715948179
  1
BİR ADET İNŞAAT MÜHENDİSİ OLACAKTIR. İNŞAATTA HER TÜRLÜ YAPISAL EZİLME VE OTURMA GİBİ OLAYLAR İVEDİLİKLE 
 11
-810377.2108968785
 21
-67629.49317937437
 31
0.0
100
AcDbText
  0
TEXT
  5
F5B
330
17
100
AcDbEntity
  8
xref_antet-100$0$NOTYAZILARI
100
AcDbText
 10
-810422.4830061934
 20
-67751.21614685375
 30
0.0
 40
18.01724715948179
  1
3- YENİ ELEMANLARIN İMALATI İÇİN MEVCUT TAŞIYICI SİSTEM ELEMANLARININ VE BÖLME DUVARLARININ YIKIMI VE/VEYA KIRIMI YAPILIRKEN
 11
-810422.4830061934
 21
-67751.21614685375
 31
0.0
100
AcDbText
  0
TEXT
  5
F5C
330
17
100
AcDbEntity
  8
xref_antet-100$0$NOTYAZILARI
100
AcDbText
 10
-810377.3758118814
 20
-67681.34796116408
 30
0.0
 40
18.01724715948179
  1
İŞ VERENE BİLDİRİLECEKTİR. CAN VE MAL GÜVENLİĞİ YÜKLENİCİ FİRMAYA VE SAHA MÜHENDİSİNİN MESULİYETİNDE OLACAKTIR.
 11
-810377.3758118814
 21
-67681.34796116408
 31
0.0
100
AcDbText
  0
TEXT
  5
F5D
330
17
100
AcDbEntity
  8
xref_antet-100$0$NOTYAZILARI
100
AcDbText
 10
-810422.4830061934
 20
-67580.75148506556
 30
0.0
 40
18.01724715948179
  1
2- YÜKLENİCİ FİRMA ŞANTİYEDEKİ HER TÜRLÜ GÜVENLİKT TEDBİRLERİNİ ALACAKTIR. ŞANTİYEDE SORUMLU OLARAK  
 11
-810422.4830061934
 21
-67580.75148506556
 31
0.0
100
AcDbText
  0
TEXT
  5
F5E
330
17
100
AcDbEntity
  8
xref_antet-100$0$NOTYAZILARI
100
AcDbText
 10
-810391.6718823379
 20
-67913.02398015931
 30
0.0
 40
18.01724715948179
  1
KİRİŞ VE KOLONLARA DETAYLARDA BELİRTİLEN ANKRAJ UYGULAMASI İLE ENTEGRASYONLARI SAĞLANACAKTIR.
 11
-810391.6718823379
 21
-67913.02398015931
 31
0.0
100
AcDbText
  0
TEXT
  5
F5F
330
17
100
AcDbEntity
  8
xref_antet-100$0$NOTYAZILARI
100
AcDbText
 10
-810418.6385507574
 20
-67862.55084951594
 30
0.0
 40
18.01724715948179
  1
4- PROJEDE BELİRTİLEN AKSLARA PERDE/MANTO İMALATLARI DETAYLARDAKİ GİBİ YAPILACAKTIR. BU İLAVE ELEMANLARIN MEVCUT
 11
-810418.6385507574
 21
-67862.55084951594
 31
0.0
100
AcDbText
  0
TEXT
  5
F60
330
17
100
AcDbEntity
  8
xref_antet-100$0$NOTYAZILARI
100
AcDbText
 10
-810377.2108968785
 20
-67528.5469180895
 30
0.0
 40
18.01724715948179
  1
AÇIKLANMIŞTIR. İMALAT İŞLEMLERİ PAFTADA BELİRTİLDİĞİ ŞELİKDE UYGULANACAKTIR.
 11
-810377.2108968785
 21
-67528.5469180895
 31
0.0
100
AcDbText
  0
TEXT
  5
F61
330
17
100
AcDbEntity
  8
xref_antet-100$0$NOTYAZILARI
100
AcDbText
 10
-810396.9603093853
 20
-69156.43874547908
 30
0.0
 40
18.01724715948179
  1
VERİLDİKTEN SONRA ÖLÇÜLERDE PROJEDEN FARKL BOYUTLAR OLMASI DURUMUNDA YERİNDE ÖLÇÜLEN BOYUTLAR GEÇERLİ 
 11
-810396.9603093853
 21
-69156.43874547908
 31
0.0
100
AcDbText
  0
TEXT
  5
F62
330
17
100
AcDbEntity
  8
xref_antet-100$0$NOTYAZILARI
100
AcDbText
 10
-810415.6840263447
 20
-69094.98015557975
 30
0.0
 40
18.01724715948179
  1
18- YENİ ELEMANLARIN İMALATI BİTTİKTEN SONRA YÜKLENİCİ FİRMA ÖLÇÜLERİ KONTROL EDECEKTİR. PROJE SORUMLUSUNA HABER
 11
-810415.6840263447
 21
-69094.98015557975
 31
0.0
100
AcDbText
  0
TEXT
  5
F63
330
17
100
AcDbEntity
  8
xref_antet-100$0$NOTYAZILARI
100
AcDbText
 10
-810397.3250642932
 20
-69221.17316319514
 30
0.0
 40
18.01724715948179
  1
OLARAK ATAŞMANA DAHİL EDİLECEKTİR.
 11
-810397.3250642932
 21
-69221.17316319514
 31
0.0
100
AcDbText
  0
TEXT
  5
F64
330
17
100
AcDbEntity
  8
VM Pafta
100
AcDbText
 10
-810479.6157283102
 20
-70286.29937091284
 30
0.0
 40
37.5
  1
ANAHTAR PLAN
 11
-810479.6157283102
 21
-70286.29937091284
 31
0.0
100
AcDbText
  0
TEXT
  5
F65
330
17
100
AcDbEntity
  8
ANTET1
100
AcDbText
 10
-810051.026324787
 20
-73395.69340974372
 30
0.0
 40
54.12958286219771
  1
TEMEL KALIP  PLANI - 02
 11
-810051.026324787
 21
-73395.69340974372
 31
0.0
100
AcDbText
  0
ENDSEC
  0
SECTION
  2
OBJECTS
  0
DICTIONARY
  5
A
330
0
100
AcDbDictionary
281
1
  3
ACAD_COLOR
350
B
  3
ACAD_GROUP
350
C
  3
ACAD_LAYOUT
350
D
  3
ACAD_MATERIAL
350
E
  3
ACAD_MLEADERSTYLE
350
F
  3
ACAD_MLINESTYLE
350
10
  3
ACAD_PLOTSETTINGS
350
11
  3
ACAD_PLOTSTYLENAME
350
12
  3
ACAD_SCALELIST
350
14
  3
ACAD_TABLESTYLE
350
15
  3
ACAD_VISUALSTYLE
350
16
  3
EZDXF_META
350
2D
  0
DICTIONARY
  5
B
330
A
100
AcDbDictionary
281
1
  0
DICTIONARY
  5
C
330
A
100
AcDbDictionary
281
1
  0
DICTIONARY
  5
D
330
A
100
AcDbDictionary
281
1
  3
Model
350
1A
  3
Layout1
350
1E
  0
DICTIONARY
  5
E
330
A
100
AcDbDictionary
281
1
  3
ByBlock
350
1F
  3
ByLayer
350
20
  3
Global
350
21
  0
DICTIONARY
  5
F
330
A
100
AcDbDictionary
281
1
  3
Standard
350
2C
  0
DICTIONARY
  5
10
330
A
100
AcDbDictionary
281
1
  3
Standard
350
22
  0
DICTIONARY
  5
11
330
A
100
AcDbDictionary
281
1
  0
ACDBDICTIONARYWDFLT
  5
12
330
A
100
AcDbDictionary
281
1
  3
Normal
350
13
100
AcDbDictionaryWithDefault
340
13
  0
ACDBPLACEHOLDER
  5
13
330
12
  0
DICTIONARY
  5
14
330
A
100
AcDbDictionary
281
1
  0
DICTIONARY
  5
15
330
A
100
AcDbDictionary
281
1
  0
DICTIONARY
  5
16
330
A
100
AcDbDictionary
281
1
  0
LAYOUT
  5
1A
330
D
100
AcDbPlotSettings
  1

  4
A3
  6

 40
7.5
 41
20.0
 42
7.5
 43
20.0
 44
420.0
 45
297.0
 46
0.0
 47
0.0
 48
0.0
 49
0.0
140
0.0
141
0.0
142
1.0
143
1.0
 70
1024
 72
1
 73
0
 74
5
  7

 75
16
 76
0
 77
2
 78
300
147
1.0
148
0.0
149
0.0
100
AcDbLayout
  1
Model
 70
1
 71
0
 10
0.0
 20
0.0
 11
420.0
 21
297.0
 12
0.0
 22
0.0
 32
0.0
 14
1e+20
 24
1e+20
 34
1e+20
 15
-1e+20
 25
-1e+20
 35
-1e+20
146
0.0
 13
0.0
 23
0.0
 33
0.0
 16
1.0
 26
0.0
 36
0.0
 17
0.0
 27
1.0
 37
0.0
 76
1
330
17
  0
LAYOUT
  5
1E
330
D
100
AcDbPlotSettings
  1

  4
A3
  6

 40
7.5
 41
20.0
 42
7.5
 43
20.0
 44
420.0
 45
297.0
 46
0.0
 47
0.0
 48
0.0
 49
0.0
140
0.0
141
0.0
142
1.0
143
1.0
 70
0
 72
1
 73
0
 74
5
  7

 75
16
 76
0
 77
2
 78
300
147
1.0
148
0.0
149
0.0
100
AcDbLayout
  1
Layout1
 70
1
 71
1
 10
0.0
 20
0.0
 11
420.0
 21
297.0
 12
0.0
 22
0.0
 32
0.0
 14
1e+20
 24
1e+20
 34
1e+20
 15
-1e+20
 25
-1e+20
 35
-1e+20
146
0.0
 13
0.0
 23
0.0
 33
0.0
 16
1.0
 26
0.0
 36
0.0
 17
0.0
 27
1.0
 37
0.0
 76
1
330
1B
  0
MATERIAL
  5
1F
102
{ACAD_REACTORS
330
E
102
}
330
E
100
AcDbMaterial
  1
ByBlock
  2

 70
0
 40
1.0
 71
1
 41
1.0
 91
-1023410177
 42
1.0
 72
1
  3

 73
1
 74
1
 75
1
 44
0.5
 73
0
 45
1.0
 46
1.0
 77
1
  4

 78
1
 79
1
170
1
 48
1.0
171
1
  6

172
1
173
1
174
1
140
1.0
141
1.0
175
1
  7

176
1
177
1
178
1
143
1.0
179
1
  8

270
1
271
1
272
1
145
1.0
146
1.0
273
1
  9

274
1
275
1
276
1
 42
1.0
 72
1
  3

 73
1
 74
1
 75
1
 94
63
  0
MATERIAL
  5
20
102
{ACAD_REACTORS
330
E
102
}
330
E
100
AcDbMaterial
  1
ByLayer
  2

 70
0
 40
1.0
 71
1
 41
1.0
 91
-1023410177
 42
1.0
 72
1
  3

 73
1
 74
1
 75
1
 44
0.5
 73
0
 45
1.0
 46
1.0
 77
1
  4

 78
1
 79
1
170
1
 48
1.0
171
1
  6

172
1
173
1
174
1
140
1.0
141
1.0
175
1
  7

176
1
177
1
178
1
143
1.0
179
1
  8

270
1
271
1
272
1
145
1.0
146
1.0
273
1
  9

274
1
275
1
276
1
 42
1.0
 72
1
  3

 73
1
 74
1
 75
1
 94
63
  0
MATERIAL
  5
21
102
{ACAD_REACTORS
330
E
102
}
330
E
100
AcDbMaterial
  1
Global
  2

 70
0
 40
1.0
 71
1
 41
1.0
 91
-1023410177
 42
1.0
 72
1
  3

 73
1
 74
1
 75
1
 44
0.5
 73
0
 45
1.0
 46
1.0
 77
1
  4

 78
1
 79
1
170
1
 48
1.0
171
1
  6

172
1
173
1
174
1
140
1.0
141
1.0
175
1
  7

176
1
177
1
178
1
143
1.0
179
1
  8

270
1
271
1
272
1
145
1.0
146
1.0
273
1
  9

274
1
275
1
276
1
 42
1.0
 72
1
  3

 73
1
 74
1
 75
1
 94
63
  0
MLINESTYLE
  5
22
102
{ACAD_REACTORS
330
10
102
}
330
10
100
AcDbMlineStyle
  2
Standard
 70
0
  3

 62
256
 51
90.0
 52
90.0
 71
2
 49
0.5
 62
256
  6
BYLAYER
 49
-0.5
 62
256
  6
BYLAYER
  0
MLEADERSTYLE
  5
2C
102
{ACAD_REACTORS
330
F
102
}
330
F
100
AcDbMLeaderStyle
179
2
170
2
171
1
172
0
 90
2
 40
0.0
 41
0.0
173
1
 91
-1056964608
 92
-2
290
1
 42
2.0
291
1
 43
8.0
  3
Standard
 44
4.0
300

342
29
174
1
175
1
176
0
178
1
 93
-1056964608
 45
4.0
292
0
297
0
 46
4.0
 94
-1056964608
 47
1.0
 49
1.0
140
1.0
294
1
141
0.0
177
0
142
1.0
295
0
296
0
143
3.75
271
0
272
9
273
9
  0
DICTIONARY
  5
2D
330
A
100
AcDbDictionary
280
1
281
1
  3
CREATED_BY_EZDXF
350
2E
  3
WRITTEN_BY_EZDXF
350
F8A
  0
DICTIONARYVAR
  5
2E
330
2D
100
DictionaryVariables
280
0
  1
1.4.4 @ 2026-09-04T20:07:15.051798+00:00
  0
DICTIONARYVAR
  5
F8A
330
2D
100
DictionaryVariables
280
0
  1
1.4.4 @ 2026-09-04T20:07:15.308729+00:00
  0
ENDSEC
  0
EOF
